[0.000000] (-) TimerEvent: {}
[0.000108] (firmware) JobQueued: {'identifier': 'firmware', 'dependencies': OrderedDict()}
[0.000132] (libkdtp) JobQueued: {'identifier': 'libkdtp', 'dependencies': OrderedDict()}
[0.000145] (maneuver) JobQueued: {'identifier': 'maneuver', 'dependencies': OrderedDict({'libkdtp': '/ros_ws/src/install/libkdtp'})}
[0.000164] (controller) JobQueued: {'identifier': 'controller', 'dependencies': OrderedDict({'libkdtp': '/ros_ws/src/install/libkdtp', 'maneuver': '/ros_ws/src/install/maneuver'})}
[0.000178] (uav_simulator) JobQueued: {'identifier': 'uav_simulator', 'dependencies': OrderedDict({'libkdtp': '/ros_ws/src/install/libkdtp', 'maneuver': '/ros_ws/src/install/maneuver'})}
[0.000202] (libkdtp) JobStarted: {'identifier': 'libkdtp'}
[0.004782] (firmware) JobStarted: {'identifier': 'firmware'}
[0.008087] (libkdtp) JobProgress: {'identifier': 'libkdtp', 'progress': 'cmake'}
[0.008365] (libkdtp) JobProgress: {'identifier': 'libkdtp', 'progress': 'build'}
[0.008677] (libkdtp) Command: {'cmd': ['/usr/bin/cmake', '--build', '/ros_ws/src/build/libkdtp', '--', '-j16', '-l16'], 'cwd': '/ros_ws/src/build/libkdtp', 'env': OrderedDict({'HOSTNAME': 'ADUAED19005LPLX', 'SHLVL': '1', 'LD_LIBRARY_PATH': '/ros_ws/src/install/uav_simulator/lib:/ros_ws/src/install/controller/lib:/ros_ws/src/install/maneuver/lib:/ros_ws/src/install/libkdtp/lib:/ros_ws/install/uav_simulator/lib:/ros_ws/install/my_ros2_package/lib:/ros_ws/install/controller/lib:/ros_ws/install/maneuver/lib:/ros_ws/install/libkdtp/lib:/opt/ros/jazzy/opt/rviz_ogre_vendor/lib:/opt/ros/jazzy/lib/x86_64-linux-gnu:/opt/ros/jazzy/opt/gz_math_vendor/lib:/opt/ros/jazzy/opt/gz_utils_vendor/lib:/opt/ros/jazzy/opt/gz_cmake_vendor/lib:/opt/ros/jazzy/lib', 'HOME': '/root', 'OLDPWD': '/ros_ws/src/firmware/launch', 'ROS_PYTHON_VERSION': '3', 'COLCON_PREFIX_PATH': '/ros_ws/src/install:/ros_ws/install', 'ROS_DISTRO': 'jazzy', '_': '/usr/bin/colcon', 'ROS_VERSION': '2', 'TERM': 'xterm', 'PATH': '/opt/ros/jazzy/bin:/usr/local/sbin:/usr/local/bin:/usr/sbin:/usr/bin:/sbin:/bin', 'LANG': 'C.UTF-8', 'LS_COLORS': 'rs=0:di=01;34:ln=01;36:mh=00:pi=40;33:so=01;35:do=01;35:bd=40;33;01:cd=40;33;01:or=40;31;01:mi=00:su=37;41:sg=30;43:ca=00:tw=30;42:ow=34;42:st=37;44:ex=01;32:*.tar=01;31:*.tgz=01;31:*.arc=01;31:*.arj=01;31:*.taz=01;31:*.lha=01;31:*.lz4=01;31:*.lzh=01;31:*.lzma=01;31:*.tlz=01;31:*.txz=01;31:*.tzo=01;31:*.t7z=01;31:*.zip=01;31:*.z=01;31:*.dz=01;31:*.gz=01;31:*.lrz=01;31:*.lz=01;31:*.lzo=01;31:*.xz=01;31:*.zst=01;31:*.tzst=01;31:*.bz2=01;31:*.bz=01;31:*.tbz=01;31:*.tbz2=01;31:*.tz=01;31:*.deb=01;31:*.rpm=01;31:*.jar=01;31:*.war=01;31:*.ear=01;31:*.sar=01;31:*.rar=01;31:*.alz=01;31:*.ace=01;31:*.zoo=01;31:*.cpio=01;31:*.7z=01;31:*.rz=01;31:*.cab=01;31:*.wim=01;31:*.swm=01;31:*.dwm=01;31:*.esd=01;31:*.avif=01;35:*.jpg=01;35:*.jpeg=01;35:*.mjpg=01;35:*.mjpeg=01;35:*.gif=01;35:*.bmp=01;35:*.pbm=01;35:*.pgm=01;35:*.ppm=01;35:*.tga=01;35:*.xbm=01;35:*.xpm=01;35:*.tif=01;35:*.tiff=01;35:*.png=01;35:*.svg=01;35:*.svgz=01;35:*.mng=01;35:*.pcx=01;35:*.mov=01;35:*.mpg=01;35:*.mpeg=01;35:*.m2v=01;35:*.mkv=01;35:*.webm=01;35:*.webp=01;35:*.ogm=01;35:*.mp4=01;35:*.m4v=01;35:*.mp4v=01;35:*.vob=01;35:*.qt=01;35:*.nuv=01;35:*.wmv=01;35:*.asf=01;35:*.rm=01;35:*.rmvb=01;35:*.flc=01;35:*.avi=01;35:*.fli=01;35:*.flv=01;35:*.gl=01;35:*.dl=01;35:*.xcf=01;35:*.xwd=01;35:*.yuv=01;35:*.cgm=01;35:*.emf=01;35:*.ogv=01;35:*.ogx=01;35:*.aac=00;36:*.au=00;36:*.flac=00;36:*.m4a=00;36:*.mid=00;36:*.midi=00;36:*.mka=00;36:*.mp3=00;36:*.mpc=00;36:*.ogg=00;36:*.ra=00;36:*.wav=00;36:*.oga=00;36:*.opus=00;36:*.spx=00;36:*.xspf=00;36:*~=00;90:*#=00;90:*.bak=00;90:*.crdownload=00;90:*.dpkg-dist=00;90:*.dpkg-new=00;90:*.dpkg-old=00;90:*.dpkg-tmp=00;90:*.old=00;90:*.orig=00;90:*.part=00;90:*.rej=00;90:*.rpmnew=00;90:*.rpmorig=00;90:*.rpmsave=00;90:*.swp=00;90:*.tmp=00;90:*.ucf-dist=00;90:*.ucf-new=00;90:*.ucf-old=00;90:', 'AMENT_PREFIX_PATH': '/ros_ws/src/install/uav_simulator:/ros_ws/src/install/controller:/ros_ws/src/install/maneuver:/ros_ws/src/install/libkdtp:/ros_ws/src/install/firmware:/ros_ws/install/firmware:/ros_ws/install/uav_simulator:/ros_ws/install/my_ros2_package:/ros_ws/install/controller:/ros_ws/install/maneuver:/ros_ws/install/libkdtp:/opt/ros/jazzy', 'DEBIAN_FRONTEND': 'noninteractive', 'ROS_AUTOMATIC_DISCOVERY_RANGE': 'SUBNET', 'PWD': '/ros_ws/src/build/libkdtp', 'LC_ALL': 'C.UTF-8', 'PYTHONPATH': '/ros_ws/src/install/controller/lib/python3.12/site-packages:/ros_ws/src/install/maneuver/lib/python3.12/site-packages:/ros_ws/install/my_ros2_package/lib/python3.12/site-packages:/ros_ws/install/controller/lib/python3.12/site-packages:/ros_ws/install/maneuver/lib/python3.12/site-packages:/opt/ros/jazzy/lib/python3.12/site-packages', 'COLCON': '1', 'CMAKE_PREFIX_PATH': '/ros_ws/src/install/uav_simulator:/ros_ws/src/install/controller:/ros_ws/src/install/maneuver:/ros_ws/src/install/libkdtp:/ros_ws/src/install/firmware:/ros_ws/install/firmware:/ros_ws/install/uav_simulator:/ros_ws/install/my_ros2_package:/ros_ws/install/controller:/ros_ws/install/maneuver:/ros_ws/install/libkdtp:/opt/ros/jazzy/opt/gz_math_vendor:/opt/ros/jazzy/opt/gz_utils_vendor:/opt/ros/jazzy/opt/gz_cmake_vendor:/opt/ros/jazzy'}), 'shell': False}
[0.010600] (firmware) JobProgress: {'identifier': 'firmware', 'progress': 'cmake'}
[0.010893] (firmware) JobProgress: {'identifier': 'firmware', 'progress': 'build'}
[0.011088] (firmware) Command: {'cmd': ['/usr/bin/cmake', '--build', '/ros_ws/src/build/firmware', '--', '-j16', '-l16'], 'cwd': '/ros_ws/src/build/firmware', 'env': OrderedDict({'HOSTNAME': 'ADUAED19005LPLX', 'SHLVL': '1', 'LD_LIBRARY_PATH': '/ros_ws/src/install/uav_simulator/lib:/ros_ws/src/install/controller/lib:/ros_ws/src/install/maneuver/lib:/ros_ws/src/install/libkdtp/lib:/ros_ws/install/uav_simulator/lib:/ros_ws/install/my_ros2_package/lib:/ros_ws/install/controller/lib:/ros_ws/install/maneuver/lib:/ros_ws/install/libkdtp/lib:/opt/ros/jazzy/opt/rviz_ogre_vendor/lib:/opt/ros/jazzy/lib/x86_64-linux-gnu:/opt/ros/jazzy/opt/gz_math_vendor/lib:/opt/ros/jazzy/opt/gz_utils_vendor/lib:/opt/ros/jazzy/opt/gz_cmake_vendor/lib:/opt/ros/jazzy/lib', 'HOME': '/root', 'OLDPWD': '/ros_ws/src/firmware/launch', 'ROS_PYTHON_VERSION': '3', 'COLCON_PREFIX_PATH': '/ros_ws/src/install:/ros_ws/install', 'ROS_DISTRO': 'jazzy', '_': '/usr/bin/colcon', 'ROS_VERSION': '2', 'TERM': 'xterm', 'PATH': '/opt/ros/jazzy/bin:/usr/local/sbin:/usr/local/bin:/usr/sbin:/usr/bin:/sbin:/bin', 'LANG': 'C.UTF-8', 'LS_COLORS': 'rs=0:di=01;34:ln=01;36:mh=00:pi=40;33:so=01;35:do=01;35:bd=40;33;01:cd=40;33;01:or=40;31;01:mi=00:su=37;41:sg=30;43:ca=00:tw=30;42:ow=34;42:st=37;44:ex=01;32:*.tar=01;31:*.tgz=01;31:*.arc=01;31:*.arj=01;31:*.taz=01;31:*.lha=01;31:*.lz4=01;31:*.lzh=01;31:*.lzma=01;31:*.tlz=01;31:*.txz=01;31:*.tzo=01;31:*.t7z=01;31:*.zip=01;31:*.z=01;31:*.dz=01;31:*.gz=01;31:*.lrz=01;31:*.lz=01;31:*.lzo=01;31:*.xz=01;31:*.zst=01;31:*.tzst=01;31:*.bz2=01;31:*.bz=01;31:*.tbz=01;31:*.tbz2=01;31:*.tz=01;31:*.deb=01;31:*.rpm=01;31:*.jar=01;31:*.war=01;31:*.ear=01;31:*.sar=01;31:*.rar=01;31:*.alz=01;31:*.ace=01;31:*.zoo=01;31:*.cpio=01;31:*.7z=01;31:*.rz=01;31:*.cab=01;31:*.wim=01;31:*.swm=01;31:*.dwm=01;31:*.esd=01;31:*.avif=01;35:*.jpg=01;35:*.jpeg=01;35:*.mjpg=01;35:*.mjpeg=01;35:*.gif=01;35:*.bmp=01;35:*.pbm=01;35:*.pgm=01;35:*.ppm=01;35:*.tga=01;35:*.xbm=01;35:*.xpm=01;35:*.tif=01;35:*.tiff=01;35:*.png=01;35:*.svg=01;35:*.svgz=01;35:*.mng=01;35:*.pcx=01;35:*.mov=01;35:*.mpg=01;35:*.mpeg=01;35:*.m2v=01;35:*.mkv=01;35:*.webm=01;35:*.webp=01;35:*.ogm=01;35:*.mp4=01;35:*.m4v=01;35:*.mp4v=01;35:*.vob=01;35:*.qt=01;35:*.nuv=01;35:*.wmv=01;35:*.asf=01;35:*.rm=01;35:*.rmvb=01;35:*.flc=01;35:*.avi=01;35:*.fli=01;35:*.flv=01;35:*.gl=01;35:*.dl=01;35:*.xcf=01;35:*.xwd=01;35:*.yuv=01;35:*.cgm=01;35:*.emf=01;35:*.ogv=01;35:*.ogx=01;35:*.aac=00;36:*.au=00;36:*.flac=00;36:*.m4a=00;36:*.mid=00;36:*.midi=00;36:*.mka=00;36:*.mp3=00;36:*.mpc=00;36:*.ogg=00;36:*.ra=00;36:*.wav=00;36:*.oga=00;36:*.opus=00;36:*.spx=00;36:*.xspf=00;36:*~=00;90:*#=00;90:*.bak=00;90:*.crdownload=00;90:*.dpkg-dist=00;90:*.dpkg-new=00;90:*.dpkg-old=00;90:*.dpkg-tmp=00;90:*.old=00;90:*.orig=00;90:*.part=00;90:*.rej=00;90:*.rpmnew=00;90:*.rpmorig=00;90:*.rpmsave=00;90:*.swp=00;90:*.tmp=00;90:*.ucf-dist=00;90:*.ucf-new=00;90:*.ucf-old=00;90:', 'AMENT_PREFIX_PATH': '/ros_ws/src/install/uav_simulator:/ros_ws/src/install/controller:/ros_ws/src/install/maneuver:/ros_ws/src/install/libkdtp:/ros_ws/src/install/firmware:/ros_ws/install/firmware:/ros_ws/install/uav_simulator:/ros_ws/install/my_ros2_package:/ros_ws/install/controller:/ros_ws/install/maneuver:/ros_ws/install/libkdtp:/opt/ros/jazzy', 'DEBIAN_FRONTEND': 'noninteractive', 'ROS_AUTOMATIC_DISCOVERY_RANGE': 'SUBNET', 'PWD': '/ros_ws/src/build/firmware', 'LC_ALL': 'C.UTF-8', 'PYTHONPATH': '/ros_ws/src/install/controller/lib/python3.12/site-packages:/ros_ws/src/install/maneuver/lib/python3.12/site-packages:/ros_ws/install/my_ros2_package/lib/python3.12/site-packages:/ros_ws/install/controller/lib/python3.12/site-packages:/ros_ws/install/maneuver/lib/python3.12/site-packages:/opt/ros/jazzy/lib/python3.12/site-packages', 'COLCON': '1', 'CMAKE_PREFIX_PATH': '/ros_ws/src/install/uav_simulator:/ros_ws/src/install/controller:/ros_ws/src/install/maneuver:/ros_ws/src/install/libkdtp:/ros_ws/src/install/firmware:/ros_ws/install/firmware:/ros_ws/install/uav_simulator:/ros_ws/install/my_ros2_package:/ros_ws/install/controller:/ros_ws/install/maneuver:/ros_ws/install/libkdtp:/opt/ros/jazzy/opt/gz_math_vendor:/opt/ros/jazzy/opt/gz_utils_vendor:/opt/ros/jazzy/opt/gz_cmake_vendor:/opt/ros/jazzy'}), 'shell': False}
[0.034289] (firmware) CommandEnded: {'returncode': 0}
[0.034779] (firmware) JobProgress: {'identifier': 'firmware', 'progress': 'install'}
[0.039792] (firmware) Command: {'cmd': ['/usr/bin/cmake', '--install', '/ros_ws/src/build/firmware'], 'cwd': '/ros_ws/src/build/firmware', 'env': OrderedDict({'HOSTNAME': 'ADUAED19005LPLX', 'SHLVL': '1', 'LD_LIBRARY_PATH': '/ros_ws/src/install/uav_simulator/lib:/ros_ws/src/install/controller/lib:/ros_ws/src/install/maneuver/lib:/ros_ws/src/install/libkdtp/lib:/ros_ws/install/uav_simulator/lib:/ros_ws/install/my_ros2_package/lib:/ros_ws/install/controller/lib:/ros_ws/install/maneuver/lib:/ros_ws/install/libkdtp/lib:/opt/ros/jazzy/opt/rviz_ogre_vendor/lib:/opt/ros/jazzy/lib/x86_64-linux-gnu:/opt/ros/jazzy/opt/gz_math_vendor/lib:/opt/ros/jazzy/opt/gz_utils_vendor/lib:/opt/ros/jazzy/opt/gz_cmake_vendor/lib:/opt/ros/jazzy/lib', 'HOME': '/root', 'OLDPWD': '/ros_ws/src/firmware/launch', 'ROS_PYTHON_VERSION': '3', 'COLCON_PREFIX_PATH': '/ros_ws/src/install:/ros_ws/install', 'ROS_DISTRO': 'jazzy', '_': '/usr/bin/colcon', 'ROS_VERSION': '2', 'TERM': 'xterm', 'PATH': '/opt/ros/jazzy/bin:/usr/local/sbin:/usr/local/bin:/usr/sbin:/usr/bin:/sbin:/bin', 'LANG': 'C.UTF-8', 'LS_COLORS': 'rs=0:di=01;34:ln=01;36:mh=00:pi=40;33:so=01;35:do=01;35:bd=40;33;01:cd=40;33;01:or=40;31;01:mi=00:su=37;41:sg=30;43:ca=00:tw=30;42:ow=34;42:st=37;44:ex=01;32:*.tar=01;31:*.tgz=01;31:*.arc=01;31:*.arj=01;31:*.taz=01;31:*.lha=01;31:*.lz4=01;31:*.lzh=01;31:*.lzma=01;31:*.tlz=01;31:*.txz=01;31:*.tzo=01;31:*.t7z=01;31:*.zip=01;31:*.z=01;31:*.dz=01;31:*.gz=01;31:*.lrz=01;31:*.lz=01;31:*.lzo=01;31:*.xz=01;31:*.zst=01;31:*.tzst=01;31:*.bz2=01;31:*.bz=01;31:*.tbz=01;31:*.tbz2=01;31:*.tz=01;31:*.deb=01;31:*.rpm=01;31:*.jar=01;31:*.war=01;31:*.ear=01;31:*.sar=01;31:*.rar=01;31:*.alz=01;31:*.ace=01;31:*.zoo=01;31:*.cpio=01;31:*.7z=01;31:*.rz=01;31:*.cab=01;31:*.wim=01;31:*.swm=01;31:*.dwm=01;31:*.esd=01;31:*.avif=01;35:*.jpg=01;35:*.jpeg=01;35:*.mjpg=01;35:*.mjpeg=01;35:*.gif=01;35:*.bmp=01;35:*.pbm=01;35:*.pgm=01;35:*.ppm=01;35:*.tga=01;35:*.xbm=01;35:*.xpm=01;35:*.tif=01;35:*.tiff=01;35:*.png=01;35:*.svg=01;35:*.svgz=01;35:*.mng=01;35:*.pcx=01;35:*.mov=01;35:*.mpg=01;35:*.mpeg=01;35:*.m2v=01;35:*.mkv=01;35:*.webm=01;35:*.webp=01;35:*.ogm=01;35:*.mp4=01;35:*.m4v=01;35:*.mp4v=01;35:*.vob=01;35:*.qt=01;35:*.nuv=01;35:*.wmv=01;35:*.asf=01;35:*.rm=01;35:*.rmvb=01;35:*.flc=01;35:*.avi=01;35:*.fli=01;35:*.flv=01;35:*.gl=01;35:*.dl=01;35:*.xcf=01;35:*.xwd=01;35:*.yuv=01;35:*.cgm=01;35:*.emf=01;35:*.ogv=01;35:*.ogx=01;35:*.aac=00;36:*.au=00;36:*.flac=00;36:*.m4a=00;36:*.mid=00;36:*.midi=00;36:*.mka=00;36:*.mp3=00;36:*.mpc=00;36:*.ogg=00;36:*.ra=00;36:*.wav=00;36:*.oga=00;36:*.opus=00;36:*.spx=00;36:*.xspf=00;36:*~=00;90:*#=00;90:*.bak=00;90:*.crdownload=00;90:*.dpkg-dist=00;90:*.dpkg-new=00;90:*.dpkg-old=00;90:*.dpkg-tmp=00;90:*.old=00;90:*.orig=00;90:*.part=00;90:*.rej=00;90:*.rpmnew=00;90:*.rpmorig=00;90:*.rpmsave=00;90:*.swp=00;90:*.tmp=00;90:*.ucf-dist=00;90:*.ucf-new=00;90:*.ucf-old=00;90:', 'AMENT_PREFIX_PATH': '/ros_ws/src/install/uav_simulator:/ros_ws/src/install/controller:/ros_ws/src/install/maneuver:/ros_ws/src/install/libkdtp:/ros_ws/src/install/firmware:/ros_ws/install/firmware:/ros_ws/install/uav_simulator:/ros_ws/install/my_ros2_package:/ros_ws/install/controller:/ros_ws/install/maneuver:/ros_ws/install/libkdtp:/opt/ros/jazzy', 'DEBIAN_FRONTEND': 'noninteractive', 'ROS_AUTOMATIC_DISCOVERY_RANGE': 'SUBNET', 'PWD': '/ros_ws/src/build/firmware', 'LC_ALL': 'C.UTF-8', 'PYTHONPATH': '/ros_ws/src/install/controller/lib/python3.12/site-packages:/ros_ws/src/install/maneuver/lib/python3.12/site-packages:/ros_ws/install/my_ros2_package/lib/python3.12/site-packages:/ros_ws/install/controller/lib/python3.12/site-packages:/ros_ws/install/maneuver/lib/python3.12/site-packages:/opt/ros/jazzy/lib/python3.12/site-packages', 'COLCON': '1', 'CMAKE_PREFIX_PATH': '/ros_ws/src/install/uav_simulator:/ros_ws/src/install/controller:/ros_ws/src/install/maneuver:/ros_ws/src/install/libkdtp:/ros_ws/src/install/firmware:/ros_ws/install/firmware:/ros_ws/install/uav_simulator:/ros_ws/install/my_ros2_package:/ros_ws/install/controller:/ros_ws/install/maneuver:/ros_ws/install/libkdtp:/opt/ros/jazzy/opt/gz_math_vendor:/opt/ros/jazzy/opt/gz_utils_vendor:/opt/ros/jazzy/opt/gz_cmake_vendor:/opt/ros/jazzy'}), 'shell': False}
[0.040336] (libkdtp) StdoutLine: {'line': b'[100%] Built target libkdtp\n'}
[0.043953] (firmware) StdoutLine: {'line': b'-- Install configuration: ""\n'}
[0.044043] (firmware) StdoutLine: {'line': b'-- Up-to-date: /ros_ws/src/install/firmware/share/firmware//launch\n'}
[0.044108] (firmware) StdoutLine: {'line': b'-- Installing: /ros_ws/src/install/firmware/share/firmware//launch/simulate.launch.py\n'}
[0.044156] (firmware) StdoutLine: {'line': b'-- Up-to-date: /ros_ws/src/install/firmware/share/ament_index/resource_index/package_run_dependencies/firmware\n'}
[0.044226] (firmware) StdoutLine: {'line': b'-- Up-to-date: /ros_ws/src/install/firmware/share/ament_index/resource_index/parent_prefix_path/firmware\n'}
[0.044276] (firmware) StdoutLine: {'line': b'-- Up-to-date: /ros_ws/src/install/firmware/share/firmware/environment/ament_prefix_path.sh\n'}
[0.044321] (firmware) StdoutLine: {'line': b'-- Up-to-date: /ros_ws/src/install/firmware/share/firmware/environment/ament_prefix_path.dsv\n'}
[0.044377] (firmware) StdoutLine: {'line': b'-- Up-to-date: /ros_ws/src/install/firmware/share/firmware/environment/path.sh\n'}
[0.044425] (firmware) StdoutLine: {'line': b'-- Up-to-date: /ros_ws/src/install/firmware/share/firmware/environment/path.dsv\n'}
[0.044469] (firmware) StdoutLine: {'line': b'-- Up-to-date: /ros_ws/src/install/firmware/share/firmware/local_setup.bash\n'}
[0.044517] (firmware) StdoutLine: {'line': b'-- Up-to-date: /ros_ws/src/install/firmware/share/firmware/local_setup.sh\n'}
[0.044559] (firmware) StdoutLine: {'line': b'-- Up-to-date: /ros_ws/src/install/firmware/share/firmware/local_setup.zsh\n'}
[0.044600] (firmware) StdoutLine: {'line': b'-- Up-to-date: /ros_ws/src/install/firmware/share/firmware/local_setup.dsv\n'}
[0.044641] (firmware) StdoutLine: {'line': b'-- Installing: /ros_ws/src/install/firmware/share/firmware/package.dsv\n'}
[0.044681] (firmware) StdoutLine: {'line': b'-- Up-to-date: /ros_ws/src/install/firmware/share/ament_index/resource_index/packages/firmware\n'}
[0.044722] (firmware) StdoutLine: {'line': b'-- Up-to-date: /ros_ws/src/install/firmware/share/firmware/cmake/firmwareConfig.cmake\n'}
[0.044764] (firmware) StdoutLine: {'line': b'-- Up-to-date: /ros_ws/src/install/firmware/share/firmware/cmake/firmwareConfig-version.cmake\n'}
[0.044806] (firmware) StdoutLine: {'line': b'-- Up-to-date: /ros_ws/src/install/firmware/share/firmware/package.xml\n'}
[0.045182] (firmware) CommandEnded: {'returncode': 0}
[0.056478] (firmware) JobEnded: {'identifier': 'firmware', 'rc': 0}
[0.056908] (libkdtp) CommandEnded: {'returncode': 0}
[0.057158] (libkdtp) JobProgress: {'identifier': 'libkdtp', 'progress': 'install'}
[0.057455] (libkdtp) Command: {'cmd': ['/usr/bin/cmake', '--install', '/ros_ws/src/build/libkdtp'], 'cwd': '/ros_ws/src/build/libkdtp', 'env': OrderedDict({'HOSTNAME': 'ADUAED19005LPLX', 'SHLVL': '1', 'LD_LIBRARY_PATH': '/ros_ws/src/install/uav_simulator/lib:/ros_ws/src/install/controller/lib:/ros_ws/src/install/maneuver/lib:/ros_ws/src/install/libkdtp/lib:/ros_ws/install/uav_simulator/lib:/ros_ws/install/my_ros2_package/lib:/ros_ws/install/controller/lib:/ros_ws/install/maneuver/lib:/ros_ws/install/libkdtp/lib:/opt/ros/jazzy/opt/rviz_ogre_vendor/lib:/opt/ros/jazzy/lib/x86_64-linux-gnu:/opt/ros/jazzy/opt/gz_math_vendor/lib:/opt/ros/jazzy/opt/gz_utils_vendor/lib:/opt/ros/jazzy/opt/gz_cmake_vendor/lib:/opt/ros/jazzy/lib', 'HOME': '/root', 'OLDPWD': '/ros_ws/src/firmware/launch', 'ROS_PYTHON_VERSION': '3', 'COLCON_PREFIX_PATH': '/ros_ws/src/install:/ros_ws/install', 'ROS_DISTRO': 'jazzy', '_': '/usr/bin/colcon', 'ROS_VERSION': '2', 'TERM': 'xterm', 'PATH': '/opt/ros/jazzy/bin:/usr/local/sbin:/usr/local/bin:/usr/sbin:/usr/bin:/sbin:/bin', 'LANG': 'C.UTF-8', 'LS_COLORS': 'rs=0:di=01;34:ln=01;36:mh=00:pi=40;33:so=01;35:do=01;35:bd=40;33;01:cd=40;33;01:or=40;31;01:mi=00:su=37;41:sg=30;43:ca=00:tw=30;42:ow=34;42:st=37;44:ex=01;32:*.tar=01;31:*.tgz=01;31:*.arc=01;31:*.arj=01;31:*.taz=01;31:*.lha=01;31:*.lz4=01;31:*.lzh=01;31:*.lzma=01;31:*.tlz=01;31:*.txz=01;31:*.tzo=01;31:*.t7z=01;31:*.zip=01;31:*.z=01;31:*.dz=01;31:*.gz=01;31:*.lrz=01;31:*.lz=01;31:*.lzo=01;31:*.xz=01;31:*.zst=01;31:*.tzst=01;31:*.bz2=01;31:*.bz=01;31:*.tbz=01;31:*.tbz2=01;31:*.tz=01;31:*.deb=01;31:*.rpm=01;31:*.jar=01;31:*.war=01;31:*.ear=01;31:*.sar=01;31:*.rar=01;31:*.alz=01;31:*.ace=01;31:*.zoo=01;31:*.cpio=01;31:*.7z=01;31:*.rz=01;31:*.cab=01;31:*.wim=01;31:*.swm=01;31:*.dwm=01;31:*.esd=01;31:*.avif=01;35:*.jpg=01;35:*.jpeg=01;35:*.mjpg=01;35:*.mjpeg=01;35:*.gif=01;35:*.bmp=01;35:*.pbm=01;35:*.pgm=01;35:*.ppm=01;35:*.tga=01;35:*.xbm=01;35:*.xpm=01;35:*.tif=01;35:*.tiff=01;35:*.png=01;35:*.svg=01;35:*.svgz=01;35:*.mng=01;35:*.pcx=01;35:*.mov=01;35:*.mpg=01;35:*.mpeg=01;35:*.m2v=01;35:*.mkv=01;35:*.webm=01;35:*.webp=01;35:*.ogm=01;35:*.mp4=01;35:*.m4v=01;35:*.mp4v=01;35:*.vob=01;35:*.qt=01;35:*.nuv=01;35:*.wmv=01;35:*.asf=01;35:*.rm=01;35:*.rmvb=01;35:*.flc=01;35:*.avi=01;35:*.fli=01;35:*.flv=01;35:*.gl=01;35:*.dl=01;35:*.xcf=01;35:*.xwd=01;35:*.yuv=01;35:*.cgm=01;35:*.emf=01;35:*.ogv=01;35:*.ogx=01;35:*.aac=00;36:*.au=00;36:*.flac=00;36:*.m4a=00;36:*.mid=00;36:*.midi=00;36:*.mka=00;36:*.mp3=00;36:*.mpc=00;36:*.ogg=00;36:*.ra=00;36:*.wav=00;36:*.oga=00;36:*.opus=00;36:*.spx=00;36:*.xspf=00;36:*~=00;90:*#=00;90:*.bak=00;90:*.crdownload=00;90:*.dpkg-dist=00;90:*.dpkg-new=00;90:*.dpkg-old=00;90:*.dpkg-tmp=00;90:*.old=00;90:*.orig=00;90:*.part=00;90:*.rej=00;90:*.rpmnew=00;90:*.rpmorig=00;90:*.rpmsave=00;90:*.swp=00;90:*.tmp=00;90:*.ucf-dist=00;90:*.ucf-new=00;90:*.ucf-old=00;90:', 'AMENT_PREFIX_PATH': '/ros_ws/src/install/uav_simulator:/ros_ws/src/install/controller:/ros_ws/src/install/maneuver:/ros_ws/src/install/libkdtp:/ros_ws/src/install/firmware:/ros_ws/install/firmware:/ros_ws/install/uav_simulator:/ros_ws/install/my_ros2_package:/ros_ws/install/controller:/ros_ws/install/maneuver:/ros_ws/install/libkdtp:/opt/ros/jazzy', 'DEBIAN_FRONTEND': 'noninteractive', 'ROS_AUTOMATIC_DISCOVERY_RANGE': 'SUBNET', 'PWD': '/ros_ws/src/build/libkdtp', 'LC_ALL': 'C.UTF-8', 'PYTHONPATH': '/ros_ws/src/install/controller/lib/python3.12/site-packages:/ros_ws/src/install/maneuver/lib/python3.12/site-packages:/ros_ws/install/my_ros2_package/lib/python3.12/site-packages:/ros_ws/install/controller/lib/python3.12/site-packages:/ros_ws/install/maneuver/lib/python3.12/site-packages:/opt/ros/jazzy/lib/python3.12/site-packages', 'COLCON': '1', 'CMAKE_PREFIX_PATH': '/ros_ws/src/install/uav_simulator:/ros_ws/src/install/controller:/ros_ws/src/install/maneuver:/ros_ws/src/install/libkdtp:/ros_ws/src/install/firmware:/ros_ws/install/firmware:/ros_ws/install/uav_simulator:/ros_ws/install/my_ros2_package:/ros_ws/install/controller:/ros_ws/install/maneuver:/ros_ws/install/libkdtp:/opt/ros/jazzy/opt/gz_math_vendor:/opt/ros/jazzy/opt/gz_utils_vendor:/opt/ros/jazzy/opt/gz_cmake_vendor:/opt/ros/jazzy'}), 'shell': False}
[0.063557] (libkdtp) StdoutLine: {'line': b'-- Install configuration: ""\n'}
[0.063696] (libkdtp) StdoutLine: {'line': b'-- Up-to-date: /ros_ws/src/install/libkdtp/share/libkdtp/environment/library_path.sh\n'}
[0.063769] (libkdtp) StdoutLine: {'line': b'-- Up-to-date: /ros_ws/src/install/libkdtp/share/libkdtp/environment/library_path.dsv\n'}
[0.063817] (libkdtp) StdoutLine: {'line': b'-- Up-to-date: /ros_ws/src/install/libkdtp/include/libkdtp/libkdtp\n'}
[0.063865] (libkdtp) StdoutLine: {'line': b'-- Up-to-date: /ros_ws/src/install/libkdtp/include/libkdtp/libkdtp/kdtp.h\n'}
[0.063911] (libkdtp) StdoutLine: {'line': b'-- Up-to-date: /ros_ws/src/install/libkdtp/include/libkdtp/libkdtp/libkdtp.h\n'}
[0.063980] (libkdtp) StdoutLine: {'line': b'-- Up-to-date: /ros_ws/src/install/libkdtp/lib/liblibkdtp.so\n'}
[0.064042] (libkdtp) StdoutLine: {'line': b'-- Up-to-date: /ros_ws/src/install/libkdtp/share/ament_index/resource_index/package_run_dependencies/libkdtp\n'}
[0.064108] (libkdtp) StdoutLine: {'line': b'-- Up-to-date: /ros_ws/src/install/libkdtp/share/ament_index/resource_index/parent_prefix_path/libkdtp\n'}
[0.064156] (libkdtp) StdoutLine: {'line': b'-- Up-to-date: /ros_ws/src/install/libkdtp/share/libkdtp/environment/ament_prefix_path.sh\n'}
[0.064203] (libkdtp) StdoutLine: {'line': b'-- Up-to-date: /ros_ws/src/install/libkdtp/share/libkdtp/environment/ament_prefix_path.dsv\n'}
[0.064247] (libkdtp) StdoutLine: {'line': b'-- Up-to-date: /ros_ws/src/install/libkdtp/share/libkdtp/environment/path.sh\n'}
[0.064293] (libkdtp) StdoutLine: {'line': b'-- Up-to-date: /ros_ws/src/install/libkdtp/share/libkdtp/environment/path.dsv\n'}
[0.064358] (libkdtp) StdoutLine: {'line': b'-- Up-to-date: /ros_ws/src/install/libkdtp/share/libkdtp/local_setup.bash\n'}
[0.064413] (libkdtp) StdoutLine: {'line': b'-- Up-to-date: /ros_ws/src/install/libkdtp/share/libkdtp/local_setup.sh\n'}
[0.064457] (libkdtp) StdoutLine: {'line': b'-- Up-to-date: /ros_ws/src/install/libkdtp/share/libkdtp/local_setup.zsh\n'}
[0.064500] (libkdtp) StdoutLine: {'line': b'-- Up-to-date: /ros_ws/src/install/libkdtp/share/libkdtp/local_setup.dsv\n'}
[0.064543] (libkdtp) StdoutLine: {'line': b'-- Installing: /ros_ws/src/install/libkdtp/share/libkdtp/package.dsv\n'}
[0.064587] (libkdtp) StdoutLine: {'line': b'-- Up-to-date: /ros_ws/src/install/libkdtp/share/ament_index/resource_index/packages/libkdtp\n'}
[0.064630] (libkdtp) StdoutLine: {'line': b'-- Up-to-date: /ros_ws/src/install/libkdtp/share/libkdtp/cmake/export_libkdtpExport.cmake\n'}
[0.064673] (libkdtp) StdoutLine: {'line': b'-- Up-to-date: /ros_ws/src/install/libkdtp/share/libkdtp/cmake/export_libkdtpExport-noconfig.cmake\n'}
[0.064715] (libkdtp) StdoutLine: {'line': b'-- Up-to-date: /ros_ws/src/install/libkdtp/share/libkdtp/cmake/ament_cmake_export_include_directories-extras.cmake\n'}
[0.064765] (libkdtp) StdoutLine: {'line': b'-- Up-to-date: /ros_ws/src/install/libkdtp/share/libkdtp/cmake/ament_cmake_export_targets-extras.cmake\n'}
[0.064835] (libkdtp) StdoutLine: {'line': b'-- Up-to-date: /ros_ws/src/install/libkdtp/share/libkdtp/cmake/ament_cmake_export_libraries-extras.cmake\n'}
[0.064881] (libkdtp) StdoutLine: {'line': b'-- Up-to-date: /ros_ws/src/install/libkdtp/share/libkdtp/cmake/libkdtpConfig.cmake\n'}
[0.064927] (libkdtp) StdoutLine: {'line': b'-- Up-to-date: /ros_ws/src/install/libkdtp/share/libkdtp/cmake/libkdtpConfig-version.cmake\n'}
[0.064974] (libkdtp) StdoutLine: {'line': b'-- Up-to-date: /ros_ws/src/install/libkdtp/share/libkdtp/package.xml\n'}
[0.065511] (libkdtp) CommandEnded: {'returncode': 0}
[0.073828] (libkdtp) JobEnded: {'identifier': 'libkdtp', 'rc': 0}
[0.074296] (maneuver) JobStarted: {'identifier': 'maneuver'}
[0.079329] (maneuver) JobProgress: {'identifier': 'maneuver', 'progress': 'cmake'}
[0.079670] (maneuver) JobProgress: {'identifier': 'maneuver', 'progress': 'build'}
[0.079908] (maneuver) Command: {'cmd': ['/usr/bin/cmake', '--build', '/ros_ws/src/build/maneuver', '--', '-j16', '-l16'], 'cwd': '/ros_ws/src/build/maneuver', 'env': OrderedDict({'HOSTNAME': 'ADUAED19005LPLX', 'SHLVL': '1', 'LD_LIBRARY_PATH': '/ros_ws/src/install/libkdtp/lib:/ros_ws/src/install/uav_simulator/lib:/ros_ws/src/install/controller/lib:/ros_ws/src/install/maneuver/lib:/ros_ws/install/uav_simulator/lib:/ros_ws/install/my_ros2_package/lib:/ros_ws/install/controller/lib:/ros_ws/install/maneuver/lib:/ros_ws/install/libkdtp/lib:/opt/ros/jazzy/opt/rviz_ogre_vendor/lib:/opt/ros/jazzy/lib/x86_64-linux-gnu:/opt/ros/jazzy/opt/gz_math_vendor/lib:/opt/ros/jazzy/opt/gz_utils_vendor/lib:/opt/ros/jazzy/opt/gz_cmake_vendor/lib:/opt/ros/jazzy/lib', 'HOME': '/root', 'OLDPWD': '/ros_ws/src/firmware/launch', 'ROS_PYTHON_VERSION': '3', 'COLCON_PREFIX_PATH': '/ros_ws/src/install:/ros_ws/install', 'ROS_DISTRO': 'jazzy', '_': '/usr/bin/colcon', 'ROS_VERSION': '2', 'TERM': 'xterm', 'PATH': '/opt/ros/jazzy/bin:/usr/local/sbin:/usr/local/bin:/usr/sbin:/usr/bin:/sbin:/bin', 'LANG': 'C.UTF-8', 'LS_COLORS': 'rs=0:di=01;34:ln=01;36:mh=00:pi=40;33:so=01;35:do=01;35:bd=40;33;01:cd=40;33;01:or=40;31;01:mi=00:su=37;41:sg=30;43:ca=00:tw=30;42:ow=34;42:st=37;44:ex=01;32:*.tar=01;31:*.tgz=01;31:*.arc=01;31:*.arj=01;31:*.taz=01;31:*.lha=01;31:*.lz4=01;31:*.lzh=01;31:*.lzma=01;31:*.tlz=01;31:*.txz=01;31:*.tzo=01;31:*.t7z=01;31:*.zip=01;31:*.z=01;31:*.dz=01;31:*.gz=01;31:*.lrz=01;31:*.lz=01;31:*.lzo=01;31:*.xz=01;31:*.zst=01;31:*.tzst=01;31:*.bz2=01;31:*.bz=01;31:*.tbz=01;31:*.tbz2=01;31:*.tz=01;31:*.deb=01;31:*.rpm=01;31:*.jar=01;31:*.war=01;31:*.ear=01;31:*.sar=01;31:*.rar=01;31:*.alz=01;31:*.ace=01;31:*.zoo=01;31:*.cpio=01;31:*.7z=01;31:*.rz=01;31:*.cab=01;31:*.wim=01;31:*.swm=01;31:*.dwm=01;31:*.esd=01;31:*.avif=01;35:*.jpg=01;35:*.jpeg=01;35:*.mjpg=01;35:*.mjpeg=01;35:*.gif=01;35:*.bmp=01;35:*.pbm=01;35:*.pgm=01;35:*.ppm=01;35:*.tga=01;35:*.xbm=01;35:*.xpm=01;35:*.tif=01;35:*.tiff=01;35:*.png=01;35:*.svg=01;35:*.svgz=01;35:*.mng=01;35:*.pcx=01;35:*.mov=01;35:*.mpg=01;35:*.mpeg=01;35:*.m2v=01;35:*.mkv=01;35:*.webm=01;35:*.webp=01;35:*.ogm=01;35:*.mp4=01;35:*.m4v=01;35:*.mp4v=01;35:*.vob=01;35:*.qt=01;35:*.nuv=01;35:*.wmv=01;35:*.asf=01;35:*.rm=01;35:*.rmvb=01;35:*.flc=01;35:*.avi=01;35:*.fli=01;35:*.flv=01;35:*.gl=01;35:*.dl=01;35:*.xcf=01;35:*.xwd=01;35:*.yuv=01;35:*.cgm=01;35:*.emf=01;35:*.ogv=01;35:*.ogx=01;35:*.aac=00;36:*.au=00;36:*.flac=00;36:*.m4a=00;36:*.mid=00;36:*.midi=00;36:*.mka=00;36:*.mp3=00;36:*.mpc=00;36:*.ogg=00;36:*.ra=00;36:*.wav=00;36:*.oga=00;36:*.opus=00;36:*.spx=00;36:*.xspf=00;36:*~=00;90:*#=00;90:*.bak=00;90:*.crdownload=00;90:*.dpkg-dist=00;90:*.dpkg-new=00;90:*.dpkg-old=00;90:*.dpkg-tmp=00;90:*.old=00;90:*.orig=00;90:*.part=00;90:*.rej=00;90:*.rpmnew=00;90:*.rpmorig=00;90:*.rpmsave=00;90:*.swp=00;90:*.tmp=00;90:*.ucf-dist=00;90:*.ucf-new=00;90:*.ucf-old=00;90:', 'AMENT_PREFIX_PATH': '/ros_ws/src/install/uav_simulator:/ros_ws/src/install/controller:/ros_ws/src/install/maneuver:/ros_ws/src/install/libkdtp:/ros_ws/src/install/firmware:/ros_ws/install/firmware:/ros_ws/install/uav_simulator:/ros_ws/install/my_ros2_package:/ros_ws/install/controller:/ros_ws/install/maneuver:/ros_ws/install/libkdtp:/opt/ros/jazzy', 'DEBIAN_FRONTEND': 'noninteractive', 'ROS_AUTOMATIC_DISCOVERY_RANGE': 'SUBNET', 'PWD': '/ros_ws/src/build/maneuver', 'LC_ALL': 'C.UTF-8', 'PYTHONPATH': '/ros_ws/src/install/controller/lib/python3.12/site-packages:/ros_ws/src/install/maneuver/lib/python3.12/site-packages:/ros_ws/install/my_ros2_package/lib/python3.12/site-packages:/ros_ws/install/controller/lib/python3.12/site-packages:/ros_ws/install/maneuver/lib/python3.12/site-packages:/opt/ros/jazzy/lib/python3.12/site-packages', 'COLCON': '1', 'CMAKE_PREFIX_PATH': '/ros_ws/src/install/libkdtp:/ros_ws/src/install/uav_simulator:/ros_ws/src/install/controller:/ros_ws/src/install/maneuver:/ros_ws/src/install/firmware:/ros_ws/install/firmware:/ros_ws/install/uav_simulator:/ros_ws/install/my_ros2_package:/ros_ws/install/controller:/ros_ws/install/maneuver:/ros_ws/install/libkdtp:/opt/ros/jazzy/opt/gz_math_vendor:/opt/ros/jazzy/opt/gz_utils_vendor:/opt/ros/jazzy/opt/gz_cmake_vendor:/opt/ros/jazzy'}), 'shell': False}
[0.099589] (-) TimerEvent: {}
[0.111947] (maneuver) StdoutLine: {'line': b'[  1%] Built target maneuver__rosidl_generator_type_description\n'}
[0.118096] (maneuver) StdoutLine: {'line': b'[  1%] Built target ament_cmake_python_copy_maneuver\n'}
[0.123783] (maneuver) StdoutLine: {'line': b'[  1%] Built target maneuver__cpp\n'}
[0.128065] (maneuver) StdoutLine: {'line': b'[ 26%] Built target maneuver__rosidl_generator_c\n'}
[0.143909] (maneuver) StdoutLine: {'line': b'[ 46%] Built target maneuver__rosidl_typesupport_introspection_c\n'}
[0.144118] (maneuver) StdoutLine: {'line': b'[ 46%] Built target maneuver__rosidl_typesupport_c\n'}
[0.144197] (maneuver) StdoutLine: {'line': b'[ 54%] Built target maneuver__rosidl_typesupport_cpp\n'}
[0.144522] (maneuver) StdoutLine: {'line': b'[ 64%] Built target maneuver__rosidl_typesupport_introspection_cpp\n'}
[0.144666] (maneuver) StdoutLine: {'line': b'[ 73%] Built target maneuver__rosidl_typesupport_fastrtps_c\n'}
[0.144895] (maneuver) StdoutLine: {'line': b'[ 83%] Built target maneuver__rosidl_typesupport_fastrtps_cpp\n'}
[0.156144] (maneuver) StdoutLine: {'line': b'[ 83%] Built target maneuver\n'}
[0.160689] (maneuver) StdoutLine: {'line': b'[ 84%] Built target maneuver_node\n'}
[0.167914] (maneuver) StdoutLine: {'line': b'[ 85%] Built target maneuver__py\n'}
[0.182701] (maneuver) StdoutLine: {'line': b'[ 94%] Built target maneuver__rosidl_generator_py\n'}
[0.195810] (maneuver) StdoutLine: {'line': b'[100%] Built target maneuver_s__rosidl_typesupport_introspection_c\n'}
[0.195958] (maneuver) StdoutLine: {'line': b'[100%] Built target maneuver_s__rosidl_typesupport_fastrtps_c\n'}
[0.196009] (maneuver) StdoutLine: {'line': b'[100%] Built target maneuver_s__rosidl_typesupport_c\n'}
[0.199741] (-) TimerEvent: {}
[0.252698] (maneuver) StdoutLine: {'line': b'running egg_info\n'}
[0.263238] (maneuver) StdoutLine: {'line': b'writing maneuver.egg-info/PKG-INFO\n'}
[0.263320] (maneuver) StdoutLine: {'line': b'writing dependency_links to maneuver.egg-info/dependency_links.txt\n'}
[0.263465] (maneuver) StdoutLine: {'line': b'writing top-level names to maneuver.egg-info/top_level.txt\n'}
[0.292929] (maneuver) StdoutLine: {'line': b"reading manifest file 'maneuver.egg-info/SOURCES.txt'\n"}
[0.293369] (maneuver) StdoutLine: {'line': b"writing manifest file 'maneuver.egg-info/SOURCES.txt'\n"}
[0.299883] (-) TimerEvent: {}
[0.309749] (maneuver) StdoutLine: {'line': b'[100%] Built target ament_cmake_python_build_maneuver_egg\n'}
[0.316797] (maneuver) CommandEnded: {'returncode': 0}
[0.317536] (maneuver) JobProgress: {'identifier': 'maneuver', 'progress': 'install'}
[0.317563] (maneuver) Command: {'cmd': ['/usr/bin/cmake', '--install', '/ros_ws/src/build/maneuver'], 'cwd': '/ros_ws/src/build/maneuver', 'env': OrderedDict({'HOSTNAME': 'ADUAED19005LPLX', 'SHLVL': '1', 'LD_LIBRARY_PATH': '/ros_ws/src/install/libkdtp/lib:/ros_ws/src/install/uav_simulator/lib:/ros_ws/src/install/controller/lib:/ros_ws/src/install/maneuver/lib:/ros_ws/install/uav_simulator/lib:/ros_ws/install/my_ros2_package/lib:/ros_ws/install/controller/lib:/ros_ws/install/maneuver/lib:/ros_ws/install/libkdtp/lib:/opt/ros/jazzy/opt/rviz_ogre_vendor/lib:/opt/ros/jazzy/lib/x86_64-linux-gnu:/opt/ros/jazzy/opt/gz_math_vendor/lib:/opt/ros/jazzy/opt/gz_utils_vendor/lib:/opt/ros/jazzy/opt/gz_cmake_vendor/lib:/opt/ros/jazzy/lib', 'HOME': '/root', 'OLDPWD': '/ros_ws/src/firmware/launch', 'ROS_PYTHON_VERSION': '3', 'COLCON_PREFIX_PATH': '/ros_ws/src/install:/ros_ws/install', 'ROS_DISTRO': 'jazzy', '_': '/usr/bin/colcon', 'ROS_VERSION': '2', 'TERM': 'xterm', 'PATH': '/opt/ros/jazzy/bin:/usr/local/sbin:/usr/local/bin:/usr/sbin:/usr/bin:/sbin:/bin', 'LANG': 'C.UTF-8', 'LS_COLORS': 'rs=0:di=01;34:ln=01;36:mh=00:pi=40;33:so=01;35:do=01;35:bd=40;33;01:cd=40;33;01:or=40;31;01:mi=00:su=37;41:sg=30;43:ca=00:tw=30;42:ow=34;42:st=37;44:ex=01;32:*.tar=01;31:*.tgz=01;31:*.arc=01;31:*.arj=01;31:*.taz=01;31:*.lha=01;31:*.lz4=01;31:*.lzh=01;31:*.lzma=01;31:*.tlz=01;31:*.txz=01;31:*.tzo=01;31:*.t7z=01;31:*.zip=01;31:*.z=01;31:*.dz=01;31:*.gz=01;31:*.lrz=01;31:*.lz=01;31:*.lzo=01;31:*.xz=01;31:*.zst=01;31:*.tzst=01;31:*.bz2=01;31:*.bz=01;31:*.tbz=01;31:*.tbz2=01;31:*.tz=01;31:*.deb=01;31:*.rpm=01;31:*.jar=01;31:*.war=01;31:*.ear=01;31:*.sar=01;31:*.rar=01;31:*.alz=01;31:*.ace=01;31:*.zoo=01;31:*.cpio=01;31:*.7z=01;31:*.rz=01;31:*.cab=01;31:*.wim=01;31:*.swm=01;31:*.dwm=01;31:*.esd=01;31:*.avif=01;35:*.jpg=01;35:*.jpeg=01;35:*.mjpg=01;35:*.mjpeg=01;35:*.gif=01;35:*.bmp=01;35:*.pbm=01;35:*.pgm=01;35:*.ppm=01;35:*.tga=01;35:*.xbm=01;35:*.xpm=01;35:*.tif=01;35:*.tiff=01;35:*.png=01;35:*.svg=01;35:*.svgz=01;35:*.mng=01;35:*.pcx=01;35:*.mov=01;35:*.mpg=01;35:*.mpeg=01;35:*.m2v=01;35:*.mkv=01;35:*.webm=01;35:*.webp=01;35:*.ogm=01;35:*.mp4=01;35:*.m4v=01;35:*.mp4v=01;35:*.vob=01;35:*.qt=01;35:*.nuv=01;35:*.wmv=01;35:*.asf=01;35:*.rm=01;35:*.rmvb=01;35:*.flc=01;35:*.avi=01;35:*.fli=01;35:*.flv=01;35:*.gl=01;35:*.dl=01;35:*.xcf=01;35:*.xwd=01;35:*.yuv=01;35:*.cgm=01;35:*.emf=01;35:*.ogv=01;35:*.ogx=01;35:*.aac=00;36:*.au=00;36:*.flac=00;36:*.m4a=00;36:*.mid=00;36:*.midi=00;36:*.mka=00;36:*.mp3=00;36:*.mpc=00;36:*.ogg=00;36:*.ra=00;36:*.wav=00;36:*.oga=00;36:*.opus=00;36:*.spx=00;36:*.xspf=00;36:*~=00;90:*#=00;90:*.bak=00;90:*.crdownload=00;90:*.dpkg-dist=00;90:*.dpkg-new=00;90:*.dpkg-old=00;90:*.dpkg-tmp=00;90:*.old=00;90:*.orig=00;90:*.part=00;90:*.rej=00;90:*.rpmnew=00;90:*.rpmorig=00;90:*.rpmsave=00;90:*.swp=00;90:*.tmp=00;90:*.ucf-dist=00;90:*.ucf-new=00;90:*.ucf-old=00;90:', 'AMENT_PREFIX_PATH': '/ros_ws/src/install/uav_simulator:/ros_ws/src/install/controller:/ros_ws/src/install/maneuver:/ros_ws/src/install/libkdtp:/ros_ws/src/install/firmware:/ros_ws/install/firmware:/ros_ws/install/uav_simulator:/ros_ws/install/my_ros2_package:/ros_ws/install/controller:/ros_ws/install/maneuver:/ros_ws/install/libkdtp:/opt/ros/jazzy', 'DEBIAN_FRONTEND': 'noninteractive', 'ROS_AUTOMATIC_DISCOVERY_RANGE': 'SUBNET', 'PWD': '/ros_ws/src/build/maneuver', 'LC_ALL': 'C.UTF-8', 'PYTHONPATH': '/ros_ws/src/install/controller/lib/python3.12/site-packages:/ros_ws/src/install/maneuver/lib/python3.12/site-packages:/ros_ws/install/my_ros2_package/lib/python3.12/site-packages:/ros_ws/install/controller/lib/python3.12/site-packages:/ros_ws/install/maneuver/lib/python3.12/site-packages:/opt/ros/jazzy/lib/python3.12/site-packages', 'COLCON': '1', 'CMAKE_PREFIX_PATH': '/ros_ws/src/install/libkdtp:/ros_ws/src/install/uav_simulator:/ros_ws/src/install/controller:/ros_ws/src/install/maneuver:/ros_ws/src/install/firmware:/ros_ws/install/firmware:/ros_ws/install/uav_simulator:/ros_ws/install/my_ros2_package:/ros_ws/install/controller:/ros_ws/install/maneuver:/ros_ws/install/libkdtp:/opt/ros/jazzy/opt/gz_math_vendor:/opt/ros/jazzy/opt/gz_utils_vendor:/opt/ros/jazzy/opt/gz_cmake_vendor:/opt/ros/jazzy'}), 'shell': False}
[0.322207] (maneuver) StdoutLine: {'line': b'-- Install configuration: ""\n'}
[0.322279] (maneuver) StdoutLine: {'line': b'-- Up-to-date: /ros_ws/src/install/maneuver/share/ament_index/resource_index/rosidl_interfaces/maneuver\n'}
[0.322326] (maneuver) StdoutLine: {'line': b'-- Up-to-date: /ros_ws/src/install/maneuver/share/maneuver/msg/FullPose.json\n'}
[0.322373] (maneuver) StdoutLine: {'line': b'-- Up-to-date: /ros_ws/src/install/maneuver/share/maneuver/srv/LiftOff.json\n'}
[0.322417] (maneuver) StdoutLine: {'line': b'-- Up-to-date: /ros_ws/src/install/maneuver/share/maneuver/srv/ArmDisarm.json\n'}
[0.322541] (maneuver) StdoutLine: {'line': b'-- Up-to-date: /ros_ws/src/install/maneuver/share/maneuver/srv/GotoPoint.json\n'}
[0.322674] (maneuver) StdoutLine: {'line': b'-- Up-to-date: /ros_ws/src/install/maneuver/share/maneuver/srv/Goto6DPoint.json\n'}
[0.322759] (maneuver) StdoutLine: {'line': b'-- Up-to-date: /ros_ws/src/install/maneuver/share/maneuver/srv/Ellipse5D.json\n'}
[0.322852] (maneuver) StdoutLine: {'line': b'-- Up-to-date: /ros_ws/src/install/maneuver/share/maneuver/srv/RotateTo.json\n'}
[0.322921] (maneuver) StdoutLine: {'line': b'-- Up-to-date: /ros_ws/src/install/maneuver/share/maneuver/srv/Land.json\n'}
[0.322985] (maneuver) StdoutLine: {'line': b'-- Up-to-date: /ros_ws/src/install/maneuver/share/maneuver/srv/FullFlip.json\n'}
[0.323040] (maneuver) StdoutLine: {'line': b'-- Up-to-date: /ros_ws/src/install/maneuver/include/maneuver/maneuver\n'}
[0.323084] (maneuver) StdoutLine: {'line': b'-- Up-to-date: /ros_ws/src/install/maneuver/include/maneuver/maneuver/msg\n'}
[0.323132] (maneuver) StdoutLine: {'line': b'-- Up-to-date: /ros_ws/src/install/maneuver/include/maneuver/maneuver/msg/detail\n'}
[0.323179] (maneuver) StdoutLine: {'line': b'-- Up-to-date: /ros_ws/src/install/maneuver/include/maneuver/maneuver/msg/detail/full_pose__type_support.c\n'}
[0.323256] (maneuver) StdoutLine: {'line': b'-- Up-to-date: /ros_ws/src/install/maneuver/include/maneuver/maneuver/msg/detail/full_pose__type_support.h\n'}
[0.323304] (maneuver) StdoutLine: {'line': b'-- Up-to-date: /ros_ws/src/install/maneuver/include/maneuver/maneuver/msg/detail/full_pose__functions.h\n'}
[0.323353] (maneuver) StdoutLine: {'line': b'-- Up-to-date: /ros_ws/src/install/maneuver/include/maneuver/maneuver/msg/detail/full_pose__functions.c\n'}
[0.323442] (maneuver) StdoutLine: {'line': b'-- Up-to-date: /ros_ws/src/install/maneuver/include/maneuver/maneuver/msg/detail/full_pose__description.c\n'}
[0.323486] (maneuver) StdoutLine: {'line': b'-- Up-to-date: /ros_ws/src/install/maneuver/include/maneuver/maneuver/msg/detail/full_pose__struct.h\n'}
[0.323530] (maneuver) StdoutLine: {'line': b'-- Up-to-date: /ros_ws/src/install/maneuver/include/maneuver/maneuver/msg/full_pose.h\n'}
[0.323582] (maneuver) StdoutLine: {'line': b'-- Up-to-date: /ros_ws/src/install/maneuver/include/maneuver/maneuver/msg/rosidl_generator_c__visibility_control.h\n'}
[0.323653] (maneuver) StdoutLine: {'line': b'-- Up-to-date: /ros_ws/src/install/maneuver/include/maneuver/maneuver/srv\n'}
[0.323727] (maneuver) StdoutLine: {'line': b'-- Up-to-date: /ros_ws/src/install/maneuver/include/maneuver/maneuver/srv/full_flip.h\n'}
[0.323804] (maneuver) StdoutLine: {'line': b'-- Up-to-date: /ros_ws/src/install/maneuver/include/maneuver/maneuver/srv/rotate_to.h\n'}
[0.323851] (maneuver) StdoutLine: {'line': b'-- Up-to-date: /ros_ws/src/install/maneuver/include/maneuver/maneuver/srv/land.h\n'}
[0.323897] (maneuver) StdoutLine: {'line': b'-- Up-to-date: /ros_ws/src/install/maneuver/include/maneuver/maneuver/srv/detail\n'}
[0.323950] (maneuver) StdoutLine: {'line': b'-- Up-to-date: /ros_ws/src/install/maneuver/include/maneuver/maneuver/srv/detail/land__type_support.h\n'}
[0.324051] (maneuver) StdoutLine: {'line': b'-- Up-to-date: /ros_ws/src/install/maneuver/include/maneuver/maneuver/srv/detail/full_flip__struct.h\n'}
[0.324110] (maneuver) StdoutLine: {'line': b'-- Up-to-date: /ros_ws/src/install/maneuver/include/maneuver/maneuver/srv/detail/goto_point__struct.h\n'}
[0.324181] (maneuver) StdoutLine: {'line': b'-- Up-to-date: /ros_ws/src/install/maneuver/include/maneuver/maneuver/srv/detail/rotate_to__functions.c\n'}
[0.324264] (maneuver) StdoutLine: {'line': b'-- Up-to-date: /ros_ws/src/install/maneuver/include/maneuver/maneuver/srv/detail/lift_off__description.c\n'}
[0.324306] (maneuver) StdoutLine: {'line': b'-- Up-to-date: /ros_ws/src/install/maneuver/include/maneuver/maneuver/srv/detail/land__struct.h\n'}
[0.324356] (maneuver) StdoutLine: {'line': b'-- Up-to-date: /ros_ws/src/install/maneuver/include/maneuver/maneuver/srv/detail/land__functions.c\n'}
[0.324399] (maneuver) StdoutLine: {'line': b'-- Up-to-date: /ros_ws/src/install/maneuver/include/maneuver/maneuver/srv/detail/full_flip__type_support.c\n'}
[0.324460] (maneuver) StdoutLine: {'line': b'-- Up-to-date: /ros_ws/src/install/maneuver/include/maneuver/maneuver/srv/detail/rotate_to__description.c\n'}
[0.324538] (maneuver) StdoutLine: {'line': b'-- Up-to-date: /ros_ws/src/install/maneuver/include/maneuver/maneuver/srv/detail/goto6_d_point__description.c\n'}
[0.324607] (maneuver) StdoutLine: {'line': b'-- Up-to-date: /ros_ws/src/install/maneuver/include/maneuver/maneuver/srv/detail/goto_point__functions.c\n'}
[0.324677] (maneuver) StdoutLine: {'line': b'-- Up-to-date: /ros_ws/src/install/maneuver/include/maneuver/maneuver/srv/detail/ellipse5_d__functions.c\n'}
[0.324720] (maneuver) StdoutLine: {'line': b'-- Up-to-date: /ros_ws/src/install/maneuver/include/maneuver/maneuver/srv/detail/goto6_d_point__functions.c\n'}
[0.324771] (maneuver) StdoutLine: {'line': b'-- Up-to-date: /ros_ws/src/install/maneuver/include/maneuver/maneuver/srv/detail/rotate_to__type_support.h\n'}
[0.324814] (maneuver) StdoutLine: {'line': b'-- Up-to-date: /ros_ws/src/install/maneuver/include/maneuver/maneuver/srv/detail/goto6_d_point__type_support.c\n'}
[0.324863] (maneuver) StdoutLine: {'line': b'-- Up-to-date: /ros_ws/src/install/maneuver/include/maneuver/maneuver/srv/detail/lift_off__type_support.c\n'}
[0.324907] (maneuver) StdoutLine: {'line': b'-- Up-to-date: /ros_ws/src/install/maneuver/include/maneuver/maneuver/srv/detail/land__type_support.c\n'}
[0.324951] (maneuver) StdoutLine: {'line': b'-- Up-to-date: /ros_ws/src/install/maneuver/include/maneuver/maneuver/srv/detail/goto_point__description.c\n'}
[0.325047] (maneuver) StdoutLine: {'line': b'-- Up-to-date: /ros_ws/src/install/maneuver/include/maneuver/maneuver/srv/detail/full_flip__functions.c\n'}
[0.325128] (maneuver) StdoutLine: {'line': b'-- Up-to-date: /ros_ws/src/install/maneuver/include/maneuver/maneuver/srv/detail/lift_off__functions.c\n'}
[0.325177] (maneuver) StdoutLine: {'line': b'-- Up-to-date: /ros_ws/src/install/maneuver/include/maneuver/maneuver/srv/detail/rotate_to__functions.h\n'}
[0.325242] (maneuver) StdoutLine: {'line': b'-- Up-to-date: /ros_ws/src/install/maneuver/include/maneuver/maneuver/srv/detail/rotate_to__struct.h\n'}
[0.325289] (maneuver) StdoutLine: {'line': b'-- Up-to-date: /ros_ws/src/install/maneuver/include/maneuver/maneuver/srv/detail/ellipse5_d__type_support.c\n'}
[0.325337] (maneuver) StdoutLine: {'line': b'-- Up-to-date: /ros_ws/src/install/maneuver/include/maneuver/maneuver/srv/detail/goto6_d_point__struct.h\n'}
[0.325382] (maneuver) StdoutLine: {'line': b'-- Up-to-date: /ros_ws/src/install/maneuver/include/maneuver/maneuver/srv/detail/arm_disarm__description.c\n'}
[0.325426] (maneuver) StdoutLine: {'line': b'-- Up-to-date: /ros_ws/src/install/maneuver/include/maneuver/maneuver/srv/detail/lift_off__type_support.h\n'}
[0.325470] (maneuver) StdoutLine: {'line': b'-- Up-to-date: /ros_ws/src/install/maneuver/include/maneuver/maneuver/srv/detail/arm_disarm__functions.h\n'}
[0.325515] (maneuver) StdoutLine: {'line': b'-- Up-to-date: /ros_ws/src/install/maneuver/include/maneuver/maneuver/srv/detail/arm_disarm__functions.c\n'}
[0.325575] (maneuver) StdoutLine: {'line': b'-- Up-to-date: /ros_ws/src/install/maneuver/include/maneuver/maneuver/srv/detail/goto_point__functions.h\n'}
[0.325627] (maneuver) StdoutLine: {'line': b'-- Up-to-date: /ros_ws/src/install/maneuver/include/maneuver/maneuver/srv/detail/land__description.c\n'}
[0.325677] (maneuver) StdoutLine: {'line': b'-- Up-to-date: /ros_ws/src/install/maneuver/include/maneuver/maneuver/srv/detail/lift_off__struct.h\n'}
[0.325718] (maneuver) StdoutLine: {'line': b'-- Up-to-date: /ros_ws/src/install/maneuver/include/maneuver/maneuver/srv/detail/arm_disarm__type_support.h\n'}
[0.325762] (maneuver) StdoutLine: {'line': b'-- Up-to-date: /ros_ws/src/install/maneuver/include/maneuver/maneuver/srv/detail/goto6_d_point__functions.h\n'}
[0.325806] (maneuver) StdoutLine: {'line': b'-- Up-to-date: /ros_ws/src/install/maneuver/include/maneuver/maneuver/srv/detail/ellipse5_d__struct.h\n'}
[0.325851] (maneuver) StdoutLine: {'line': b'-- Up-to-date: /ros_ws/src/install/maneuver/include/maneuver/maneuver/srv/detail/land__functions.h\n'}
[0.325918] (maneuver) StdoutLine: {'line': b'-- Up-to-date: /ros_ws/src/install/maneuver/include/maneuver/maneuver/srv/detail/full_flip__type_support.h\n'}
[0.325963] (maneuver) StdoutLine: {'line': b'-- Up-to-date: /ros_ws/src/install/maneuver/include/maneuver/maneuver/srv/detail/ellipse5_d__description.c\n'}
[0.326061] (maneuver) StdoutLine: {'line': b'-- Up-to-date: /ros_ws/src/install/maneuver/include/maneuver/maneuver/srv/detail/goto_point__type_support.c\n'}
[0.326153] (maneuver) StdoutLine: {'line': b'-- Up-to-date: /ros_ws/src/install/maneuver/include/maneuver/maneuver/srv/detail/rotate_to__type_support.c\n'}
[0.326216] (maneuver) StdoutLine: {'line': b'-- Up-to-date: /ros_ws/src/install/maneuver/include/maneuver/maneuver/srv/detail/lift_off__functions.h\n'}
[0.326283] (maneuver) StdoutLine: {'line': b'-- Up-to-date: /ros_ws/src/install/maneuver/include/maneuver/maneuver/srv/detail/goto6_d_point__type_support.h\n'}
[0.326380] (maneuver) StdoutLine: {'line': b'-- Up-to-date: /ros_ws/src/install/maneuver/include/maneuver/maneuver/srv/detail/full_flip__functions.h\n'}
[0.326455] (maneuver) StdoutLine: {'line': b'-- Up-to-date: /ros_ws/src/install/maneuver/include/maneuver/maneuver/srv/detail/ellipse5_d__functions.h\n'}
[0.326510] (maneuver) StdoutLine: {'line': b'-- Up-to-date: /ros_ws/src/install/maneuver/include/maneuver/maneuver/srv/detail/full_flip__description.c\n'}
[0.326566] (maneuver) StdoutLine: {'line': b'-- Up-to-date: /ros_ws/src/install/maneuver/include/maneuver/maneuver/srv/detail/ellipse5_d__type_support.h\n'}
[0.326637] (maneuver) StdoutLine: {'line': b'-- Up-to-date: /ros_ws/src/install/maneuver/include/maneuver/maneuver/srv/detail/arm_disarm__type_support.c\n'}
[0.326684] (maneuver) StdoutLine: {'line': b'-- Up-to-date: /ros_ws/src/install/maneuver/include/maneuver/maneuver/srv/detail/goto_point__type_support.h\n'}
[0.326731] (maneuver) StdoutLine: {'line': b'-- Up-to-date: /ros_ws/src/install/maneuver/include/maneuver/maneuver/srv/detail/arm_disarm__struct.h\n'}
[0.326776] (maneuver) StdoutLine: {'line': b'-- Up-to-date: /ros_ws/src/install/maneuver/include/maneuver/maneuver/srv/goto_point.h\n'}
[0.326822] (maneuver) StdoutLine: {'line': b'-- Up-to-date: /ros_ws/src/install/maneuver/include/maneuver/maneuver/srv/lift_off.h\n'}
[0.326866] (maneuver) StdoutLine: {'line': b'-- Up-to-date: /ros_ws/src/install/maneuver/include/maneuver/maneuver/srv/ellipse5_d.h\n'}
[0.326909] (maneuver) StdoutLine: {'line': b'-- Up-to-date: /ros_ws/src/install/maneuver/include/maneuver/maneuver/srv/arm_disarm.h\n'}
[0.326957] (maneuver) StdoutLine: {'line': b'-- Up-to-date: /ros_ws/src/install/maneuver/include/maneuver/maneuver/srv/goto6_d_point.h\n'}
[0.327002] (maneuver) StdoutLine: {'line': b'-- Up-to-date: /ros_ws/src/install/maneuver/share/maneuver/environment/library_path.sh\n'}
[0.327045] (maneuver) StdoutLine: {'line': b'-- Up-to-date: /ros_ws/src/install/maneuver/share/maneuver/environment/library_path.dsv\n'}
[0.327088] (maneuver) StdoutLine: {'line': b'-- Up-to-date: /ros_ws/src/install/maneuver/lib/libmaneuver__rosidl_generator_c.so\n'}
[0.327131] (maneuver) StdoutLine: {'line': b'-- Up-to-date: /ros_ws/src/install/maneuver/include/maneuver/maneuver\n'}
[0.327175] (maneuver) StdoutLine: {'line': b'-- Up-to-date: /ros_ws/src/install/maneuver/include/maneuver/maneuver/msg\n'}
[0.327235] (maneuver) StdoutLine: {'line': b'-- Up-to-date: /ros_ws/src/install/maneuver/include/maneuver/maneuver/msg/rosidl_typesupport_fastrtps_c__visibility_control.h\n'}
[0.327317] (maneuver) StdoutLine: {'line': b'-- Up-to-date: /ros_ws/src/install/maneuver/include/maneuver/maneuver/msg/detail\n'}
[0.327381] (maneuver) StdoutLine: {'line': b'-- Up-to-date: /ros_ws/src/install/maneuver/include/maneuver/maneuver/msg/detail/full_pose__rosidl_typesupport_fastrtps_c.h\n'}
[0.327454] (maneuver) StdoutLine: {'line': b'-- Up-to-date: /ros_ws/src/install/maneuver/include/maneuver/maneuver/srv\n'}
[0.327499] (maneuver) StdoutLine: {'line': b'-- Up-to-date: /ros_ws/src/install/maneuver/include/maneuver/maneuver/srv/detail\n'}
[0.327543] (maneuver) StdoutLine: {'line': b'-- Up-to-date: /ros_ws/src/install/maneuver/include/maneuver/maneuver/srv/detail/land__rosidl_typesupport_fastrtps_c.h\n'}
[0.327586] (maneuver) StdoutLine: {'line': b'-- Up-to-date: /ros_ws/src/install/maneuver/include/maneuver/maneuver/srv/detail/goto_point__rosidl_typesupport_fastrtps_c.h\n'}
[0.327636] (maneuver) StdoutLine: {'line': b'-- Up-to-date: /ros_ws/src/install/maneuver/include/maneuver/maneuver/srv/detail/ellipse5_d__rosidl_typesupport_fastrtps_c.h\n'}
[0.327678] (maneuver) StdoutLine: {'line': b'-- Up-to-date: /ros_ws/src/install/maneuver/include/maneuver/maneuver/srv/detail/lift_off__rosidl_typesupport_fastrtps_c.h\n'}
[0.327722] (maneuver) StdoutLine: {'line': b'-- Up-to-date: /ros_ws/src/install/maneuver/include/maneuver/maneuver/srv/detail/arm_disarm__rosidl_typesupport_fastrtps_c.h\n'}
[0.327764] (maneuver) StdoutLine: {'line': b'-- Up-to-date: /ros_ws/src/install/maneuver/include/maneuver/maneuver/srv/detail/goto6_d_point__rosidl_typesupport_fastrtps_c.h\n'}
[0.327806] (maneuver) StdoutLine: {'line': b'-- Up-to-date: /ros_ws/src/install/maneuver/include/maneuver/maneuver/srv/detail/full_flip__rosidl_typesupport_fastrtps_c.h\n'}
[0.327849] (maneuver) StdoutLine: {'line': b'-- Up-to-date: /ros_ws/src/install/maneuver/include/maneuver/maneuver/srv/detail/rotate_to__rosidl_typesupport_fastrtps_c.h\n'}
[0.327891] (maneuver) StdoutLine: {'line': b'-- Up-to-date: /ros_ws/src/install/maneuver/lib/libmaneuver__rosidl_typesupport_fastrtps_c.so\n'}
[0.327933] (maneuver) StdoutLine: {'line': b'-- Up-to-date: /ros_ws/src/install/maneuver/include/maneuver/maneuver\n'}
[0.327975] (maneuver) StdoutLine: {'line': b'-- Up-to-date: /ros_ws/src/install/maneuver/include/maneuver/maneuver/msg\n'}
[0.328018] (maneuver) StdoutLine: {'line': b'-- Up-to-date: /ros_ws/src/install/maneuver/include/maneuver/maneuver/msg/full_pose.hpp\n'}
[0.328063] (maneuver) StdoutLine: {'line': b'-- Up-to-date: /ros_ws/src/install/maneuver/include/maneuver/maneuver/msg/detail\n'}
[0.328106] (maneuver) StdoutLine: {'line': b'-- Up-to-date: /ros_ws/src/install/maneuver/include/maneuver/maneuver/msg/detail/full_pose__type_support.hpp\n'}
[0.328150] (maneuver) StdoutLine: {'line': b'-- Up-to-date: /ros_ws/src/install/maneuver/include/maneuver/maneuver/msg/detail/full_pose__builder.hpp\n'}
[0.328195] (maneuver) StdoutLine: {'line': b'-- Up-to-date: /ros_ws/src/install/maneuver/include/maneuver/maneuver/msg/detail/full_pose__struct.hpp\n'}
[0.328249] (maneuver) StdoutLine: {'line': b'-- Up-to-date: /ros_ws/src/install/maneuver/include/maneuver/maneuver/msg/detail/full_pose__traits.hpp\n'}
[0.328295] (maneuver) StdoutLine: {'line': b'-- Up-to-date: /ros_ws/src/install/maneuver/include/maneuver/maneuver/msg/rosidl_generator_cpp__visibility_control.hpp\n'}
[0.328338] (maneuver) StdoutLine: {'line': b'-- Up-to-date: /ros_ws/src/install/maneuver/include/maneuver/maneuver/srv\n'}
[0.328382] (maneuver) StdoutLine: {'line': b'-- Up-to-date: /ros_ws/src/install/maneuver/include/maneuver/maneuver/srv/goto_point.hpp\n'}
[0.328429] (maneuver) StdoutLine: {'line': b'-- Up-to-date: /ros_ws/src/install/maneuver/include/maneuver/maneuver/srv/land.hpp\n'}
[0.328474] (maneuver) StdoutLine: {'line': b'-- Up-to-date: /ros_ws/src/install/maneuver/include/maneuver/maneuver/srv/goto6_d_point.hpp\n'}
[0.328518] (maneuver) StdoutLine: {'line': b'-- Up-to-date: /ros_ws/src/install/maneuver/include/maneuver/maneuver/srv/rotate_to.hpp\n'}
[0.328561] (maneuver) StdoutLine: {'line': b'-- Up-to-date: /ros_ws/src/install/maneuver/include/maneuver/maneuver/srv/detail\n'}
[0.328612] (maneuver) StdoutLine: {'line': b'-- Up-to-date: /ros_ws/src/install/maneuver/include/maneuver/maneuver/srv/detail/arm_disarm__traits.hpp\n'}
[0.328656] (maneuver) StdoutLine: {'line': b'-- Up-to-date: /ros_ws/src/install/maneuver/include/maneuver/maneuver/srv/detail/rotate_to__type_support.hpp\n'}
[0.328699] (maneuver) StdoutLine: {'line': b'-- Up-to-date: /ros_ws/src/install/maneuver/include/maneuver/maneuver/srv/detail/goto6_d_point__type_support.hpp\n'}
[0.328742] (maneuver) StdoutLine: {'line': b'-- Up-to-date: /ros_ws/src/install/maneuver/include/maneuver/maneuver/srv/detail/goto_point__type_support.hpp\n'}
[0.328785] (maneuver) StdoutLine: {'line': b'-- Up-to-date: /ros_ws/src/install/maneuver/include/maneuver/maneuver/srv/detail/lift_off__type_support.hpp\n'}
[0.328831] (maneuver) StdoutLine: {'line': b'-- Up-to-date: /ros_ws/src/install/maneuver/include/maneuver/maneuver/srv/detail/goto6_d_point__builder.hpp\n'}
[0.328875] (maneuver) StdoutLine: {'line': b'-- Up-to-date: /ros_ws/src/install/maneuver/include/maneuver/maneuver/srv/detail/land__traits.hpp\n'}
[0.328918] (maneuver) StdoutLine: {'line': b'-- Up-to-date: /ros_ws/src/install/maneuver/include/maneuver/maneuver/srv/detail/goto_point__builder.hpp\n'}
[0.328961] (maneuver) StdoutLine: {'line': b'-- Up-to-date: /ros_ws/src/install/maneuver/include/maneuver/maneuver/srv/detail/ellipse5_d__struct.hpp\n'}
[0.329004] (maneuver) StdoutLine: {'line': b'-- Up-to-date: /ros_ws/src/install/maneuver/include/maneuver/maneuver/srv/detail/land__builder.hpp\n'}
[0.329047] (maneuver) StdoutLine: {'line': b'-- Up-to-date: /ros_ws/src/install/maneuver/include/maneuver/maneuver/srv/detail/arm_disarm__builder.hpp\n'}
[0.329090] (maneuver) StdoutLine: {'line': b'-- Up-to-date: /ros_ws/src/install/maneuver/include/maneuver/maneuver/srv/detail/arm_disarm__struct.hpp\n'}
[0.329133] (maneuver) StdoutLine: {'line': b'-- Up-to-date: /ros_ws/src/install/maneuver/include/maneuver/maneuver/srv/detail/full_flip__type_support.hpp\n'}
[0.329184] (maneuver) StdoutLine: {'line': b'-- Up-to-date: /ros_ws/src/install/maneuver/include/maneuver/maneuver/srv/detail/ellipse5_d__traits.hpp\n'}
[0.329239] (maneuver) StdoutLine: {'line': b'-- Up-to-date: /ros_ws/src/install/maneuver/include/maneuver/maneuver/srv/detail/ellipse5_d__type_support.hpp\n'}
[0.329309] (maneuver) StdoutLine: {'line': b'-- Up-to-date: /ros_ws/src/install/maneuver/include/maneuver/maneuver/srv/detail/lift_off__struct.hpp\n'}
[0.329382] (maneuver) StdoutLine: {'line': b'-- Up-to-date: /ros_ws/src/install/maneuver/include/maneuver/maneuver/srv/detail/lift_off__traits.hpp\n'}
[0.329457] (maneuver) StdoutLine: {'line': b'-- Up-to-date: /ros_ws/src/install/maneuver/include/maneuver/maneuver/srv/detail/land__struct.hpp\n'}
[0.329521] (maneuver) StdoutLine: {'line': b'-- Up-to-date: /ros_ws/src/install/maneuver/include/maneuver/maneuver/srv/detail/land__type_support.hpp\n'}
[0.329571] (maneuver) StdoutLine: {'line': b'-- Up-to-date: /ros_ws/src/install/maneuver/include/maneuver/maneuver/srv/detail/rotate_to__builder.hpp\n'}
[0.329614] (maneuver) StdoutLine: {'line': b'-- Up-to-date: /ros_ws/src/install/maneuver/include/maneuver/maneuver/srv/detail/goto6_d_point__struct.hpp\n'}
[0.329658] (maneuver) StdoutLine: {'line': b'-- Up-to-date: /ros_ws/src/install/maneuver/include/maneuver/maneuver/srv/detail/goto_point__traits.hpp\n'}
[0.329700] (maneuver) StdoutLine: {'line': b'-- Up-to-date: /ros_ws/src/install/maneuver/include/maneuver/maneuver/srv/detail/rotate_to__struct.hpp\n'}
[0.329742] (maneuver) StdoutLine: {'line': b'-- Up-to-date: /ros_ws/src/install/maneuver/include/maneuver/maneuver/srv/detail/lift_off__builder.hpp\n'}
[0.329784] (maneuver) StdoutLine: {'line': b'-- Up-to-date: /ros_ws/src/install/maneuver/include/maneuver/maneuver/srv/detail/arm_disarm__type_support.hpp\n'}
[0.329825] (maneuver) StdoutLine: {'line': b'-- Up-to-date: /ros_ws/src/install/maneuver/include/maneuver/maneuver/srv/detail/ellipse5_d__builder.hpp\n'}
[0.329867] (maneuver) StdoutLine: {'line': b'-- Up-to-date: /ros_ws/src/install/maneuver/include/maneuver/maneuver/srv/detail/goto_point__struct.hpp\n'}
[0.329909] (maneuver) StdoutLine: {'line': b'-- Up-to-date: /ros_ws/src/install/maneuver/include/maneuver/maneuver/srv/detail/full_flip__struct.hpp\n'}
[0.329950] (maneuver) StdoutLine: {'line': b'-- Up-to-date: /ros_ws/src/install/maneuver/include/maneuver/maneuver/srv/detail/full_flip__traits.hpp\n'}
[0.329993] (maneuver) StdoutLine: {'line': b'-- Up-to-date: /ros_ws/src/install/maneuver/include/maneuver/maneuver/srv/detail/full_flip__builder.hpp\n'}
[0.330035] (maneuver) StdoutLine: {'line': b'-- Up-to-date: /ros_ws/src/install/maneuver/include/maneuver/maneuver/srv/detail/goto6_d_point__traits.hpp\n'}
[0.330081] (maneuver) StdoutLine: {'line': b'-- Up-to-date: /ros_ws/src/install/maneuver/include/maneuver/maneuver/srv/detail/rotate_to__traits.hpp\n'}
[0.330145] (maneuver) StdoutLine: {'line': b'-- Up-to-date: /ros_ws/src/install/maneuver/include/maneuver/maneuver/srv/ellipse5_d.hpp\n'}
[0.330190] (maneuver) StdoutLine: {'line': b'-- Up-to-date: /ros_ws/src/install/maneuver/include/maneuver/maneuver/srv/arm_disarm.hpp\n'}
[0.330232] (maneuver) StdoutLine: {'line': b'-- Up-to-date: /ros_ws/src/install/maneuver/include/maneuver/maneuver/srv/full_flip.hpp\n'}
[0.330276] (maneuver) StdoutLine: {'line': b'-- Up-to-date: /ros_ws/src/install/maneuver/include/maneuver/maneuver/srv/lift_off.hpp\n'}
[0.330318] (maneuver) StdoutLine: {'line': b'-- Up-to-date: /ros_ws/src/install/maneuver/include/maneuver/maneuver\n'}
[0.330361] (maneuver) StdoutLine: {'line': b'-- Up-to-date: /ros_ws/src/install/maneuver/include/maneuver/maneuver/msg\n'}
[0.330403] (maneuver) StdoutLine: {'line': b'-- Up-to-date: /ros_ws/src/install/maneuver/include/maneuver/maneuver/msg/rosidl_typesupport_fastrtps_cpp__visibility_control.h\n'}
[0.330445] (maneuver) StdoutLine: {'line': b'-- Up-to-date: /ros_ws/src/install/maneuver/include/maneuver/maneuver/msg/detail\n'}
[0.330491] (maneuver) StdoutLine: {'line': b'-- Up-to-date: /ros_ws/src/install/maneuver/include/maneuver/maneuver/msg/detail/full_pose__rosidl_typesupport_fastrtps_cpp.hpp\n'}
[0.330539] (maneuver) StdoutLine: {'line': b'-- Up-to-date: /ros_ws/src/install/maneuver/include/maneuver/maneuver/msg/detail/dds_fastrtps\n'}
[0.330600] (maneuver) StdoutLine: {'line': b'-- Up-to-date: /ros_ws/src/install/maneuver/include/maneuver/maneuver/srv\n'}
[0.330647] (maneuver) StdoutLine: {'line': b'-- Up-to-date: /ros_ws/src/install/maneuver/include/maneuver/maneuver/srv/detail\n'}
[0.330692] (maneuver) StdoutLine: {'line': b'-- Up-to-date: /ros_ws/src/install/maneuver/include/maneuver/maneuver/srv/detail/dds_fastrtps\n'}
[0.330734] (maneuver) StdoutLine: {'line': b'-- Up-to-date: /ros_ws/src/install/maneuver/include/maneuver/maneuver/srv/detail/full_flip__rosidl_typesupport_fastrtps_cpp.hpp\n'}
[0.330784] (maneuver) StdoutLine: {'line': b'-- Up-to-date: /ros_ws/src/install/maneuver/include/maneuver/maneuver/srv/detail/lift_off__rosidl_typesupport_fastrtps_cpp.hpp\n'}
[0.330829] (maneuver) StdoutLine: {'line': b'-- Up-to-date: /ros_ws/src/install/maneuver/include/maneuver/maneuver/srv/detail/land__rosidl_typesupport_fastrtps_cpp.hpp\n'}
[0.330874] (maneuver) StdoutLine: {'line': b'-- Up-to-date: /ros_ws/src/install/maneuver/include/maneuver/maneuver/srv/detail/rotate_to__rosidl_typesupport_fastrtps_cpp.hpp\n'}
[0.330916] (maneuver) StdoutLine: {'line': b'-- Up-to-date: /ros_ws/src/install/maneuver/include/maneuver/maneuver/srv/detail/goto6_d_point__rosidl_typesupport_fastrtps_cpp.hpp\n'}
[0.330959] (maneuver) StdoutLine: {'line': b'-- Up-to-date: /ros_ws/src/install/maneuver/include/maneuver/maneuver/srv/detail/arm_disarm__rosidl_typesupport_fastrtps_cpp.hpp\n'}
[0.331003] (maneuver) StdoutLine: {'line': b'-- Up-to-date: /ros_ws/src/install/maneuver/include/maneuver/maneuver/srv/detail/goto_point__rosidl_typesupport_fastrtps_cpp.hpp\n'}
[0.331047] (maneuver) StdoutLine: {'line': b'-- Up-to-date: /ros_ws/src/install/maneuver/include/maneuver/maneuver/srv/detail/ellipse5_d__rosidl_typesupport_fastrtps_cpp.hpp\n'}
[0.331091] (maneuver) StdoutLine: {'line': b'-- Up-to-date: /ros_ws/src/install/maneuver/lib/libmaneuver__rosidl_typesupport_fastrtps_cpp.so\n'}
[0.331134] (maneuver) StdoutLine: {'line': b'-- Up-to-date: /ros_ws/src/install/maneuver/include/maneuver/maneuver\n'}
[0.331178] (maneuver) StdoutLine: {'line': b'-- Up-to-date: /ros_ws/src/install/maneuver/include/maneuver/maneuver/msg\n'}
[0.331241] (maneuver) StdoutLine: {'line': b'-- Up-to-date: /ros_ws/src/install/maneuver/include/maneuver/maneuver/msg/rosidl_typesupport_introspection_c__visibility_control.h\n'}
[0.331286] (maneuver) StdoutLine: {'line': b'-- Up-to-date: /ros_ws/src/install/maneuver/include/maneuver/maneuver/msg/detail\n'}
[0.331337] (maneuver) StdoutLine: {'line': b'-- Up-to-date: /ros_ws/src/install/maneuver/include/maneuver/maneuver/msg/detail/full_pose__type_support.c\n'}
[0.331384] (maneuver) StdoutLine: {'line': b'-- Up-to-date: /ros_ws/src/install/maneuver/include/maneuver/maneuver/msg/detail/full_pose__rosidl_typesupport_introspection_c.h\n'}
[0.331429] (maneuver) StdoutLine: {'line': b'-- Up-to-date: /ros_ws/src/install/maneuver/include/maneuver/maneuver/srv\n'}
[0.331485] (maneuver) StdoutLine: {'line': b'-- Up-to-date: /ros_ws/src/install/maneuver/include/maneuver/maneuver/srv/detail\n'}
[0.331550] (maneuver) StdoutLine: {'line': b'-- Up-to-date: /ros_ws/src/install/maneuver/include/maneuver/maneuver/srv/detail/ellipse5_d__rosidl_typesupport_introspection_c.h\n'}
[0.331595] (maneuver) StdoutLine: {'line': b'-- Up-to-date: /ros_ws/src/install/maneuver/include/maneuver/maneuver/srv/detail/full_flip__type_support.c\n'}
[0.331647] (maneuver) StdoutLine: {'line': b'-- Up-to-date: /ros_ws/src/install/maneuver/include/maneuver/maneuver/srv/detail/goto6_d_point__rosidl_typesupport_introspection_c.h\n'}
[0.331690] (maneuver) StdoutLine: {'line': b'-- Up-to-date: /ros_ws/src/install/maneuver/include/maneuver/maneuver/srv/detail/rotate_to__rosidl_typesupport_introspection_c.h\n'}
[0.331734] (maneuver) StdoutLine: {'line': b'-- Up-to-date: /ros_ws/src/install/maneuver/include/maneuver/maneuver/srv/detail/lift_off__rosidl_typesupport_introspection_c.h\n'}
[0.331778] (maneuver) StdoutLine: {'line': b'-- Up-to-date: /ros_ws/src/install/maneuver/include/maneuver/maneuver/srv/detail/goto6_d_point__type_support.c\n'}
[0.331838] (maneuver) StdoutLine: {'line': b'-- Up-to-date: /ros_ws/src/install/maneuver/include/maneuver/maneuver/srv/detail/lift_off__type_support.c\n'}
[0.331902] (maneuver) StdoutLine: {'line': b'-- Up-to-date: /ros_ws/src/install/maneuver/include/maneuver/maneuver/srv/detail/land__type_support.c\n'}
[0.331948] (maneuver) StdoutLine: {'line': b'-- Up-to-date: /ros_ws/src/install/maneuver/include/maneuver/maneuver/srv/detail/ellipse5_d__type_support.c\n'}
[0.331998] (maneuver) StdoutLine: {'line': b'-- Up-to-date: /ros_ws/src/install/maneuver/include/maneuver/maneuver/srv/detail/goto_point__rosidl_typesupport_introspection_c.h\n'}
[0.332066] (maneuver) StdoutLine: {'line': b'-- Up-to-date: /ros_ws/src/install/maneuver/include/maneuver/maneuver/srv/detail/goto_point__type_support.c\n'}
[0.332127] (maneuver) StdoutLine: {'line': b'-- Up-to-date: /ros_ws/src/install/maneuver/include/maneuver/maneuver/srv/detail/rotate_to__type_support.c\n'}
[0.332173] (maneuver) StdoutLine: {'line': b'-- Up-to-date: /ros_ws/src/install/maneuver/include/maneuver/maneuver/srv/detail/land__rosidl_typesupport_introspection_c.h\n'}
[0.332218] (maneuver) StdoutLine: {'line': b'-- Up-to-date: /ros_ws/src/install/maneuver/include/maneuver/maneuver/srv/detail/full_flip__rosidl_typesupport_introspection_c.h\n'}
[0.332262] (maneuver) StdoutLine: {'line': b'-- Up-to-date: /ros_ws/src/install/maneuver/include/maneuver/maneuver/srv/detail/arm_disarm__type_support.c\n'}
[0.332313] (maneuver) StdoutLine: {'line': b'-- Up-to-date: /ros_ws/src/install/maneuver/include/maneuver/maneuver/srv/detail/arm_disarm__rosidl_typesupport_introspection_c.h\n'}
[0.332357] (maneuver) StdoutLine: {'line': b'-- Up-to-date: /ros_ws/src/install/maneuver/lib/libmaneuver__rosidl_typesupport_introspection_c.so\n'}
[0.332402] (maneuver) StdoutLine: {'line': b'-- Up-to-date: /ros_ws/src/install/maneuver/lib/libmaneuver__rosidl_typesupport_c.so\n'}
[0.332447] (maneuver) StdoutLine: {'line': b'-- Up-to-date: /ros_ws/src/install/maneuver/include/maneuver/maneuver\n'}
[0.332493] (maneuver) StdoutLine: {'line': b'-- Up-to-date: /ros_ws/src/install/maneuver/include/maneuver/maneuver/msg\n'}
[0.332538] (maneuver) StdoutLine: {'line': b'-- Up-to-date: /ros_ws/src/install/maneuver/include/maneuver/maneuver/msg/detail\n'}
[0.332584] (maneuver) StdoutLine: {'line': b'-- Up-to-date: /ros_ws/src/install/maneuver/include/maneuver/maneuver/msg/detail/full_pose__rosidl_typesupport_introspection_cpp.hpp\n'}
[0.332630] (maneuver) StdoutLine: {'line': b'-- Up-to-date: /ros_ws/src/install/maneuver/include/maneuver/maneuver/msg/detail/full_pose__type_support.cpp\n'}
[0.332678] (maneuver) StdoutLine: {'line': b'-- Up-to-date: /ros_ws/src/install/maneuver/include/maneuver/maneuver/srv\n'}
[0.332724] (maneuver) StdoutLine: {'line': b'-- Up-to-date: /ros_ws/src/install/maneuver/include/maneuver/maneuver/srv/detail\n'}
[0.332770] (maneuver) StdoutLine: {'line': b'-- Up-to-date: /ros_ws/src/install/maneuver/include/maneuver/maneuver/srv/detail/goto_point__rosidl_typesupport_introspection_cpp.hpp\n'}
[0.332815] (maneuver) StdoutLine: {'line': b'-- Up-to-date: /ros_ws/src/install/maneuver/include/maneuver/maneuver/srv/detail/arm_disarm__rosidl_typesupport_introspection_cpp.hpp\n'}
[0.332859] (maneuver) StdoutLine: {'line': b'-- Up-to-date: /ros_ws/src/install/maneuver/include/maneuver/maneuver/srv/detail/rotate_to__rosidl_typesupport_introspection_cpp.hpp\n'}
[0.332904] (maneuver) StdoutLine: {'line': b'-- Up-to-date: /ros_ws/src/install/maneuver/include/maneuver/maneuver/srv/detail/goto_point__type_support.cpp\n'}
[0.332948] (maneuver) StdoutLine: {'line': b'-- Up-to-date: /ros_ws/src/install/maneuver/include/maneuver/maneuver/srv/detail/goto6_d_point__type_support.cpp\n'}
[0.332993] (maneuver) StdoutLine: {'line': b'-- Up-to-date: /ros_ws/src/install/maneuver/include/maneuver/maneuver/srv/detail/lift_off__type_support.cpp\n'}
[0.333037] (maneuver) StdoutLine: {'line': b'-- Up-to-date: /ros_ws/src/install/maneuver/include/maneuver/maneuver/srv/detail/full_flip__type_support.cpp\n'}
[0.333082] (maneuver) StdoutLine: {'line': b'-- Up-to-date: /ros_ws/src/install/maneuver/include/maneuver/maneuver/srv/detail/ellipse5_d__type_support.cpp\n'}
[0.333126] (maneuver) StdoutLine: {'line': b'-- Up-to-date: /ros_ws/src/install/maneuver/include/maneuver/maneuver/srv/detail/land__type_support.cpp\n'}
[0.333178] (maneuver) StdoutLine: {'line': b'-- Up-to-date: /ros_ws/src/install/maneuver/include/maneuver/maneuver/srv/detail/goto6_d_point__rosidl_typesupport_introspection_cpp.hpp\n'}
[0.333234] (maneuver) StdoutLine: {'line': b'-- Up-to-date: /ros_ws/src/install/maneuver/include/maneuver/maneuver/srv/detail/land__rosidl_typesupport_introspection_cpp.hpp\n'}
[0.333279] (maneuver) StdoutLine: {'line': b'-- Up-to-date: /ros_ws/src/install/maneuver/include/maneuver/maneuver/srv/detail/ellipse5_d__rosidl_typesupport_introspection_cpp.hpp\n'}
[0.333324] (maneuver) StdoutLine: {'line': b'-- Up-to-date: /ros_ws/src/install/maneuver/include/maneuver/maneuver/srv/detail/full_flip__rosidl_typesupport_introspection_cpp.hpp\n'}
[0.333370] (maneuver) StdoutLine: {'line': b'-- Up-to-date: /ros_ws/src/install/maneuver/include/maneuver/maneuver/srv/detail/lift_off__rosidl_typesupport_introspection_cpp.hpp\n'}
[0.333414] (maneuver) StdoutLine: {'line': b'-- Up-to-date: /ros_ws/src/install/maneuver/include/maneuver/maneuver/srv/detail/arm_disarm__type_support.cpp\n'}
[0.333462] (maneuver) StdoutLine: {'line': b'-- Up-to-date: /ros_ws/src/install/maneuver/include/maneuver/maneuver/srv/detail/rotate_to__type_support.cpp\n'}
[0.333506] (maneuver) StdoutLine: {'line': b'-- Up-to-date: /ros_ws/src/install/maneuver/lib/libmaneuver__rosidl_typesupport_introspection_cpp.so\n'}
[0.333550] (maneuver) StdoutLine: {'line': b'-- Up-to-date: /ros_ws/src/install/maneuver/lib/libmaneuver__rosidl_typesupport_cpp.so\n'}
[0.333596] (maneuver) StdoutLine: {'line': b'-- Up-to-date: /ros_ws/src/install/maneuver/share/maneuver/environment/pythonpath.sh\n'}
[0.333640] (maneuver) StdoutLine: {'line': b'-- Up-to-date: /ros_ws/src/install/maneuver/share/maneuver/environment/pythonpath.dsv\n'}
[0.333684] (maneuver) StdoutLine: {'line': b'-- Up-to-date: /ros_ws/src/install/maneuver/lib/python3.12/site-packages/maneuver-0.1.0-py3.12.egg-info\n'}
[0.333729] (maneuver) StdoutLine: {'line': b'-- Installing: /ros_ws/src/install/maneuver/lib/python3.12/site-packages/maneuver-0.1.0-py3.12.egg-info/dependency_links.txt\n'}
[0.333774] (maneuver) StdoutLine: {'line': b'-- Installing: /ros_ws/src/install/maneuver/lib/python3.12/site-packages/maneuver-0.1.0-py3.12.egg-info/SOURCES.txt\n'}
[0.333822] (maneuver) StdoutLine: {'line': b'-- Installing: /ros_ws/src/install/maneuver/lib/python3.12/site-packages/maneuver-0.1.0-py3.12.egg-info/top_level.txt\n'}
[0.333868] (maneuver) StdoutLine: {'line': b'-- Installing: /ros_ws/src/install/maneuver/lib/python3.12/site-packages/maneuver-0.1.0-py3.12.egg-info/PKG-INFO\n'}
[0.333913] (maneuver) StdoutLine: {'line': b'-- Up-to-date: /ros_ws/src/install/maneuver/lib/python3.12/site-packages/maneuver\n'}
[0.333957] (maneuver) StdoutLine: {'line': b'-- Up-to-date: /ros_ws/src/install/maneuver/lib/python3.12/site-packages/maneuver/maneuver_s__rosidl_typesupport_fastrtps_c.so\n'}
[0.334002] (maneuver) StdoutLine: {'line': b'-- Up-to-date: /ros_ws/src/install/maneuver/lib/python3.12/site-packages/maneuver/_maneuver_s.ep.rosidl_typesupport_introspection_c.c\n'}
[0.334052] (maneuver) StdoutLine: {'line': b'-- Up-to-date: /ros_ws/src/install/maneuver/lib/python3.12/site-packages/maneuver/msg\n'}
[0.334097] (maneuver) StdoutLine: {'line': b'-- Up-to-date: /ros_ws/src/install/maneuver/lib/python3.12/site-packages/maneuver/msg/__init__.py\n'}
[0.334143] (maneuver) StdoutLine: {'line': b'-- Up-to-date: /ros_ws/src/install/maneuver/lib/python3.12/site-packages/maneuver/msg/_full_pose_s.c\n'}
[0.334187] (maneuver) StdoutLine: {'line': b'-- Up-to-date: /ros_ws/src/install/maneuver/lib/python3.12/site-packages/maneuver/msg/_full_pose.py\n'}
[0.334231] (maneuver) StdoutLine: {'line': b'-- Up-to-date: /ros_ws/src/install/maneuver/lib/python3.12/site-packages/maneuver/_maneuver_s.ep.rosidl_typesupport_fastrtps_c.c\n'}
[0.334275] (maneuver) StdoutLine: {'line': b'-- Up-to-date: /ros_ws/src/install/maneuver/lib/python3.12/site-packages/maneuver/__init__.py\n'}
[0.334320] (maneuver) StdoutLine: {'line': b'-- Up-to-date: /ros_ws/src/install/maneuver/lib/python3.12/site-packages/maneuver/srv\n'}
[0.334364] (maneuver) StdoutLine: {'line': b'-- Up-to-date: /ros_ws/src/install/maneuver/lib/python3.12/site-packages/maneuver/srv/_goto6_d_point_s.c\n'}
[0.334409] (maneuver) StdoutLine: {'line': b'-- Up-to-date: /ros_ws/src/install/maneuver/lib/python3.12/site-packages/maneuver/srv/_goto6_d_point.py\n'}
[0.334453] (maneuver) StdoutLine: {'line': b'-- Up-to-date: /ros_ws/src/install/maneuver/lib/python3.12/site-packages/maneuver/srv/_land_s.c\n'}
[0.334499] (maneuver) StdoutLine: {'line': b'-- Up-to-date: /ros_ws/src/install/maneuver/lib/python3.12/site-packages/maneuver/srv/_lift_off_s.c\n'}
[0.334544] (maneuver) StdoutLine: {'line': b'-- Up-to-date: /ros_ws/src/install/maneuver/lib/python3.12/site-packages/maneuver/srv/_goto_point.py\n'}
[0.334588] (maneuver) StdoutLine: {'line': b'-- Up-to-date: /ros_ws/src/install/maneuver/lib/python3.12/site-packages/maneuver/srv/_ellipse5_d_s.c\n'}
[0.334631] (maneuver) StdoutLine: {'line': b'-- Up-to-date: /ros_ws/src/install/maneuver/lib/python3.12/site-packages/maneuver/srv/_full_flip.py\n'}
[0.334676] (maneuver) StdoutLine: {'line': b'-- Up-to-date: /ros_ws/src/install/maneuver/lib/python3.12/site-packages/maneuver/srv/_rotate_to.py\n'}
[0.334719] (maneuver) StdoutLine: {'line': b'-- Up-to-date: /ros_ws/src/install/maneuver/lib/python3.12/site-packages/maneuver/srv/_rotate_to_s.c\n'}
[0.334764] (maneuver) StdoutLine: {'line': b'-- Up-to-date: /ros_ws/src/install/maneuver/lib/python3.12/site-packages/maneuver/srv/_ellipse5_d.py\n'}
[0.334808] (maneuver) StdoutLine: {'line': b'-- Up-to-date: /ros_ws/src/install/maneuver/lib/python3.12/site-packages/maneuver/srv/_arm_disarm.py\n'}
[0.334853] (maneuver) StdoutLine: {'line': b'-- Up-to-date: /ros_ws/src/install/maneuver/lib/python3.12/site-packages/maneuver/srv/_arm_disarm_s.c\n'}
[0.334898] (maneuver) StdoutLine: {'line': b'-- Up-to-date: /ros_ws/src/install/maneuver/lib/python3.12/site-packages/maneuver/srv/__init__.py\n'}
[0.334943] (maneuver) StdoutLine: {'line': b'-- Up-to-date: /ros_ws/src/install/maneuver/lib/python3.12/site-packages/maneuver/srv/_goto_point_s.c\n'}
[0.334988] (maneuver) StdoutLine: {'line': b'-- Up-to-date: /ros_ws/src/install/maneuver/lib/python3.12/site-packages/maneuver/srv/_full_flip_s.c\n'}
[0.335041] (maneuver) StdoutLine: {'line': b'-- Up-to-date: /ros_ws/src/install/maneuver/lib/python3.12/site-packages/maneuver/srv/_lift_off.py\n'}
[0.335086] (maneuver) StdoutLine: {'line': b'-- Up-to-date: /ros_ws/src/install/maneuver/lib/python3.12/site-packages/maneuver/srv/_land.py\n'}
[0.335133] (maneuver) StdoutLine: {'line': b'-- Up-to-date: /ros_ws/src/install/maneuver/lib/python3.12/site-packages/maneuver/_maneuver_s.ep.rosidl_typesupport_c.c\n'}
[0.335179] (maneuver) StdoutLine: {'line': b'-- Up-to-date: /ros_ws/src/install/maneuver/lib/python3.12/site-packages/maneuver/maneuver_s__rosidl_typesupport_c.so\n'}
[0.335225] (maneuver) StdoutLine: {'line': b'-- Up-to-date: /ros_ws/src/install/maneuver/lib/python3.12/site-packages/maneuver/maneuver_s__rosidl_typesupport_introspection_c.so\n'}
[0.350751] (maneuver) StdoutLine: {'line': b"Listing '/ros_ws/src/install/maneuver/lib/python3.12/site-packages/maneuver'...\n"}
[0.350850] (maneuver) StdoutLine: {'line': b"Listing '/ros_ws/src/install/maneuver/lib/python3.12/site-packages/maneuver/msg'...\n"}
[0.350898] (maneuver) StdoutLine: {'line': b"Listing '/ros_ws/src/install/maneuver/lib/python3.12/site-packages/maneuver/srv'...\n"}
[0.354032] (maneuver) StdoutLine: {'line': b'-- Up-to-date: /ros_ws/src/install/maneuver/lib/python3.12/site-packages/maneuver/maneuver_s__rosidl_typesupport_fastrtps_c.so\n'}
[0.354203] (maneuver) StdoutLine: {'line': b'-- Up-to-date: /ros_ws/src/install/maneuver/lib/python3.12/site-packages/maneuver/maneuver_s__rosidl_typesupport_introspection_c.so\n'}
[0.354284] (maneuver) StdoutLine: {'line': b'-- Up-to-date: /ros_ws/src/install/maneuver/lib/python3.12/site-packages/maneuver/maneuver_s__rosidl_typesupport_c.so\n'}
[0.354352] (maneuver) StdoutLine: {'line': b'-- Up-to-date: /ros_ws/src/install/maneuver/lib/libmaneuver__rosidl_generator_py.so\n'}
[0.354493] (maneuver) StdoutLine: {'line': b'-- Up-to-date: /ros_ws/src/install/maneuver/share/maneuver/msg/FullPose.idl\n'}
[0.354599] (maneuver) StdoutLine: {'line': b'-- Up-to-date: /ros_ws/src/install/maneuver/share/maneuver/srv/LiftOff.idl\n'}
[0.354665] (maneuver) StdoutLine: {'line': b'-- Up-to-date: /ros_ws/src/install/maneuver/share/maneuver/srv/ArmDisarm.idl\n'}
[0.354718] (maneuver) StdoutLine: {'line': b'-- Up-to-date: /ros_ws/src/install/maneuver/share/maneuver/srv/GotoPoint.idl\n'}
[0.354770] (maneuver) StdoutLine: {'line': b'-- Up-to-date: /ros_ws/src/install/maneuver/share/maneuver/srv/Goto6DPoint.idl\n'}
[0.354815] (maneuver) StdoutLine: {'line': b'-- Up-to-date: /ros_ws/src/install/maneuver/share/maneuver/srv/Ellipse5D.idl\n'}
[0.354859] (maneuver) StdoutLine: {'line': b'-- Up-to-date: /ros_ws/src/install/maneuver/share/maneuver/srv/RotateTo.idl\n'}
[0.354904] (maneuver) StdoutLine: {'line': b'-- Up-to-date: /ros_ws/src/install/maneuver/share/maneuver/srv/Land.idl\n'}
[0.354986] (maneuver) StdoutLine: {'line': b'-- Up-to-date: /ros_ws/src/install/maneuver/share/maneuver/srv/FullFlip.idl\n'}
[0.355049] (maneuver) StdoutLine: {'line': b'-- Up-to-date: /ros_ws/src/install/maneuver/share/maneuver/msg/FullPose.msg\n'}
[0.355100] (maneuver) StdoutLine: {'line': b'-- Up-to-date: /ros_ws/src/install/maneuver/share/maneuver/srv/LiftOff.srv\n'}
[0.355143] (maneuver) StdoutLine: {'line': b'-- Up-to-date: /ros_ws/src/install/maneuver/share/maneuver/srv/ArmDisarm.srv\n'}
[0.355188] (maneuver) StdoutLine: {'line': b'-- Up-to-date: /ros_ws/src/install/maneuver/share/maneuver/srv/GotoPoint.srv\n'}
[0.355234] (maneuver) StdoutLine: {'line': b'-- Up-to-date: /ros_ws/src/install/maneuver/share/maneuver/srv/Goto6DPoint.srv\n'}
[0.355279] (maneuver) StdoutLine: {'line': b'-- Up-to-date: /ros_ws/src/install/maneuver/share/maneuver/srv/Ellipse5D.srv\n'}
[0.355324] (maneuver) StdoutLine: {'line': b'-- Up-to-date: /ros_ws/src/install/maneuver/share/maneuver/srv/RotateTo.srv\n'}
[0.355368] (maneuver) StdoutLine: {'line': b'-- Up-to-date: /ros_ws/src/install/maneuver/share/maneuver/srv/Land.srv\n'}
[0.355436] (maneuver) StdoutLine: {'line': b'-- Up-to-date: /ros_ws/src/install/maneuver/share/maneuver/srv/FullFlip.srv\n'}
[0.355491] (maneuver) StdoutLine: {'line': b'-- Up-to-date: /ros_ws/src/install/maneuver/lib/maneuver/maneuver_node\n'}
[0.355544] (maneuver) StdoutLine: {'line': b'-- Up-to-date: /ros_ws/src/install/maneuver/share/maneuver//launch\n'}
[0.355589] (maneuver) StdoutLine: {'line': b'-- Up-to-date: /ros_ws/src/install/maneuver/share/maneuver//launch/maneuver.launch.py\n'}
[0.355633] (maneuver) StdoutLine: {'line': b'-- Up-to-date: /ros_ws/src/install/maneuver/share/ament_index/resource_index/package_run_dependencies/maneuver\n'}
[0.355698] (maneuver) StdoutLine: {'line': b'-- Up-to-date: /ros_ws/src/install/maneuver/share/ament_index/resource_index/parent_prefix_path/maneuver\n'}
[0.355745] (maneuver) StdoutLine: {'line': b'-- Up-to-date: /ros_ws/src/install/maneuver/share/maneuver/environment/ament_prefix_path.sh\n'}
[0.355790] (maneuver) StdoutLine: {'line': b'-- Up-to-date: /ros_ws/src/install/maneuver/share/maneuver/environment/ament_prefix_path.dsv\n'}
[0.355860] (maneuver) StdoutLine: {'line': b'-- Up-to-date: /ros_ws/src/install/maneuver/share/maneuver/environment/path.sh\n'}
[0.355905] (maneuver) StdoutLine: {'line': b'-- Up-to-date: /ros_ws/src/install/maneuver/share/maneuver/environment/path.dsv\n'}
[0.355949] (maneuver) StdoutLine: {'line': b'-- Up-to-date: /ros_ws/src/install/maneuver/share/maneuver/local_setup.bash\n'}
[0.356004] (maneuver) StdoutLine: {'line': b'-- Up-to-date: /ros_ws/src/install/maneuver/share/maneuver/local_setup.sh\n'}
[0.356047] (maneuver) StdoutLine: {'line': b'-- Up-to-date: /ros_ws/src/install/maneuver/share/maneuver/local_setup.zsh\n'}
[0.356089] (maneuver) StdoutLine: {'line': b'-- Up-to-date: /ros_ws/src/install/maneuver/share/maneuver/local_setup.dsv\n'}
[0.356131] (maneuver) StdoutLine: {'line': b'-- Installing: /ros_ws/src/install/maneuver/share/maneuver/package.dsv\n'}
[0.356172] (maneuver) StdoutLine: {'line': b'-- Up-to-date: /ros_ws/src/install/maneuver/share/ament_index/resource_index/packages/maneuver\n'}
[0.356217] (maneuver) StdoutLine: {'line': b'-- Up-to-date: /ros_ws/src/install/maneuver/share/maneuver/cmake/export_maneuver__rosidl_generator_cExport.cmake\n'}
[0.356260] (maneuver) StdoutLine: {'line': b'-- Up-to-date: /ros_ws/src/install/maneuver/share/maneuver/cmake/export_maneuver__rosidl_generator_cExport-noconfig.cmake\n'}
[0.356302] (maneuver) StdoutLine: {'line': b'-- Up-to-date: /ros_ws/src/install/maneuver/share/maneuver/cmake/export_maneuver__rosidl_typesupport_fastrtps_cExport.cmake\n'}
[0.356344] (maneuver) StdoutLine: {'line': b'-- Up-to-date: /ros_ws/src/install/maneuver/share/maneuver/cmake/export_maneuver__rosidl_typesupport_fastrtps_cExport-noconfig.cmake\n'}
[0.356387] (maneuver) StdoutLine: {'line': b'-- Up-to-date: /ros_ws/src/install/maneuver/share/maneuver/cmake/export_maneuver__rosidl_generator_cppExport.cmake\n'}
[0.356429] (maneuver) StdoutLine: {'line': b'-- Up-to-date: /ros_ws/src/install/maneuver/share/maneuver/cmake/export_maneuver__rosidl_typesupport_fastrtps_cppExport.cmake\n'}
[0.356471] (maneuver) StdoutLine: {'line': b'-- Up-to-date: /ros_ws/src/install/maneuver/share/maneuver/cmake/export_maneuver__rosidl_typesupport_fastrtps_cppExport-noconfig.cmake\n'}
[0.356514] (maneuver) StdoutLine: {'line': b'-- Up-to-date: /ros_ws/src/install/maneuver/share/maneuver/cmake/maneuver__rosidl_typesupport_introspection_cExport.cmake\n'}
[0.356556] (maneuver) StdoutLine: {'line': b'-- Up-to-date: /ros_ws/src/install/maneuver/share/maneuver/cmake/maneuver__rosidl_typesupport_introspection_cExport-noconfig.cmake\n'}
[0.356597] (maneuver) StdoutLine: {'line': b'-- Up-to-date: /ros_ws/src/install/maneuver/share/maneuver/cmake/maneuver__rosidl_typesupport_cExport.cmake\n'}
[0.356639] (maneuver) StdoutLine: {'line': b'-- Up-to-date: /ros_ws/src/install/maneuver/share/maneuver/cmake/maneuver__rosidl_typesupport_cExport-noconfig.cmake\n'}
[0.356682] (maneuver) StdoutLine: {'line': b'-- Up-to-date: /ros_ws/src/install/maneuver/share/maneuver/cmake/maneuver__rosidl_typesupport_introspection_cppExport.cmake\n'}
[0.356726] (maneuver) StdoutLine: {'line': b'-- Up-to-date: /ros_ws/src/install/maneuver/share/maneuver/cmake/maneuver__rosidl_typesupport_introspection_cppExport-noconfig.cmake\n'}
[0.356769] (maneuver) StdoutLine: {'line': b'-- Up-to-date: /ros_ws/src/install/maneuver/share/maneuver/cmake/maneuver__rosidl_typesupport_cppExport.cmake\n'}
[0.356811] (maneuver) StdoutLine: {'line': b'-- Up-to-date: /ros_ws/src/install/maneuver/share/maneuver/cmake/maneuver__rosidl_typesupport_cppExport-noconfig.cmake\n'}
[0.356853] (maneuver) StdoutLine: {'line': b'-- Up-to-date: /ros_ws/src/install/maneuver/share/maneuver/cmake/export_maneuver__rosidl_generator_pyExport.cmake\n'}
[0.356895] (maneuver) StdoutLine: {'line': b'-- Up-to-date: /ros_ws/src/install/maneuver/share/maneuver/cmake/export_maneuver__rosidl_generator_pyExport-noconfig.cmake\n'}
[0.356944] (maneuver) StdoutLine: {'line': b'-- Up-to-date: /ros_ws/src/install/maneuver/share/maneuver/cmake/rosidl_cmake-extras.cmake\n'}
[0.356988] (maneuver) StdoutLine: {'line': b'-- Up-to-date: /ros_ws/src/install/maneuver/share/maneuver/cmake/ament_cmake_export_dependencies-extras.cmake\n'}
[0.357065] (maneuver) StdoutLine: {'line': b'-- Up-to-date: /ros_ws/src/install/maneuver/share/maneuver/cmake/ament_cmake_export_include_directories-extras.cmake\n'}
[0.357111] (maneuver) StdoutLine: {'line': b'-- Up-to-date: /ros_ws/src/install/maneuver/share/maneuver/cmake/ament_cmake_export_libraries-extras.cmake\n'}
[0.357157] (maneuver) StdoutLine: {'line': b'-- Up-to-date: /ros_ws/src/install/maneuver/share/maneuver/cmake/ament_cmake_export_targets-extras.cmake\n'}
[0.357250] (maneuver) StdoutLine: {'line': b'-- Up-to-date: /ros_ws/src/install/maneuver/share/maneuver/cmake/rosidl_cmake_export_typesupport_targets-extras.cmake\n'}
[0.357331] (maneuver) StdoutLine: {'line': b'-- Up-to-date: /ros_ws/src/install/maneuver/share/maneuver/cmake/rosidl_cmake_export_typesupport_libraries-extras.cmake\n'}
[0.357374] (maneuver) StdoutLine: {'line': b'-- Up-to-date: /ros_ws/src/install/maneuver/share/maneuver/cmake/maneuverConfig.cmake\n'}
[0.357418] (maneuver) StdoutLine: {'line': b'-- Up-to-date: /ros_ws/src/install/maneuver/share/maneuver/cmake/maneuverConfig-version.cmake\n'}
[0.357462] (maneuver) StdoutLine: {'line': b'-- Up-to-date: /ros_ws/src/install/maneuver/share/maneuver/package.xml\n'}
[0.357771] (maneuver) CommandEnded: {'returncode': 0}
[0.368050] (maneuver) JobEnded: {'identifier': 'maneuver', 'rc': 0}
[0.368577] (controller) JobStarted: {'identifier': 'controller'}
[0.371128] (uav_simulator) JobStarted: {'identifier': 'uav_simulator'}
[0.375448] (controller) JobProgress: {'identifier': 'controller', 'progress': 'cmake'}
[0.375802] (controller) JobProgress: {'identifier': 'controller', 'progress': 'build'}
[0.376045] (controller) Command: {'cmd': ['/usr/bin/cmake', '--build', '/ros_ws/src/build/controller', '--', '-j16', '-l16'], 'cwd': '/ros_ws/src/build/controller', 'env': OrderedDict({'HOSTNAME': 'ADUAED19005LPLX', 'SHLVL': '1', 'LD_LIBRARY_PATH': '/ros_ws/src/install/maneuver/lib:/ros_ws/src/install/libkdtp/lib:/ros_ws/src/install/uav_simulator/lib:/ros_ws/src/install/controller/lib:/ros_ws/install/uav_simulator/lib:/ros_ws/install/my_ros2_package/lib:/ros_ws/install/controller/lib:/ros_ws/install/maneuver/lib:/ros_ws/install/libkdtp/lib:/opt/ros/jazzy/opt/rviz_ogre_vendor/lib:/opt/ros/jazzy/lib/x86_64-linux-gnu:/opt/ros/jazzy/opt/gz_math_vendor/lib:/opt/ros/jazzy/opt/gz_utils_vendor/lib:/opt/ros/jazzy/opt/gz_cmake_vendor/lib:/opt/ros/jazzy/lib', 'HOME': '/root', 'OLDPWD': '/ros_ws/src/firmware/launch', 'ROS_PYTHON_VERSION': '3', 'COLCON_PREFIX_PATH': '/ros_ws/src/install:/ros_ws/install', 'ROS_DISTRO': 'jazzy', '_': '/usr/bin/colcon', 'ROS_VERSION': '2', 'TERM': 'xterm', 'PATH': '/opt/ros/jazzy/bin:/usr/local/sbin:/usr/local/bin:/usr/sbin:/usr/bin:/sbin:/bin', 'LANG': 'C.UTF-8', 'LS_COLORS': 'rs=0:di=01;34:ln=01;36:mh=00:pi=40;33:so=01;35:do=01;35:bd=40;33;01:cd=40;33;01:or=40;31;01:mi=00:su=37;41:sg=30;43:ca=00:tw=30;42:ow=34;42:st=37;44:ex=01;32:*.tar=01;31:*.tgz=01;31:*.arc=01;31:*.arj=01;31:*.taz=01;31:*.lha=01;31:*.lz4=01;31:*.lzh=01;31:*.lzma=01;31:*.tlz=01;31:*.txz=01;31:*.tzo=01;31:*.t7z=01;31:*.zip=01;31:*.z=01;31:*.dz=01;31:*.gz=01;31:*.lrz=01;31:*.lz=01;31:*.lzo=01;31:*.xz=01;31:*.zst=01;31:*.tzst=01;31:*.bz2=01;31:*.bz=01;31:*.tbz=01;31:*.tbz2=01;31:*.tz=01;31:*.deb=01;31:*.rpm=01;31:*.jar=01;31:*.war=01;31:*.ear=01;31:*.sar=01;31:*.rar=01;31:*.alz=01;31:*.ace=01;31:*.zoo=01;31:*.cpio=01;31:*.7z=01;31:*.rz=01;31:*.cab=01;31:*.wim=01;31:*.swm=01;31:*.dwm=01;31:*.esd=01;31:*.avif=01;35:*.jpg=01;35:*.jpeg=01;35:*.mjpg=01;35:*.mjpeg=01;35:*.gif=01;35:*.bmp=01;35:*.pbm=01;35:*.pgm=01;35:*.ppm=01;35:*.tga=01;35:*.xbm=01;35:*.xpm=01;35:*.tif=01;35:*.tiff=01;35:*.png=01;35:*.svg=01;35:*.svgz=01;35:*.mng=01;35:*.pcx=01;35:*.mov=01;35:*.mpg=01;35:*.mpeg=01;35:*.m2v=01;35:*.mkv=01;35:*.webm=01;35:*.webp=01;35:*.ogm=01;35:*.mp4=01;35:*.m4v=01;35:*.mp4v=01;35:*.vob=01;35:*.qt=01;35:*.nuv=01;35:*.wmv=01;35:*.asf=01;35:*.rm=01;35:*.rmvb=01;35:*.flc=01;35:*.avi=01;35:*.fli=01;35:*.flv=01;35:*.gl=01;35:*.dl=01;35:*.xcf=01;35:*.xwd=01;35:*.yuv=01;35:*.cgm=01;35:*.emf=01;35:*.ogv=01;35:*.ogx=01;35:*.aac=00;36:*.au=00;36:*.flac=00;36:*.m4a=00;36:*.mid=00;36:*.midi=00;36:*.mka=00;36:*.mp3=00;36:*.mpc=00;36:*.ogg=00;36:*.ra=00;36:*.wav=00;36:*.oga=00;36:*.opus=00;36:*.spx=00;36:*.xspf=00;36:*~=00;90:*#=00;90:*.bak=00;90:*.crdownload=00;90:*.dpkg-dist=00;90:*.dpkg-new=00;90:*.dpkg-old=00;90:*.dpkg-tmp=00;90:*.old=00;90:*.orig=00;90:*.part=00;90:*.rej=00;90:*.rpmnew=00;90:*.rpmorig=00;90:*.rpmsave=00;90:*.swp=00;90:*.tmp=00;90:*.ucf-dist=00;90:*.ucf-new=00;90:*.ucf-old=00;90:', 'AMENT_PREFIX_PATH': '/ros_ws/src/install/uav_simulator:/ros_ws/src/install/controller:/ros_ws/src/install/maneuver:/ros_ws/src/install/libkdtp:/ros_ws/src/install/firmware:/ros_ws/install/firmware:/ros_ws/install/uav_simulator:/ros_ws/install/my_ros2_package:/ros_ws/install/controller:/ros_ws/install/maneuver:/ros_ws/install/libkdtp:/opt/ros/jazzy', 'DEBIAN_FRONTEND': 'noninteractive', 'ROS_AUTOMATIC_DISCOVERY_RANGE': 'SUBNET', 'PWD': '/ros_ws/src/build/controller', 'LC_ALL': 'C.UTF-8', 'PYTHONPATH': '/ros_ws/src/install/maneuver/lib/python3.12/site-packages:/ros_ws/src/install/controller/lib/python3.12/site-packages:/ros_ws/install/my_ros2_package/lib/python3.12/site-packages:/ros_ws/install/controller/lib/python3.12/site-packages:/ros_ws/install/maneuver/lib/python3.12/site-packages:/opt/ros/jazzy/lib/python3.12/site-packages', 'COLCON': '1', 'CMAKE_PREFIX_PATH': '/ros_ws/src/install/maneuver:/ros_ws/src/install/libkdtp:/ros_ws/src/install/uav_simulator:/ros_ws/src/install/controller:/ros_ws/src/install/firmware:/ros_ws/install/firmware:/ros_ws/install/uav_simulator:/ros_ws/install/my_ros2_package:/ros_ws/install/controller:/ros_ws/install/maneuver:/ros_ws/install/libkdtp:/opt/ros/jazzy/opt/gz_math_vendor:/opt/ros/jazzy/opt/gz_utils_vendor:/opt/ros/jazzy/opt/gz_cmake_vendor:/opt/ros/jazzy'}), 'shell': False}
[0.377605] (uav_simulator) JobProgress: {'identifier': 'uav_simulator', 'progress': 'cmake'}
[0.378089] (uav_simulator) JobProgress: {'identifier': 'uav_simulator', 'progress': 'build'}
[0.378373] (uav_simulator) Command: {'cmd': ['/usr/bin/cmake', '--build', '/ros_ws/src/build/uav_simulator', '--', '-j16', '-l16'], 'cwd': '/ros_ws/src/build/uav_simulator', 'env': OrderedDict({'HOSTNAME': 'ADUAED19005LPLX', 'SHLVL': '1', 'LD_LIBRARY_PATH': '/ros_ws/src/install/maneuver/lib:/ros_ws/src/install/libkdtp/lib:/ros_ws/src/install/uav_simulator/lib:/ros_ws/src/install/controller/lib:/ros_ws/install/uav_simulator/lib:/ros_ws/install/my_ros2_package/lib:/ros_ws/install/controller/lib:/ros_ws/install/maneuver/lib:/ros_ws/install/libkdtp/lib:/opt/ros/jazzy/opt/rviz_ogre_vendor/lib:/opt/ros/jazzy/lib/x86_64-linux-gnu:/opt/ros/jazzy/opt/gz_math_vendor/lib:/opt/ros/jazzy/opt/gz_utils_vendor/lib:/opt/ros/jazzy/opt/gz_cmake_vendor/lib:/opt/ros/jazzy/lib', 'HOME': '/root', 'OLDPWD': '/ros_ws/src/firmware/launch', 'ROS_PYTHON_VERSION': '3', 'COLCON_PREFIX_PATH': '/ros_ws/src/install:/ros_ws/install', 'ROS_DISTRO': 'jazzy', '_': '/usr/bin/colcon', 'ROS_VERSION': '2', 'TERM': 'xterm', 'PATH': '/opt/ros/jazzy/bin:/usr/local/sbin:/usr/local/bin:/usr/sbin:/usr/bin:/sbin:/bin', 'LANG': 'C.UTF-8', 'LS_COLORS': 'rs=0:di=01;34:ln=01;36:mh=00:pi=40;33:so=01;35:do=01;35:bd=40;33;01:cd=40;33;01:or=40;31;01:mi=00:su=37;41:sg=30;43:ca=00:tw=30;42:ow=34;42:st=37;44:ex=01;32:*.tar=01;31:*.tgz=01;31:*.arc=01;31:*.arj=01;31:*.taz=01;31:*.lha=01;31:*.lz4=01;31:*.lzh=01;31:*.lzma=01;31:*.tlz=01;31:*.txz=01;31:*.tzo=01;31:*.t7z=01;31:*.zip=01;31:*.z=01;31:*.dz=01;31:*.gz=01;31:*.lrz=01;31:*.lz=01;31:*.lzo=01;31:*.xz=01;31:*.zst=01;31:*.tzst=01;31:*.bz2=01;31:*.bz=01;31:*.tbz=01;31:*.tbz2=01;31:*.tz=01;31:*.deb=01;31:*.rpm=01;31:*.jar=01;31:*.war=01;31:*.ear=01;31:*.sar=01;31:*.rar=01;31:*.alz=01;31:*.ace=01;31:*.zoo=01;31:*.cpio=01;31:*.7z=01;31:*.rz=01;31:*.cab=01;31:*.wim=01;31:*.swm=01;31:*.dwm=01;31:*.esd=01;31:*.avif=01;35:*.jpg=01;35:*.jpeg=01;35:*.mjpg=01;35:*.mjpeg=01;35:*.gif=01;35:*.bmp=01;35:*.pbm=01;35:*.pgm=01;35:*.ppm=01;35:*.tga=01;35:*.xbm=01;35:*.xpm=01;35:*.tif=01;35:*.tiff=01;35:*.png=01;35:*.svg=01;35:*.svgz=01;35:*.mng=01;35:*.pcx=01;35:*.mov=01;35:*.mpg=01;35:*.mpeg=01;35:*.m2v=01;35:*.mkv=01;35:*.webm=01;35:*.webp=01;35:*.ogm=01;35:*.mp4=01;35:*.m4v=01;35:*.mp4v=01;35:*.vob=01;35:*.qt=01;35:*.nuv=01;35:*.wmv=01;35:*.asf=01;35:*.rm=01;35:*.rmvb=01;35:*.flc=01;35:*.avi=01;35:*.fli=01;35:*.flv=01;35:*.gl=01;35:*.dl=01;35:*.xcf=01;35:*.xwd=01;35:*.yuv=01;35:*.cgm=01;35:*.emf=01;35:*.ogv=01;35:*.ogx=01;35:*.aac=00;36:*.au=00;36:*.flac=00;36:*.m4a=00;36:*.mid=00;36:*.midi=00;36:*.mka=00;36:*.mp3=00;36:*.mpc=00;36:*.ogg=00;36:*.ra=00;36:*.wav=00;36:*.oga=00;36:*.opus=00;36:*.spx=00;36:*.xspf=00;36:*~=00;90:*#=00;90:*.bak=00;90:*.crdownload=00;90:*.dpkg-dist=00;90:*.dpkg-new=00;90:*.dpkg-old=00;90:*.dpkg-tmp=00;90:*.old=00;90:*.orig=00;90:*.part=00;90:*.rej=00;90:*.rpmnew=00;90:*.rpmorig=00;90:*.rpmsave=00;90:*.swp=00;90:*.tmp=00;90:*.ucf-dist=00;90:*.ucf-new=00;90:*.ucf-old=00;90:', 'AMENT_PREFIX_PATH': '/ros_ws/src/install/uav_simulator:/ros_ws/src/install/controller:/ros_ws/src/install/maneuver:/ros_ws/src/install/libkdtp:/ros_ws/src/install/firmware:/ros_ws/install/firmware:/ros_ws/install/uav_simulator:/ros_ws/install/my_ros2_package:/ros_ws/install/controller:/ros_ws/install/maneuver:/ros_ws/install/libkdtp:/opt/ros/jazzy', 'DEBIAN_FRONTEND': 'noninteractive', 'ROS_AUTOMATIC_DISCOVERY_RANGE': 'SUBNET', 'PWD': '/ros_ws/src/build/uav_simulator', 'LC_ALL': 'C.UTF-8', 'PYTHONPATH': '/ros_ws/src/install/maneuver/lib/python3.12/site-packages:/ros_ws/src/install/controller/lib/python3.12/site-packages:/ros_ws/install/my_ros2_package/lib/python3.12/site-packages:/ros_ws/install/controller/lib/python3.12/site-packages:/ros_ws/install/maneuver/lib/python3.12/site-packages:/opt/ros/jazzy/lib/python3.12/site-packages', 'COLCON': '1', 'CMAKE_PREFIX_PATH': '/ros_ws/src/install/maneuver:/ros_ws/src/install/libkdtp:/ros_ws/src/install/uav_simulator:/ros_ws/src/install/controller:/ros_ws/src/install/firmware:/ros_ws/install/firmware:/ros_ws/install/uav_simulator:/ros_ws/install/my_ros2_package:/ros_ws/install/controller:/ros_ws/install/maneuver:/ros_ws/install/libkdtp:/opt/ros/jazzy/opt/gz_math_vendor:/opt/ros/jazzy/opt/gz_utils_vendor:/opt/ros/jazzy/opt/gz_cmake_vendor:/opt/ros/jazzy'}), 'shell': False}
[0.400003] (-) TimerEvent: {}
[0.408063] (controller) StdoutLine: {'line': b'[  1%] Built target controller__rosidl_generator_type_description\n'}
[0.413368] (controller) StdoutLine: {'line': b'[  1%] Built target ament_cmake_python_copy_controller\n'}
[0.418585] (uav_simulator) StdoutLine: {'line': b'[ 50%] Built target BetaMotorPlugin\n'}
[0.419328] (uav_simulator) StdoutLine: {'line': b'[100%] Built target OdometrySensor\n'}
[0.419869] (controller) StdoutLine: {'line': b'[  2%] Built target controller__cpp\n'}
[0.423000] (controller) StdoutLine: {'line': b'[ 25%] Built target controller__rosidl_generator_c\n'}
[0.425912] (uav_simulator) CommandEnded: {'returncode': 0}
[0.426430] (uav_simulator) JobProgress: {'identifier': 'uav_simulator', 'progress': 'install'}
[0.426763] (uav_simulator) Command: {'cmd': ['/usr/bin/cmake', '--install', '/ros_ws/src/build/uav_simulator'], 'cwd': '/ros_ws/src/build/uav_simulator', 'env': OrderedDict({'HOSTNAME': 'ADUAED19005LPLX', 'SHLVL': '1', 'LD_LIBRARY_PATH': '/ros_ws/src/install/maneuver/lib:/ros_ws/src/install/libkdtp/lib:/ros_ws/src/install/uav_simulator/lib:/ros_ws/src/install/controller/lib:/ros_ws/install/uav_simulator/lib:/ros_ws/install/my_ros2_package/lib:/ros_ws/install/controller/lib:/ros_ws/install/maneuver/lib:/ros_ws/install/libkdtp/lib:/opt/ros/jazzy/opt/rviz_ogre_vendor/lib:/opt/ros/jazzy/lib/x86_64-linux-gnu:/opt/ros/jazzy/opt/gz_math_vendor/lib:/opt/ros/jazzy/opt/gz_utils_vendor/lib:/opt/ros/jazzy/opt/gz_cmake_vendor/lib:/opt/ros/jazzy/lib', 'HOME': '/root', 'OLDPWD': '/ros_ws/src/firmware/launch', 'ROS_PYTHON_VERSION': '3', 'COLCON_PREFIX_PATH': '/ros_ws/src/install:/ros_ws/install', 'ROS_DISTRO': 'jazzy', '_': '/usr/bin/colcon', 'ROS_VERSION': '2', 'TERM': 'xterm', 'PATH': '/opt/ros/jazzy/bin:/usr/local/sbin:/usr/local/bin:/usr/sbin:/usr/bin:/sbin:/bin', 'LANG': 'C.UTF-8', 'LS_COLORS': 'rs=0:di=01;34:ln=01;36:mh=00:pi=40;33:so=01;35:do=01;35:bd=40;33;01:cd=40;33;01:or=40;31;01:mi=00:su=37;41:sg=30;43:ca=00:tw=30;42:ow=34;42:st=37;44:ex=01;32:*.tar=01;31:*.tgz=01;31:*.arc=01;31:*.arj=01;31:*.taz=01;31:*.lha=01;31:*.lz4=01;31:*.lzh=01;31:*.lzma=01;31:*.tlz=01;31:*.txz=01;31:*.tzo=01;31:*.t7z=01;31:*.zip=01;31:*.z=01;31:*.dz=01;31:*.gz=01;31:*.lrz=01;31:*.lz=01;31:*.lzo=01;31:*.xz=01;31:*.zst=01;31:*.tzst=01;31:*.bz2=01;31:*.bz=01;31:*.tbz=01;31:*.tbz2=01;31:*.tz=01;31:*.deb=01;31:*.rpm=01;31:*.jar=01;31:*.war=01;31:*.ear=01;31:*.sar=01;31:*.rar=01;31:*.alz=01;31:*.ace=01;31:*.zoo=01;31:*.cpio=01;31:*.7z=01;31:*.rz=01;31:*.cab=01;31:*.wim=01;31:*.swm=01;31:*.dwm=01;31:*.esd=01;31:*.avif=01;35:*.jpg=01;35:*.jpeg=01;35:*.mjpg=01;35:*.mjpeg=01;35:*.gif=01;35:*.bmp=01;35:*.pbm=01;35:*.pgm=01;35:*.ppm=01;35:*.tga=01;35:*.xbm=01;35:*.xpm=01;35:*.tif=01;35:*.tiff=01;35:*.png=01;35:*.svg=01;35:*.svgz=01;35:*.mng=01;35:*.pcx=01;35:*.mov=01;35:*.mpg=01;35:*.mpeg=01;35:*.m2v=01;35:*.mkv=01;35:*.webm=01;35:*.webp=01;35:*.ogm=01;35:*.mp4=01;35:*.m4v=01;35:*.mp4v=01;35:*.vob=01;35:*.qt=01;35:*.nuv=01;35:*.wmv=01;35:*.asf=01;35:*.rm=01;35:*.rmvb=01;35:*.flc=01;35:*.avi=01;35:*.fli=01;35:*.flv=01;35:*.gl=01;35:*.dl=01;35:*.xcf=01;35:*.xwd=01;35:*.yuv=01;35:*.cgm=01;35:*.emf=01;35:*.ogv=01;35:*.ogx=01;35:*.aac=00;36:*.au=00;36:*.flac=00;36:*.m4a=00;36:*.mid=00;36:*.midi=00;36:*.mka=00;36:*.mp3=00;36:*.mpc=00;36:*.ogg=00;36:*.ra=00;36:*.wav=00;36:*.oga=00;36:*.opus=00;36:*.spx=00;36:*.xspf=00;36:*~=00;90:*#=00;90:*.bak=00;90:*.crdownload=00;90:*.dpkg-dist=00;90:*.dpkg-new=00;90:*.dpkg-old=00;90:*.dpkg-tmp=00;90:*.old=00;90:*.orig=00;90:*.part=00;90:*.rej=00;90:*.rpmnew=00;90:*.rpmorig=00;90:*.rpmsave=00;90:*.swp=00;90:*.tmp=00;90:*.ucf-dist=00;90:*.ucf-new=00;90:*.ucf-old=00;90:', 'AMENT_PREFIX_PATH': '/ros_ws/src/install/uav_simulator:/ros_ws/src/install/controller:/ros_ws/src/install/maneuver:/ros_ws/src/install/libkdtp:/ros_ws/src/install/firmware:/ros_ws/install/firmware:/ros_ws/install/uav_simulator:/ros_ws/install/my_ros2_package:/ros_ws/install/controller:/ros_ws/install/maneuver:/ros_ws/install/libkdtp:/opt/ros/jazzy', 'DEBIAN_FRONTEND': 'noninteractive', 'ROS_AUTOMATIC_DISCOVERY_RANGE': 'SUBNET', 'PWD': '/ros_ws/src/build/uav_simulator', 'LC_ALL': 'C.UTF-8', 'PYTHONPATH': '/ros_ws/src/install/maneuver/lib/python3.12/site-packages:/ros_ws/src/install/controller/lib/python3.12/site-packages:/ros_ws/install/my_ros2_package/lib/python3.12/site-packages:/ros_ws/install/controller/lib/python3.12/site-packages:/ros_ws/install/maneuver/lib/python3.12/site-packages:/opt/ros/jazzy/lib/python3.12/site-packages', 'COLCON': '1', 'CMAKE_PREFIX_PATH': '/ros_ws/src/install/maneuver:/ros_ws/src/install/libkdtp:/ros_ws/src/install/uav_simulator:/ros_ws/src/install/controller:/ros_ws/src/install/firmware:/ros_ws/install/firmware:/ros_ws/install/uav_simulator:/ros_ws/install/my_ros2_package:/ros_ws/install/controller:/ros_ws/install/maneuver:/ros_ws/install/libkdtp:/opt/ros/jazzy/opt/gz_math_vendor:/opt/ros/jazzy/opt/gz_utils_vendor:/opt/ros/jazzy/opt/gz_cmake_vendor:/opt/ros/jazzy'}), 'shell': False}
[0.431714] (uav_simulator) StdoutLine: {'line': b'-- Install configuration: ""\n'}
[0.431897] (uav_simulator) StdoutLine: {'line': b'-- Up-to-date: /ros_ws/src/install/uav_simulator/lib/libBetaMotorPlugin.so\n'}
[0.431995] (uav_simulator) StdoutLine: {'line': b'-- Up-to-date: /ros_ws/src/install/uav_simulator/lib/libOdometrySensor.so\n'}
[0.432080] (uav_simulator) StdoutLine: {'line': b'-- Up-to-date: /ros_ws/src/install/uav_simulator/share/uav_simulator/launch\n'}
[0.432168] (uav_simulator) StdoutLine: {'line': b'-- Up-to-date: /ros_ws/src/install/uav_simulator/share/uav_simulator/launch/gazebo_launch.py\n'}
[0.432273] (uav_simulator) StdoutLine: {'line': b'-- Up-to-date: /ros_ws/src/install/uav_simulator/share/uav_simulator/launch/omnicopter_sim.launch.py\n'}
[0.432491] (uav_simulator) StdoutLine: {'line': b'-- Up-to-date: /ros_ws/src/install/uav_simulator/share/uav_simulator/worlds\n'}
[0.432592] (uav_simulator) StdoutLine: {'line': b'-- Up-to-date: /ros_ws/src/install/uav_simulator/share/uav_simulator/worlds/empty.sdf\n'}
[0.432693] (uav_simulator) StdoutLine: {'line': b'-- Up-to-date: /ros_ws/src/install/uav_simulator/share/uav_simulator/worlds/omnicopter.world\n'}
[0.432760] (uav_simulator) StdoutLine: {'line': b'-- Up-to-date: /ros_ws/src/install/uav_simulator/share/uav_simulator/worlds/models\n'}
[0.432901] (uav_simulator) StdoutLine: {'line': b'-- Up-to-date: /ros_ws/src/install/uav_simulator/share/uav_simulator/worlds/models/omnicopter\n'}
[0.432981] (uav_simulator) StdoutLine: {'line': b'-- Up-to-date: /ros_ws/src/install/uav_simulator/share/uav_simulator/worlds/models/omnicopter/meshes\n'}
[0.433058] (uav_simulator) StdoutLine: {'line': b'-- Up-to-date: /ros_ws/src/install/uav_simulator/share/uav_simulator/worlds/models/omnicopter/meshes/omni2.stl\n'}
[0.433135] (uav_simulator) StdoutLine: {'line': b'-- Up-to-date: /ros_ws/src/install/uav_simulator/share/uav_simulator/worlds/models/omnicopter/meshes/omni.stl\n'}
[0.433220] (uav_simulator) StdoutLine: {'line': b'-- Up-to-date: /ros_ws/src/install/uav_simulator/share/uav_simulator/worlds/models/omnicopter/meshes/CW.stl\n'}
[0.433299] (uav_simulator) StdoutLine: {'line': b'-- Up-to-date: /ros_ws/src/install/uav_simulator/share/uav_simulator/worlds/models/omnicopter/meshes/CCW.stl\n'}
[0.433372] (uav_simulator) StdoutLine: {'line': b'-- Up-to-date: /ros_ws/src/install/uav_simulator/share/uav_simulator/worlds/models/omnicopter/model.sdf\n'}
[0.433452] (uav_simulator) StdoutLine: {'line': b'-- Up-to-date: /ros_ws/src/install/uav_simulator/share/uav_simulator/worlds/models/omnicopter/model.config\n'}
[0.433529] (uav_simulator) StdoutLine: {'line': b'-- Up-to-date: /ros_ws/src/install/uav_simulator/share/uav_simulator/worlds/models/omnicopter/sphericalToRPY.py\n'}
[0.433705] (uav_simulator) StdoutLine: {'line': b'-- Up-to-date: /ros_ws/src/install/uav_simulator/share/uav_simulator/worlds/models/omnicopter/localToFixed.py\n'}
[0.433828] (uav_simulator) StdoutLine: {'line': b'-- Up-to-date: /ros_ws/src/install/uav_simulator/share/ament_index/resource_index/package_run_dependencies/uav_simulator\n'}
[0.433998] (uav_simulator) StdoutLine: {'line': b'-- Up-to-date: /ros_ws/src/install/uav_simulator/share/ament_index/resource_index/parent_prefix_path/uav_simulator\n'}
[0.434131] (uav_simulator) StdoutLine: {'line': b'-- Up-to-date: /ros_ws/src/install/uav_simulator/share/uav_simulator/environment/ament_prefix_path.sh\n'}
[0.434212] (uav_simulator) StdoutLine: {'line': b'-- Up-to-date: /ros_ws/src/install/uav_simulator/share/uav_simulator/environment/ament_prefix_path.dsv\n'}
[0.434323] (uav_simulator) StdoutLine: {'line': b'-- Up-to-date: /ros_ws/src/install/uav_simulator/share/uav_simulator/environment/path.sh\n'}
[0.434405] (uav_simulator) StdoutLine: {'line': b'-- Up-to-date: /ros_ws/src/install/uav_simulator/share/uav_simulator/environment/path.dsv\n'}
[0.434909] (uav_simulator) StdoutLine: {'line': b'-- Up-to-date: /ros_ws/src/install/uav_simulator/share/uav_simulator/local_setup.bash\n'}
[0.435081] (uav_simulator) StdoutLine: {'line': b'-- Up-to-date: /ros_ws/src/install/uav_simulator/share/uav_simulator/local_setup.sh\n'}
[0.435152] (uav_simulator) StdoutLine: {'line': b'-- Up-to-date: /ros_ws/src/install/uav_simulator/share/uav_simulator/local_setup.zsh\n'}
[0.435201] (uav_simulator) StdoutLine: {'line': b'-- Up-to-date: /ros_ws/src/install/uav_simulator/share/uav_simulator/local_setup.dsv\n'}
[0.435249] (uav_simulator) StdoutLine: {'line': b'-- Installing: /ros_ws/src/install/uav_simulator/share/uav_simulator/package.dsv\n'}
[0.435297] (uav_simulator) StdoutLine: {'line': b'-- Up-to-date: /ros_ws/src/install/uav_simulator/share/ament_index/resource_index/packages/uav_simulator\n'}
[0.435345] (uav_simulator) StdoutLine: {'line': b'-- Up-to-date: /ros_ws/src/install/uav_simulator/share/uav_simulator/cmake/uav_simulatorConfig.cmake\n'}
[0.435392] (uav_simulator) StdoutLine: {'line': b'-- Up-to-date: /ros_ws/src/install/uav_simulator/share/uav_simulator/cmake/uav_simulatorConfig-version.cmake\n'}
[0.435440] (uav_simulator) StdoutLine: {'line': b'-- Up-to-date: /ros_ws/src/install/uav_simulator/share/uav_simulator/package.xml\n'}
[0.435488] (uav_simulator) CommandEnded: {'returncode': 0}
[0.439548] (controller) StdoutLine: {'line': b'[ 34%] Built target controller__rosidl_typesupport_introspection_c\n'}
[0.440323] (controller) StdoutLine: {'line': b'[ 63%] Built target controller__rosidl_typesupport_c\n'}
[0.440465] (controller) StdoutLine: {'line': b'[ 63%] Built target controller__rosidl_typesupport_fastrtps_c\n'}
[0.440543] (controller) StdoutLine: {'line': b'[ 63%] Built target controller__rosidl_typesupport_cpp\n'}
[0.440616] (controller) StdoutLine: {'line': b'[ 72%] Built target controller__rosidl_typesupport_fastrtps_cpp\n'}
[0.441047] (controller) StdoutLine: {'line': b'[ 81%] Built target controller__rosidl_typesupport_introspection_cpp\n'}
[0.448583] (uav_simulator) JobEnded: {'identifier': 'uav_simulator', 'rc': 0}
[0.453097] (controller) StdoutLine: {'line': b'[ 81%] Built target controller\n'}
[0.458568] (controller) StdoutLine: {'line': b'[ 83%] Built target controller_node\n'}
[0.465623] (controller) StdoutLine: {'line': b'[ 84%] Built target controller__py\n'}
[0.479985] (controller) StdoutLine: {'line': b'[ 93%] Built target controller__rosidl_generator_py\n'}
[0.493360] (controller) StdoutLine: {'line': b'[100%] Built target controller_s__rosidl_typesupport_c\n'}
[0.493512] (controller) StdoutLine: {'line': b'[100%] Built target controller_s__rosidl_typesupport_introspection_c\n'}
[0.493564] (controller) StdoutLine: {'line': b'[100%] Built target controller_s__rosidl_typesupport_fastrtps_c\n'}
[0.500123] (-) TimerEvent: {}
[0.550736] (controller) StdoutLine: {'line': b'running egg_info\n'}
[0.561374] (controller) StdoutLine: {'line': b'writing controller.egg-info/PKG-INFO\n'}
[0.561459] (controller) StdoutLine: {'line': b'writing dependency_links to controller.egg-info/dependency_links.txt\n'}
[0.561531] (controller) StdoutLine: {'line': b'writing top-level names to controller.egg-info/top_level.txt\n'}
[0.590765] (controller) StdoutLine: {'line': b"reading manifest file 'controller.egg-info/SOURCES.txt'\n"}
[0.591059] (controller) StdoutLine: {'line': b"writing manifest file 'controller.egg-info/SOURCES.txt'\n"}
[0.600264] (-) TimerEvent: {}
[0.607871] (controller) StdoutLine: {'line': b'[100%] Built target ament_cmake_python_build_controller_egg\n'}
[0.614785] (controller) CommandEnded: {'returncode': 0}
[0.615226] (controller) JobProgress: {'identifier': 'controller', 'progress': 'install'}
[0.615496] (controller) Command: {'cmd': ['/usr/bin/cmake', '--install', '/ros_ws/src/build/controller'], 'cwd': '/ros_ws/src/build/controller', 'env': OrderedDict({'HOSTNAME': 'ADUAED19005LPLX', 'SHLVL': '1', 'LD_LIBRARY_PATH': '/ros_ws/src/install/maneuver/lib:/ros_ws/src/install/libkdtp/lib:/ros_ws/src/install/uav_simulator/lib:/ros_ws/src/install/controller/lib:/ros_ws/install/uav_simulator/lib:/ros_ws/install/my_ros2_package/lib:/ros_ws/install/controller/lib:/ros_ws/install/maneuver/lib:/ros_ws/install/libkdtp/lib:/opt/ros/jazzy/opt/rviz_ogre_vendor/lib:/opt/ros/jazzy/lib/x86_64-linux-gnu:/opt/ros/jazzy/opt/gz_math_vendor/lib:/opt/ros/jazzy/opt/gz_utils_vendor/lib:/opt/ros/jazzy/opt/gz_cmake_vendor/lib:/opt/ros/jazzy/lib', 'HOME': '/root', 'OLDPWD': '/ros_ws/src/firmware/launch', 'ROS_PYTHON_VERSION': '3', 'COLCON_PREFIX_PATH': '/ros_ws/src/install:/ros_ws/install', 'ROS_DISTRO': 'jazzy', '_': '/usr/bin/colcon', 'ROS_VERSION': '2', 'TERM': 'xterm', 'PATH': '/opt/ros/jazzy/bin:/usr/local/sbin:/usr/local/bin:/usr/sbin:/usr/bin:/sbin:/bin', 'LANG': 'C.UTF-8', 'LS_COLORS': 'rs=0:di=01;34:ln=01;36:mh=00:pi=40;33:so=01;35:do=01;35:bd=40;33;01:cd=40;33;01:or=40;31;01:mi=00:su=37;41:sg=30;43:ca=00:tw=30;42:ow=34;42:st=37;44:ex=01;32:*.tar=01;31:*.tgz=01;31:*.arc=01;31:*.arj=01;31:*.taz=01;31:*.lha=01;31:*.lz4=01;31:*.lzh=01;31:*.lzma=01;31:*.tlz=01;31:*.txz=01;31:*.tzo=01;31:*.t7z=01;31:*.zip=01;31:*.z=01;31:*.dz=01;31:*.gz=01;31:*.lrz=01;31:*.lz=01;31:*.lzo=01;31:*.xz=01;31:*.zst=01;31:*.tzst=01;31:*.bz2=01;31:*.bz=01;31:*.tbz=01;31:*.tbz2=01;31:*.tz=01;31:*.deb=01;31:*.rpm=01;31:*.jar=01;31:*.war=01;31:*.ear=01;31:*.sar=01;31:*.rar=01;31:*.alz=01;31:*.ace=01;31:*.zoo=01;31:*.cpio=01;31:*.7z=01;31:*.rz=01;31:*.cab=01;31:*.wim=01;31:*.swm=01;31:*.dwm=01;31:*.esd=01;31:*.avif=01;35:*.jpg=01;35:*.jpeg=01;35:*.mjpg=01;35:*.mjpeg=01;35:*.gif=01;35:*.bmp=01;35:*.pbm=01;35:*.pgm=01;35:*.ppm=01;35:*.tga=01;35:*.xbm=01;35:*.xpm=01;35:*.tif=01;35:*.tiff=01;35:*.png=01;35:*.svg=01;35:*.svgz=01;35:*.mng=01;35:*.pcx=01;35:*.mov=01;35:*.mpg=01;35:*.mpeg=01;35:*.m2v=01;35:*.mkv=01;35:*.webm=01;35:*.webp=01;35:*.ogm=01;35:*.mp4=01;35:*.m4v=01;35:*.mp4v=01;35:*.vob=01;35:*.qt=01;35:*.nuv=01;35:*.wmv=01;35:*.asf=01;35:*.rm=01;35:*.rmvb=01;35:*.flc=01;35:*.avi=01;35:*.fli=01;35:*.flv=01;35:*.gl=01;35:*.dl=01;35:*.xcf=01;35:*.xwd=01;35:*.yuv=01;35:*.cgm=01;35:*.emf=01;35:*.ogv=01;35:*.ogx=01;35:*.aac=00;36:*.au=00;36:*.flac=00;36:*.m4a=00;36:*.mid=00;36:*.midi=00;36:*.mka=00;36:*.mp3=00;36:*.mpc=00;36:*.ogg=00;36:*.ra=00;36:*.wav=00;36:*.oga=00;36:*.opus=00;36:*.spx=00;36:*.xspf=00;36:*~=00;90:*#=00;90:*.bak=00;90:*.crdownload=00;90:*.dpkg-dist=00;90:*.dpkg-new=00;90:*.dpkg-old=00;90:*.dpkg-tmp=00;90:*.old=00;90:*.orig=00;90:*.part=00;90:*.rej=00;90:*.rpmnew=00;90:*.rpmorig=00;90:*.rpmsave=00;90:*.swp=00;90:*.tmp=00;90:*.ucf-dist=00;90:*.ucf-new=00;90:*.ucf-old=00;90:', 'AMENT_PREFIX_PATH': '/ros_ws/src/install/uav_simulator:/ros_ws/src/install/controller:/ros_ws/src/install/maneuver:/ros_ws/src/install/libkdtp:/ros_ws/src/install/firmware:/ros_ws/install/firmware:/ros_ws/install/uav_simulator:/ros_ws/install/my_ros2_package:/ros_ws/install/controller:/ros_ws/install/maneuver:/ros_ws/install/libkdtp:/opt/ros/jazzy', 'DEBIAN_FRONTEND': 'noninteractive', 'ROS_AUTOMATIC_DISCOVERY_RANGE': 'SUBNET', 'PWD': '/ros_ws/src/build/controller', 'LC_ALL': 'C.UTF-8', 'PYTHONPATH': '/ros_ws/src/install/maneuver/lib/python3.12/site-packages:/ros_ws/src/install/controller/lib/python3.12/site-packages:/ros_ws/install/my_ros2_package/lib/python3.12/site-packages:/ros_ws/install/controller/lib/python3.12/site-packages:/ros_ws/install/maneuver/lib/python3.12/site-packages:/opt/ros/jazzy/lib/python3.12/site-packages', 'COLCON': '1', 'CMAKE_PREFIX_PATH': '/ros_ws/src/install/maneuver:/ros_ws/src/install/libkdtp:/ros_ws/src/install/uav_simulator:/ros_ws/src/install/controller:/ros_ws/src/install/firmware:/ros_ws/install/firmware:/ros_ws/install/uav_simulator:/ros_ws/install/my_ros2_package:/ros_ws/install/controller:/ros_ws/install/maneuver:/ros_ws/install/libkdtp:/opt/ros/jazzy/opt/gz_math_vendor:/opt/ros/jazzy/opt/gz_utils_vendor:/opt/ros/jazzy/opt/gz_cmake_vendor:/opt/ros/jazzy'}), 'shell': False}
[0.620134] (controller) StdoutLine: {'line': b'-- Install configuration: ""\n'}
[0.620311] (controller) StdoutLine: {'line': b'-- Up-to-date: /ros_ws/src/install/controller/share/ament_index/resource_index/rosidl_interfaces/controller\n'}
[0.620418] (controller) StdoutLine: {'line': b'-- Up-to-date: /ros_ws/src/install/controller/share/controller/msg/MotorSpeed.json\n'}
[0.620504] (controller) StdoutLine: {'line': b'-- Up-to-date: /ros_ws/src/install/controller/share/controller/msg/Pose.json\n'}
[0.620595] (controller) StdoutLine: {'line': b'-- Up-to-date: /ros_ws/src/install/controller/share/controller/msg/Uvector.json\n'}
[0.620643] (controller) StdoutLine: {'line': b'-- Up-to-date: /ros_ws/src/install/controller/share/controller/msg/ErrorMsg.json\n'}
[0.620689] (controller) StdoutLine: {'line': b'-- Up-to-date: /ros_ws/src/install/controller/share/controller/srv/AngularWrench.json\n'}
[0.620734] (controller) StdoutLine: {'line': b'-- Up-to-date: /ros_ws/src/install/controller/share/controller/srv/LinearWrench.json\n'}
[0.620791] (controller) StdoutLine: {'line': b'-- Up-to-date: /ros_ws/src/install/controller/include/controller/controller\n'}
[0.620836] (controller) StdoutLine: {'line': b'-- Up-to-date: /ros_ws/src/install/controller/include/controller/controller/msg\n'}
[0.620898] (controller) StdoutLine: {'line': b'-- Up-to-date: /ros_ws/src/install/controller/include/controller/controller/msg/error_msg.h\n'}
[0.620945] (controller) StdoutLine: {'line': b'-- Up-to-date: /ros_ws/src/install/controller/include/controller/controller/msg/detail\n'}
[0.620992] (controller) StdoutLine: {'line': b'-- Up-to-date: /ros_ws/src/install/controller/include/controller/controller/msg/detail/error_msg__functions.h\n'}
[0.621038] (controller) StdoutLine: {'line': b'-- Up-to-date: /ros_ws/src/install/controller/include/controller/controller/msg/detail/uvector__type_support.c\n'}
[0.621105] (controller) StdoutLine: {'line': b'-- Up-to-date: /ros_ws/src/install/controller/include/controller/controller/msg/detail/motor_speed__functions.c\n'}
[0.621151] (controller) StdoutLine: {'line': b'-- Up-to-date: /ros_ws/src/install/controller/include/controller/controller/msg/detail/pose__type_support.h\n'}
[0.621234] (controller) StdoutLine: {'line': b'-- Up-to-date: /ros_ws/src/install/controller/include/controller/controller/msg/detail/pose__functions.c\n'}
[0.621307] (controller) StdoutLine: {'line': b'-- Up-to-date: /ros_ws/src/install/controller/include/controller/controller/msg/detail/pose__struct.h\n'}
[0.621378] (controller) StdoutLine: {'line': b'-- Up-to-date: /ros_ws/src/install/controller/include/controller/controller/msg/detail/motor_speed__functions.h\n'}
[0.621423] (controller) StdoutLine: {'line': b'-- Up-to-date: /ros_ws/src/install/controller/include/controller/controller/msg/detail/motor_speed__description.c\n'}
[0.621466] (controller) StdoutLine: {'line': b'-- Up-to-date: /ros_ws/src/install/controller/include/controller/controller/msg/detail/error_msg__type_support.c\n'}
[0.621512] (controller) StdoutLine: {'line': b'-- Up-to-date: /ros_ws/src/install/controller/include/controller/controller/msg/detail/uvector__struct.h\n'}
[0.621557] (controller) StdoutLine: {'line': b'-- Up-to-date: /ros_ws/src/install/controller/include/controller/controller/msg/detail/error_msg__struct.h\n'}
[0.621609] (controller) StdoutLine: {'line': b'-- Up-to-date: /ros_ws/src/install/controller/include/controller/controller/msg/detail/uvector__functions.c\n'}
[0.621717] (controller) StdoutLine: {'line': b'-- Up-to-date: /ros_ws/src/install/controller/include/controller/controller/msg/detail/error_msg__functions.c\n'}
[0.621762] (controller) StdoutLine: {'line': b'-- Up-to-date: /ros_ws/src/install/controller/include/controller/controller/msg/detail/motor_speed__type_support.c\n'}
[0.621813] (controller) StdoutLine: {'line': b'-- Up-to-date: /ros_ws/src/install/controller/include/controller/controller/msg/detail/uvector__description.c\n'}
[0.621856] (controller) StdoutLine: {'line': b'-- Up-to-date: /ros_ws/src/install/controller/include/controller/controller/msg/detail/pose__type_support.c\n'}
[0.621922] (controller) StdoutLine: {'line': b'-- Up-to-date: /ros_ws/src/install/controller/include/controller/controller/msg/detail/pose__functions.h\n'}
[0.621967] (controller) StdoutLine: {'line': b'-- Up-to-date: /ros_ws/src/install/controller/include/controller/controller/msg/detail/error_msg__type_support.h\n'}
[0.622060] (controller) StdoutLine: {'line': b'-- Up-to-date: /ros_ws/src/install/controller/include/controller/controller/msg/detail/uvector__functions.h\n'}
[0.622104] (controller) StdoutLine: {'line': b'-- Up-to-date: /ros_ws/src/install/controller/include/controller/controller/msg/detail/motor_speed__struct.h\n'}
[0.622149] (controller) StdoutLine: {'line': b'-- Up-to-date: /ros_ws/src/install/controller/include/controller/controller/msg/detail/uvector__type_support.h\n'}
[0.622195] (controller) StdoutLine: {'line': b'-- Up-to-date: /ros_ws/src/install/controller/include/controller/controller/msg/detail/motor_speed__type_support.h\n'}
[0.622240] (controller) StdoutLine: {'line': b'-- Up-to-date: /ros_ws/src/install/controller/include/controller/controller/msg/detail/pose__description.c\n'}
[0.622298] (controller) StdoutLine: {'line': b'-- Up-to-date: /ros_ws/src/install/controller/include/controller/controller/msg/detail/error_msg__description.c\n'}
[0.622343] (controller) StdoutLine: {'line': b'-- Up-to-date: /ros_ws/src/install/controller/include/controller/controller/msg/uvector.h\n'}
[0.622406] (controller) StdoutLine: {'line': b'-- Up-to-date: /ros_ws/src/install/controller/include/controller/controller/msg/pose.h\n'}
[0.622453] (controller) StdoutLine: {'line': b'-- Up-to-date: /ros_ws/src/install/controller/include/controller/controller/msg/motor_speed.h\n'}
[0.622499] (controller) StdoutLine: {'line': b'-- Up-to-date: /ros_ws/src/install/controller/include/controller/controller/msg/rosidl_generator_c__visibility_control.h\n'}
[0.622546] (controller) StdoutLine: {'line': b'-- Up-to-date: /ros_ws/src/install/controller/include/controller/controller/srv\n'}
[0.622630] (controller) StdoutLine: {'line': b'-- Up-to-date: /ros_ws/src/install/controller/include/controller/controller/srv/detail\n'}
[0.622675] (controller) StdoutLine: {'line': b'-- Up-to-date: /ros_ws/src/install/controller/include/controller/controller/srv/detail/angular_wrench__functions.h\n'}
[0.622717] (controller) StdoutLine: {'line': b'-- Up-to-date: /ros_ws/src/install/controller/include/controller/controller/srv/detail/angular_wrench__type_support.c\n'}
[0.622769] (controller) StdoutLine: {'line': b'-- Up-to-date: /ros_ws/src/install/controller/include/controller/controller/srv/detail/angular_wrench__description.c\n'}
[0.622821] (controller) StdoutLine: {'line': b'-- Up-to-date: /ros_ws/src/install/controller/include/controller/controller/srv/detail/linear_wrench__type_support.c\n'}
[0.622866] (controller) StdoutLine: {'line': b'-- Up-to-date: /ros_ws/src/install/controller/include/controller/controller/srv/detail/linear_wrench__struct.h\n'}
[0.622911] (controller) StdoutLine: {'line': b'-- Up-to-date: /ros_ws/src/install/controller/include/controller/controller/srv/detail/linear_wrench__type_support.h\n'}
[0.622957] (controller) StdoutLine: {'line': b'-- Up-to-date: /ros_ws/src/install/controller/include/controller/controller/srv/detail/angular_wrench__type_support.h\n'}
[0.623002] (controller) StdoutLine: {'line': b'-- Up-to-date: /ros_ws/src/install/controller/include/controller/controller/srv/detail/linear_wrench__functions.c\n'}
[0.623047] (controller) StdoutLine: {'line': b'-- Up-to-date: /ros_ws/src/install/controller/include/controller/controller/srv/detail/linear_wrench__description.c\n'}
[0.623092] (controller) StdoutLine: {'line': b'-- Up-to-date: /ros_ws/src/install/controller/include/controller/controller/srv/detail/angular_wrench__struct.h\n'}
[0.623138] (controller) StdoutLine: {'line': b'-- Up-to-date: /ros_ws/src/install/controller/include/controller/controller/srv/detail/angular_wrench__functions.c\n'}
[0.623182] (controller) StdoutLine: {'line': b'-- Up-to-date: /ros_ws/src/install/controller/include/controller/controller/srv/detail/linear_wrench__functions.h\n'}
[0.623227] (controller) StdoutLine: {'line': b'-- Up-to-date: /ros_ws/src/install/controller/include/controller/controller/srv/linear_wrench.h\n'}
[0.623271] (controller) StdoutLine: {'line': b'-- Up-to-date: /ros_ws/src/install/controller/include/controller/controller/srv/angular_wrench.h\n'}
[0.623324] (controller) StdoutLine: {'line': b'-- Up-to-date: /ros_ws/src/install/controller/share/controller/environment/library_path.sh\n'}
[0.623407] (controller) StdoutLine: {'line': b'-- Up-to-date: /ros_ws/src/install/controller/share/controller/environment/library_path.dsv\n'}
[0.623450] (controller) StdoutLine: {'line': b'-- Up-to-date: /ros_ws/src/install/controller/lib/libcontroller__rosidl_generator_c.so\n'}
[0.623497] (controller) StdoutLine: {'line': b'-- Up-to-date: /ros_ws/src/install/controller/include/controller/controller\n'}
[0.623545] (controller) StdoutLine: {'line': b'-- Up-to-date: /ros_ws/src/install/controller/include/controller/controller/msg\n'}
[0.623589] (controller) StdoutLine: {'line': b'-- Up-to-date: /ros_ws/src/install/controller/include/controller/controller/msg/rosidl_typesupport_fastrtps_c__visibility_control.h\n'}
[0.623632] (controller) StdoutLine: {'line': b'-- Up-to-date: /ros_ws/src/install/controller/include/controller/controller/msg/detail\n'}
[0.623674] (controller) StdoutLine: {'line': b'-- Up-to-date: /ros_ws/src/install/controller/include/controller/controller/msg/detail/uvector__rosidl_typesupport_fastrtps_c.h\n'}
[0.623716] (controller) StdoutLine: {'line': b'-- Up-to-date: /ros_ws/src/install/controller/include/controller/controller/msg/detail/motor_speed__rosidl_typesupport_fastrtps_c.h\n'}
[0.623759] (controller) StdoutLine: {'line': b'-- Up-to-date: /ros_ws/src/install/controller/include/controller/controller/msg/detail/error_msg__rosidl_typesupport_fastrtps_c.h\n'}
[0.623803] (controller) StdoutLine: {'line': b'-- Up-to-date: /ros_ws/src/install/controller/include/controller/controller/msg/detail/pose__rosidl_typesupport_fastrtps_c.h\n'}
[0.623846] (controller) StdoutLine: {'line': b'-- Up-to-date: /ros_ws/src/install/controller/include/controller/controller/srv\n'}
[0.623893] (controller) StdoutLine: {'line': b'-- Up-to-date: /ros_ws/src/install/controller/include/controller/controller/srv/detail\n'}
[0.623936] (controller) StdoutLine: {'line': b'-- Up-to-date: /ros_ws/src/install/controller/include/controller/controller/srv/detail/angular_wrench__rosidl_typesupport_fastrtps_c.h\n'}
[0.623979] (controller) StdoutLine: {'line': b'-- Up-to-date: /ros_ws/src/install/controller/include/controller/controller/srv/detail/linear_wrench__rosidl_typesupport_fastrtps_c.h\n'}
[0.624022] (controller) StdoutLine: {'line': b'-- Up-to-date: /ros_ws/src/install/controller/lib/libcontroller__rosidl_typesupport_fastrtps_c.so\n'}
[0.624065] (controller) StdoutLine: {'line': b'-- Up-to-date: /ros_ws/src/install/controller/include/controller/controller\n'}
[0.624109] (controller) StdoutLine: {'line': b'-- Up-to-date: /ros_ws/src/install/controller/include/controller/controller/msg\n'}
[0.624152] (controller) StdoutLine: {'line': b'-- Up-to-date: /ros_ws/src/install/controller/include/controller/controller/msg/uvector.hpp\n'}
[0.624196] (controller) StdoutLine: {'line': b'-- Up-to-date: /ros_ws/src/install/controller/include/controller/controller/msg/detail\n'}
[0.624239] (controller) StdoutLine: {'line': b'-- Up-to-date: /ros_ws/src/install/controller/include/controller/controller/msg/detail/error_msg__builder.hpp\n'}
[0.624283] (controller) StdoutLine: {'line': b'-- Up-to-date: /ros_ws/src/install/controller/include/controller/controller/msg/detail/error_msg__traits.hpp\n'}
[0.624326] (controller) StdoutLine: {'line': b'-- Up-to-date: /ros_ws/src/install/controller/include/controller/controller/msg/detail/motor_speed__traits.hpp\n'}
[0.624369] (controller) StdoutLine: {'line': b'-- Up-to-date: /ros_ws/src/install/controller/include/controller/controller/msg/detail/motor_speed__builder.hpp\n'}
[0.624412] (controller) StdoutLine: {'line': b'-- Up-to-date: /ros_ws/src/install/controller/include/controller/controller/msg/detail/uvector__builder.hpp\n'}
[0.624455] (controller) StdoutLine: {'line': b'-- Up-to-date: /ros_ws/src/install/controller/include/controller/controller/msg/detail/pose__type_support.hpp\n'}
[0.624502] (controller) StdoutLine: {'line': b'-- Up-to-date: /ros_ws/src/install/controller/include/controller/controller/msg/detail/error_msg__struct.hpp\n'}
[0.624544] (controller) StdoutLine: {'line': b'-- Up-to-date: /ros_ws/src/install/controller/include/controller/controller/msg/detail/pose__traits.hpp\n'}
[0.624587] (controller) StdoutLine: {'line': b'-- Up-to-date: /ros_ws/src/install/controller/include/controller/controller/msg/detail/uvector__struct.hpp\n'}
[0.624629] (controller) StdoutLine: {'line': b'-- Up-to-date: /ros_ws/src/install/controller/include/controller/controller/msg/detail/uvector__traits.hpp\n'}
[0.624672] (controller) StdoutLine: {'line': b'-- Up-to-date: /ros_ws/src/install/controller/include/controller/controller/msg/detail/motor_speed__struct.hpp\n'}
[0.624715] (controller) StdoutLine: {'line': b'-- Up-to-date: /ros_ws/src/install/controller/include/controller/controller/msg/detail/motor_speed__type_support.hpp\n'}
[0.624759] (controller) StdoutLine: {'line': b'-- Up-to-date: /ros_ws/src/install/controller/include/controller/controller/msg/detail/pose__builder.hpp\n'}
[0.624802] (controller) StdoutLine: {'line': b'-- Up-to-date: /ros_ws/src/install/controller/include/controller/controller/msg/detail/pose__struct.hpp\n'}
[0.624845] (controller) StdoutLine: {'line': b'-- Up-to-date: /ros_ws/src/install/controller/include/controller/controller/msg/detail/uvector__type_support.hpp\n'}
[0.624889] (controller) StdoutLine: {'line': b'-- Up-to-date: /ros_ws/src/install/controller/include/controller/controller/msg/detail/error_msg__type_support.hpp\n'}
[0.624931] (controller) StdoutLine: {'line': b'-- Up-to-date: /ros_ws/src/install/controller/include/controller/controller/msg/error_msg.hpp\n'}
[0.624974] (controller) StdoutLine: {'line': b'-- Up-to-date: /ros_ws/src/install/controller/include/controller/controller/msg/motor_speed.hpp\n'}
[0.625018] (controller) StdoutLine: {'line': b'-- Up-to-date: /ros_ws/src/install/controller/include/controller/controller/msg/rosidl_generator_cpp__visibility_control.hpp\n'}
[0.625063] (controller) StdoutLine: {'line': b'-- Up-to-date: /ros_ws/src/install/controller/include/controller/controller/msg/pose.hpp\n'}
[0.625106] (controller) StdoutLine: {'line': b'-- Up-to-date: /ros_ws/src/install/controller/include/controller/controller/srv\n'}
[0.625149] (controller) StdoutLine: {'line': b'-- Up-to-date: /ros_ws/src/install/controller/include/controller/controller/srv/angular_wrench.hpp\n'}
[0.625198] (controller) StdoutLine: {'line': b'-- Up-to-date: /ros_ws/src/install/controller/include/controller/controller/srv/detail\n'}
[0.625242] (controller) StdoutLine: {'line': b'-- Up-to-date: /ros_ws/src/install/controller/include/controller/controller/srv/detail/angular_wrench__struct.hpp\n'}
[0.625285] (controller) StdoutLine: {'line': b'-- Up-to-date: /ros_ws/src/install/controller/include/controller/controller/srv/detail/linear_wrench__struct.hpp\n'}
[0.625334] (controller) StdoutLine: {'line': b'-- Up-to-date: /ros_ws/src/install/controller/include/controller/controller/srv/detail/angular_wrench__type_support.hpp\n'}
[0.625376] (controller) StdoutLine: {'line': b'-- Up-to-date: /ros_ws/src/install/controller/include/controller/controller/srv/detail/angular_wrench__traits.hpp\n'}
[0.625417] (controller) StdoutLine: {'line': b'-- Up-to-date: /ros_ws/src/install/controller/include/controller/controller/srv/detail/linear_wrench__type_support.hpp\n'}
[0.625460] (controller) StdoutLine: {'line': b'-- Up-to-date: /ros_ws/src/install/controller/include/controller/controller/srv/detail/linear_wrench__builder.hpp\n'}
[0.625503] (controller) StdoutLine: {'line': b'-- Up-to-date: /ros_ws/src/install/controller/include/controller/controller/srv/detail/linear_wrench__traits.hpp\n'}
[0.625544] (controller) StdoutLine: {'line': b'-- Up-to-date: /ros_ws/src/install/controller/include/controller/controller/srv/detail/angular_wrench__builder.hpp\n'}
[0.625591] (controller) StdoutLine: {'line': b'-- Up-to-date: /ros_ws/src/install/controller/include/controller/controller/srv/linear_wrench.hpp\n'}
[0.625634] (controller) StdoutLine: {'line': b'-- Up-to-date: /ros_ws/src/install/controller/include/controller/controller\n'}
[0.625676] (controller) StdoutLine: {'line': b'-- Up-to-date: /ros_ws/src/install/controller/include/controller/controller/msg\n'}
[0.625719] (controller) StdoutLine: {'line': b'-- Up-to-date: /ros_ws/src/install/controller/include/controller/controller/msg/rosidl_typesupport_fastrtps_cpp__visibility_control.h\n'}
[0.625760] (controller) StdoutLine: {'line': b'-- Up-to-date: /ros_ws/src/install/controller/include/controller/controller/msg/detail\n'}
[0.625803] (controller) StdoutLine: {'line': b'-- Up-to-date: /ros_ws/src/install/controller/include/controller/controller/msg/detail/pose__rosidl_typesupport_fastrtps_cpp.hpp\n'}
[0.625845] (controller) StdoutLine: {'line': b'-- Up-to-date: /ros_ws/src/install/controller/include/controller/controller/msg/detail/dds_fastrtps\n'}
[0.625886] (controller) StdoutLine: {'line': b'-- Up-to-date: /ros_ws/src/install/controller/include/controller/controller/msg/detail/motor_speed__rosidl_typesupport_fastrtps_cpp.hpp\n'}
[0.625928] (controller) StdoutLine: {'line': b'-- Up-to-date: /ros_ws/src/install/controller/include/controller/controller/msg/detail/uvector__rosidl_typesupport_fastrtps_cpp.hpp\n'}
[0.625970] (controller) StdoutLine: {'line': b'-- Up-to-date: /ros_ws/src/install/controller/include/controller/controller/msg/detail/error_msg__rosidl_typesupport_fastrtps_cpp.hpp\n'}
[0.626012] (controller) StdoutLine: {'line': b'-- Up-to-date: /ros_ws/src/install/controller/include/controller/controller/srv\n'}
[0.626054] (controller) StdoutLine: {'line': b'-- Up-to-date: /ros_ws/src/install/controller/include/controller/controller/srv/detail\n'}
[0.626096] (controller) StdoutLine: {'line': b'-- Up-to-date: /ros_ws/src/install/controller/include/controller/controller/srv/detail/angular_wrench__rosidl_typesupport_fastrtps_cpp.hpp\n'}
[0.626138] (controller) StdoutLine: {'line': b'-- Up-to-date: /ros_ws/src/install/controller/include/controller/controller/srv/detail/dds_fastrtps\n'}
[0.626181] (controller) StdoutLine: {'line': b'-- Up-to-date: /ros_ws/src/install/controller/include/controller/controller/srv/detail/linear_wrench__rosidl_typesupport_fastrtps_cpp.hpp\n'}
[0.626225] (controller) StdoutLine: {'line': b'-- Up-to-date: /ros_ws/src/install/controller/lib/libcontroller__rosidl_typesupport_fastrtps_cpp.so\n'}
[0.626273] (controller) StdoutLine: {'line': b'-- Up-to-date: /ros_ws/src/install/controller/include/controller/controller\n'}
[0.626315] (controller) StdoutLine: {'line': b'-- Up-to-date: /ros_ws/src/install/controller/include/controller/controller/msg\n'}
[0.626356] (controller) StdoutLine: {'line': b'-- Up-to-date: /ros_ws/src/install/controller/include/controller/controller/msg/rosidl_typesupport_introspection_c__visibility_control.h\n'}
[0.626398] (controller) StdoutLine: {'line': b'-- Up-to-date: /ros_ws/src/install/controller/include/controller/controller/msg/detail\n'}
[0.626440] (controller) StdoutLine: {'line': b'-- Up-to-date: /ros_ws/src/install/controller/include/controller/controller/msg/detail/uvector__type_support.c\n'}
[0.626482] (controller) StdoutLine: {'line': b'-- Up-to-date: /ros_ws/src/install/controller/include/controller/controller/msg/detail/pose__rosidl_typesupport_introspection_c.h\n'}
[0.626524] (controller) StdoutLine: {'line': b'-- Up-to-date: /ros_ws/src/install/controller/include/controller/controller/msg/detail/uvector__rosidl_typesupport_introspection_c.h\n'}
[0.626569] (controller) StdoutLine: {'line': b'-- Up-to-date: /ros_ws/src/install/controller/include/controller/controller/msg/detail/error_msg__type_support.c\n'}
[0.626611] (controller) StdoutLine: {'line': b'-- Up-to-date: /ros_ws/src/install/controller/include/controller/controller/msg/detail/motor_speed__rosidl_typesupport_introspection_c.h\n'}
[0.626654] (controller) StdoutLine: {'line': b'-- Up-to-date: /ros_ws/src/install/controller/include/controller/controller/msg/detail/motor_speed__type_support.c\n'}
[0.626724] (controller) StdoutLine: {'line': b'-- Up-to-date: /ros_ws/src/install/controller/include/controller/controller/msg/detail/pose__type_support.c\n'}
[0.626770] (controller) StdoutLine: {'line': b'-- Up-to-date: /ros_ws/src/install/controller/include/controller/controller/msg/detail/error_msg__rosidl_typesupport_introspection_c.h\n'}
[0.626819] (controller) StdoutLine: {'line': b'-- Up-to-date: /ros_ws/src/install/controller/include/controller/controller/srv\n'}
[0.626867] (controller) StdoutLine: {'line': b'-- Up-to-date: /ros_ws/src/install/controller/include/controller/controller/srv/detail\n'}
[0.626911] (controller) StdoutLine: {'line': b'-- Up-to-date: /ros_ws/src/install/controller/include/controller/controller/srv/detail/angular_wrench__type_support.c\n'}
[0.626954] (controller) StdoutLine: {'line': b'-- Up-to-date: /ros_ws/src/install/controller/include/controller/controller/srv/detail/linear_wrench__type_support.c\n'}
[0.626998] (controller) StdoutLine: {'line': b'-- Up-to-date: /ros_ws/src/install/controller/include/controller/controller/srv/detail/linear_wrench__rosidl_typesupport_introspection_c.h\n'}
[0.627050] (controller) StdoutLine: {'line': b'-- Up-to-date: /ros_ws/src/install/controller/include/controller/controller/srv/detail/angular_wrench__rosidl_typesupport_introspection_c.h\n'}
[0.627093] (controller) StdoutLine: {'line': b'-- Up-to-date: /ros_ws/src/install/controller/lib/libcontroller__rosidl_typesupport_introspection_c.so\n'}
[0.627135] (controller) StdoutLine: {'line': b'-- Up-to-date: /ros_ws/src/install/controller/lib/libcontroller__rosidl_typesupport_c.so\n'}
[0.627177] (controller) StdoutLine: {'line': b'-- Up-to-date: /ros_ws/src/install/controller/include/controller/controller\n'}
[0.627226] (controller) StdoutLine: {'line': b'-- Up-to-date: /ros_ws/src/install/controller/include/controller/controller/msg\n'}
[0.627269] (controller) StdoutLine: {'line': b'-- Up-to-date: /ros_ws/src/install/controller/include/controller/controller/msg/detail\n'}
[0.627312] (controller) StdoutLine: {'line': b'-- Up-to-date: /ros_ws/src/install/controller/include/controller/controller/msg/detail/motor_speed__type_support.cpp\n'}
[0.627356] (controller) StdoutLine: {'line': b'-- Up-to-date: /ros_ws/src/install/controller/include/controller/controller/msg/detail/pose__rosidl_typesupport_introspection_cpp.hpp\n'}
[0.627398] (controller) StdoutLine: {'line': b'-- Up-to-date: /ros_ws/src/install/controller/include/controller/controller/msg/detail/uvector__rosidl_typesupport_introspection_cpp.hpp\n'}
[0.627441] (controller) StdoutLine: {'line': b'-- Up-to-date: /ros_ws/src/install/controller/include/controller/controller/msg/detail/error_msg__type_support.cpp\n'}
[0.627483] (controller) StdoutLine: {'line': b'-- Up-to-date: /ros_ws/src/install/controller/include/controller/controller/msg/detail/motor_speed__rosidl_typesupport_introspection_cpp.hpp\n'}
[0.627526] (controller) StdoutLine: {'line': b'-- Up-to-date: /ros_ws/src/install/controller/include/controller/controller/msg/detail/uvector__type_support.cpp\n'}
[0.627569] (controller) StdoutLine: {'line': b'-- Up-to-date: /ros_ws/src/install/controller/include/controller/controller/msg/detail/pose__type_support.cpp\n'}
[0.627612] (controller) StdoutLine: {'line': b'-- Up-to-date: /ros_ws/src/install/controller/include/controller/controller/msg/detail/error_msg__rosidl_typesupport_introspection_cpp.hpp\n'}
[0.627654] (controller) StdoutLine: {'line': b'-- Up-to-date: /ros_ws/src/install/controller/include/controller/controller/srv\n'}
[0.627696] (controller) StdoutLine: {'line': b'-- Up-to-date: /ros_ws/src/install/controller/include/controller/controller/srv/detail\n'}
[0.627739] (controller) StdoutLine: {'line': b'-- Up-to-date: /ros_ws/src/install/controller/include/controller/controller/srv/detail/angular_wrench__type_support.cpp\n'}
[0.627781] (controller) StdoutLine: {'line': b'-- Up-to-date: /ros_ws/src/install/controller/include/controller/controller/srv/detail/linear_wrench__rosidl_typesupport_introspection_cpp.hpp\n'}
[0.627824] (controller) StdoutLine: {'line': b'-- Up-to-date: /ros_ws/src/install/controller/include/controller/controller/srv/detail/angular_wrench__rosidl_typesupport_introspection_cpp.hpp\n'}
[0.627871] (controller) StdoutLine: {'line': b'-- Up-to-date: /ros_ws/src/install/controller/include/controller/controller/srv/detail/linear_wrench__type_support.cpp\n'}
[0.627913] (controller) StdoutLine: {'line': b'-- Up-to-date: /ros_ws/src/install/controller/lib/libcontroller__rosidl_typesupport_introspection_cpp.so\n'}
[0.627956] (controller) StdoutLine: {'line': b'-- Up-to-date: /ros_ws/src/install/controller/lib/libcontroller__rosidl_typesupport_cpp.so\n'}
[0.628004] (controller) StdoutLine: {'line': b'-- Up-to-date: /ros_ws/src/install/controller/share/controller/environment/pythonpath.sh\n'}
[0.628074] (controller) StdoutLine: {'line': b'-- Up-to-date: /ros_ws/src/install/controller/share/controller/environment/pythonpath.dsv\n'}
[0.628126] (controller) StdoutLine: {'line': b'-- Up-to-date: /ros_ws/src/install/controller/lib/python3.12/site-packages/controller-0.1.0-py3.12.egg-info\n'}
[0.628173] (controller) StdoutLine: {'line': b'-- Installing: /ros_ws/src/install/controller/lib/python3.12/site-packages/controller-0.1.0-py3.12.egg-info/dependency_links.txt\n'}
[0.628219] (controller) StdoutLine: {'line': b'-- Installing: /ros_ws/src/install/controller/lib/python3.12/site-packages/controller-0.1.0-py3.12.egg-info/SOURCES.txt\n'}
[0.628267] (controller) StdoutLine: {'line': b'-- Installing: /ros_ws/src/install/controller/lib/python3.12/site-packages/controller-0.1.0-py3.12.egg-info/top_level.txt\n'}
[0.628312] (controller) StdoutLine: {'line': b'-- Installing: /ros_ws/src/install/controller/lib/python3.12/site-packages/controller-0.1.0-py3.12.egg-info/PKG-INFO\n'}
[0.628358] (controller) StdoutLine: {'line': b'-- Up-to-date: /ros_ws/src/install/controller/lib/python3.12/site-packages/controller\n'}
[0.628402] (controller) StdoutLine: {'line': b'-- Up-to-date: /ros_ws/src/install/controller/lib/python3.12/site-packages/controller/_controller_s.ep.rosidl_typesupport_introspection_c.c\n'}
[0.628448] (controller) StdoutLine: {'line': b'-- Up-to-date: /ros_ws/src/install/controller/lib/python3.12/site-packages/controller/_controller_s.ep.rosidl_typesupport_c.c\n'}
[0.628491] (controller) StdoutLine: {'line': b'-- Up-to-date: /ros_ws/src/install/controller/lib/python3.12/site-packages/controller/msg\n'}
[0.628535] (controller) StdoutLine: {'line': b'-- Up-to-date: /ros_ws/src/install/controller/lib/python3.12/site-packages/controller/msg/_pose.py\n'}
[0.628579] (controller) StdoutLine: {'line': b'-- Up-to-date: /ros_ws/src/install/controller/lib/python3.12/site-packages/controller/msg/_pose_s.c\n'}
[0.628622] (controller) StdoutLine: {'line': b'-- Up-to-date: /ros_ws/src/install/controller/lib/python3.12/site-packages/controller/msg/_motor_speed.py\n'}
[0.628666] (controller) StdoutLine: {'line': b'-- Up-to-date: /ros_ws/src/install/controller/lib/python3.12/site-packages/controller/msg/_uvector.py\n'}
[0.628709] (controller) StdoutLine: {'line': b'-- Up-to-date: /ros_ws/src/install/controller/lib/python3.12/site-packages/controller/msg/_motor_speed_s.c\n'}
[0.628755] (controller) StdoutLine: {'line': b'-- Up-to-date: /ros_ws/src/install/controller/lib/python3.12/site-packages/controller/msg/_error_msg.py\n'}
[0.628801] (controller) StdoutLine: {'line': b'-- Up-to-date: /ros_ws/src/install/controller/lib/python3.12/site-packages/controller/msg/__init__.py\n'}
[0.628847] (controller) StdoutLine: {'line': b'-- Up-to-date: /ros_ws/src/install/controller/lib/python3.12/site-packages/controller/msg/_uvector_s.c\n'}
[0.628901] (controller) StdoutLine: {'line': b'-- Up-to-date: /ros_ws/src/install/controller/lib/python3.12/site-packages/controller/msg/_error_msg_s.c\n'}
[0.628945] (controller) StdoutLine: {'line': b'-- Up-to-date: /ros_ws/src/install/controller/lib/python3.12/site-packages/controller/controller_s__rosidl_typesupport_introspection_c.so\n'}
[0.628990] (controller) StdoutLine: {'line': b'-- Up-to-date: /ros_ws/src/install/controller/lib/python3.12/site-packages/controller/controller_s__rosidl_typesupport_fastrtps_c.so\n'}
[0.629041] (controller) StdoutLine: {'line': b'-- Up-to-date: /ros_ws/src/install/controller/lib/python3.12/site-packages/controller/__init__.py\n'}
[0.629089] (controller) StdoutLine: {'line': b'-- Up-to-date: /ros_ws/src/install/controller/lib/python3.12/site-packages/controller/controller_s__rosidl_typesupport_c.so\n'}
[0.629134] (controller) StdoutLine: {'line': b'-- Up-to-date: /ros_ws/src/install/controller/lib/python3.12/site-packages/controller/srv\n'}
[0.629188] (controller) StdoutLine: {'line': b'-- Up-to-date: /ros_ws/src/install/controller/lib/python3.12/site-packages/controller/srv/_linear_wrench_s.c\n'}
[0.629252] (controller) StdoutLine: {'line': b'-- Up-to-date: /ros_ws/src/install/controller/lib/python3.12/site-packages/controller/srv/_angular_wrench_s.c\n'}
[0.629314] (controller) StdoutLine: {'line': b'-- Up-to-date: /ros_ws/src/install/controller/lib/python3.12/site-packages/controller/srv/__init__.py\n'}
[0.629361] (controller) StdoutLine: {'line': b'-- Up-to-date: /ros_ws/src/install/controller/lib/python3.12/site-packages/controller/srv/_linear_wrench.py\n'}
[0.629414] (controller) StdoutLine: {'line': b'-- Up-to-date: /ros_ws/src/install/controller/lib/python3.12/site-packages/controller/srv/_angular_wrench.py\n'}
[0.629458] (controller) StdoutLine: {'line': b'-- Up-to-date: /ros_ws/src/install/controller/lib/python3.12/site-packages/controller/_controller_s.ep.rosidl_typesupport_fastrtps_c.c\n'}
[0.647935] (controller) StdoutLine: {'line': b"Listing '/ros_ws/src/install/controller/lib/python3.12/site-packages/controller'...\n"}
[0.648014] (controller) StdoutLine: {'line': b"Listing '/ros_ws/src/install/controller/lib/python3.12/site-packages/controller/msg'...\n"}
[0.648058] (controller) StdoutLine: {'line': b"Listing '/ros_ws/src/install/controller/lib/python3.12/site-packages/controller/srv'...\n"}
[0.651399] (controller) StdoutLine: {'line': b'-- Up-to-date: /ros_ws/src/install/controller/lib/python3.12/site-packages/controller/controller_s__rosidl_typesupport_fastrtps_c.so\n'}
[0.651491] (controller) StdoutLine: {'line': b'-- Up-to-date: /ros_ws/src/install/controller/lib/python3.12/site-packages/controller/controller_s__rosidl_typesupport_introspection_c.so\n'}
[0.651550] (controller) StdoutLine: {'line': b'-- Up-to-date: /ros_ws/src/install/controller/lib/python3.12/site-packages/controller/controller_s__rosidl_typesupport_c.so\n'}
[0.651688] (controller) StdoutLine: {'line': b'-- Up-to-date: /ros_ws/src/install/controller/lib/libcontroller__rosidl_generator_py.so\n'}
[0.651908] (controller) StdoutLine: {'line': b'-- Up-to-date: /ros_ws/src/install/controller/share/controller/msg/MotorSpeed.idl\n'}
[0.652074] (controller) StdoutLine: {'line': b'-- Up-to-date: /ros_ws/src/install/controller/share/controller/msg/Pose.idl\n'}
[0.652201] (controller) StdoutLine: {'line': b'-- Up-to-date: /ros_ws/src/install/controller/share/controller/msg/Uvector.idl\n'}
[0.652326] (controller) StdoutLine: {'line': b'-- Up-to-date: /ros_ws/src/install/controller/share/controller/msg/ErrorMsg.idl\n'}
[0.652471] (controller) StdoutLine: {'line': b'-- Up-to-date: /ros_ws/src/install/controller/share/controller/srv/AngularWrench.idl\n'}
[0.652666] (controller) StdoutLine: {'line': b'-- Up-to-date: /ros_ws/src/install/controller/share/controller/srv/LinearWrench.idl\n'}
[0.652785] (controller) StdoutLine: {'line': b'-- Up-to-date: /ros_ws/src/install/controller/share/controller/msg/MotorSpeed.msg\n'}
[0.652889] (controller) StdoutLine: {'line': b'-- Up-to-date: /ros_ws/src/install/controller/share/controller/msg/Pose.msg\n'}
[0.653020] (controller) StdoutLine: {'line': b'-- Up-to-date: /ros_ws/src/install/controller/share/controller/msg/Uvector.msg\n'}
[0.653119] (controller) StdoutLine: {'line': b'-- Up-to-date: /ros_ws/src/install/controller/share/controller/msg/ErrorMsg.msg\n'}
[0.653293] (controller) StdoutLine: {'line': b'-- Up-to-date: /ros_ws/src/install/controller/share/controller/srv/AngularWrench.srv\n'}
[0.653422] (controller) StdoutLine: {'line': b'-- Up-to-date: /ros_ws/src/install/controller/share/controller/srv/LinearWrench.srv\n'}
[0.653530] (controller) StdoutLine: {'line': b'-- Up-to-date: /ros_ws/src/install/controller/lib/controller/controller_node\n'}
[0.653646] (controller) StdoutLine: {'line': b'-- Up-to-date: /ros_ws/src/install/controller/share/controller//launch\n'}
[0.653745] (controller) StdoutLine: {'line': b'-- Up-to-date: /ros_ws/src/install/controller/share/controller//launch/control.launch.py\n'}
[0.653885] (controller) StdoutLine: {'line': b'-- Up-to-date: /ros_ws/src/install/controller/share/ament_index/resource_index/package_run_dependencies/controller\n'}
[0.653984] (controller) StdoutLine: {'line': b'-- Up-to-date: /ros_ws/src/install/controller/share/ament_index/resource_index/parent_prefix_path/controller\n'}
[0.654084] (controller) StdoutLine: {'line': b'-- Up-to-date: /ros_ws/src/install/controller/share/controller/environment/ament_prefix_path.sh\n'}
[0.654184] (controller) StdoutLine: {'line': b'-- Up-to-date: /ros_ws/src/install/controller/share/controller/environment/ament_prefix_path.dsv\n'}
[0.654284] (controller) StdoutLine: {'line': b'-- Up-to-date: /ros_ws/src/install/controller/share/controller/environment/path.sh\n'}
[0.654386] (controller) StdoutLine: {'line': b'-- Up-to-date: /ros_ws/src/install/controller/share/controller/environment/path.dsv\n'}
[0.654488] (controller) StdoutLine: {'line': b'-- Up-to-date: /ros_ws/src/install/controller/share/controller/local_setup.bash\n'}
[0.654591] (controller) StdoutLine: {'line': b'-- Up-to-date: /ros_ws/src/install/controller/share/controller/local_setup.sh\n'}
[0.654795] (controller) StdoutLine: {'line': b'-- Up-to-date: /ros_ws/src/install/controller/share/controller/local_setup.zsh\n'}
[0.654936] (controller) StdoutLine: {'line': b'-- Up-to-date: /ros_ws/src/install/controller/share/controller/local_setup.dsv\n'}
[0.655038] (controller) StdoutLine: {'line': b'-- Installing: /ros_ws/src/install/controller/share/controller/package.dsv\n'}
[0.655143] (controller) StdoutLine: {'line': b'-- Up-to-date: /ros_ws/src/install/controller/share/ament_index/resource_index/packages/controller\n'}
[0.655244] (controller) StdoutLine: {'line': b'-- Up-to-date: /ros_ws/src/install/controller/share/controller/cmake/export_controller__rosidl_generator_cExport.cmake\n'}
[0.655346] (controller) StdoutLine: {'line': b'-- Up-to-date: /ros_ws/src/install/controller/share/controller/cmake/export_controller__rosidl_generator_cExport-noconfig.cmake\n'}
[0.655466] (controller) StdoutLine: {'line': b'-- Up-to-date: /ros_ws/src/install/controller/share/controller/cmake/export_controller__rosidl_typesupport_fastrtps_cExport.cmake\n'}
[0.655524] (controller) StdoutLine: {'line': b'-- Up-to-date: /ros_ws/src/install/controller/share/controller/cmake/export_controller__rosidl_typesupport_fastrtps_cExport-noconfig.cmake\n'}
[0.655567] (controller) StdoutLine: {'line': b'-- Up-to-date: /ros_ws/src/install/controller/share/controller/cmake/export_controller__rosidl_generator_cppExport.cmake\n'}
[0.655609] (controller) StdoutLine: {'line': b'-- Up-to-date: /ros_ws/src/install/controller/share/controller/cmake/export_controller__rosidl_typesupport_fastrtps_cppExport.cmake\n'}
[0.655650] (controller) StdoutLine: {'line': b'-- Up-to-date: /ros_ws/src/install/controller/share/controller/cmake/export_controller__rosidl_typesupport_fastrtps_cppExport-noconfig.cmake\n'}
[0.655692] (controller) StdoutLine: {'line': b'-- Up-to-date: /ros_ws/src/install/controller/share/controller/cmake/controller__rosidl_typesupport_introspection_cExport.cmake\n'}
[0.655733] (controller) StdoutLine: {'line': b'-- Up-to-date: /ros_ws/src/install/controller/share/controller/cmake/controller__rosidl_typesupport_introspection_cExport-noconfig.cmake\n'}
[0.655777] (controller) StdoutLine: {'line': b'-- Up-to-date: /ros_ws/src/install/controller/share/controller/cmake/controller__rosidl_typesupport_cExport.cmake\n'}
[0.655819] (controller) StdoutLine: {'line': b'-- Up-to-date: /ros_ws/src/install/controller/share/controller/cmake/controller__rosidl_typesupport_cExport-noconfig.cmake\n'}
[0.655862] (controller) StdoutLine: {'line': b'-- Up-to-date: /ros_ws/src/install/controller/share/controller/cmake/controller__rosidl_typesupport_introspection_cppExport.cmake\n'}
[0.655902] (controller) StdoutLine: {'line': b'-- Up-to-date: /ros_ws/src/install/controller/share/controller/cmake/controller__rosidl_typesupport_introspection_cppExport-noconfig.cmake\n'}
[0.655943] (controller) StdoutLine: {'line': b'-- Up-to-date: /ros_ws/src/install/controller/share/controller/cmake/controller__rosidl_typesupport_cppExport.cmake\n'}
[0.655985] (controller) StdoutLine: {'line': b'-- Up-to-date: /ros_ws/src/install/controller/share/controller/cmake/controller__rosidl_typesupport_cppExport-noconfig.cmake\n'}
[0.656026] (controller) StdoutLine: {'line': b'-- Up-to-date: /ros_ws/src/install/controller/share/controller/cmake/export_controller__rosidl_generator_pyExport.cmake\n'}
[0.656067] (controller) StdoutLine: {'line': b'-- Up-to-date: /ros_ws/src/install/controller/share/controller/cmake/export_controller__rosidl_generator_pyExport-noconfig.cmake\n'}
[0.656108] (controller) StdoutLine: {'line': b'-- Up-to-date: /ros_ws/src/install/controller/share/controller/cmake/rosidl_cmake-extras.cmake\n'}
[0.656150] (controller) StdoutLine: {'line': b'-- Up-to-date: /ros_ws/src/install/controller/share/controller/cmake/ament_cmake_export_dependencies-extras.cmake\n'}
[0.656192] (controller) StdoutLine: {'line': b'-- Up-to-date: /ros_ws/src/install/controller/share/controller/cmake/ament_cmake_export_include_directories-extras.cmake\n'}
[0.656233] (controller) StdoutLine: {'line': b'-- Up-to-date: /ros_ws/src/install/controller/share/controller/cmake/ament_cmake_export_libraries-extras.cmake\n'}
[0.656275] (controller) StdoutLine: {'line': b'-- Up-to-date: /ros_ws/src/install/controller/share/controller/cmake/ament_cmake_export_targets-extras.cmake\n'}
[0.656317] (controller) StdoutLine: {'line': b'-- Up-to-date: /ros_ws/src/install/controller/share/controller/cmake/rosidl_cmake_export_typesupport_targets-extras.cmake\n'}
[0.656361] (controller) StdoutLine: {'line': b'-- Up-to-date: /ros_ws/src/install/controller/share/controller/cmake/rosidl_cmake_export_typesupport_libraries-extras.cmake\n'}
[0.656405] (controller) StdoutLine: {'line': b'-- Up-to-date: /ros_ws/src/install/controller/share/controller/cmake/controllerConfig.cmake\n'}
[0.656449] (controller) StdoutLine: {'line': b'-- Up-to-date: /ros_ws/src/install/controller/share/controller/cmake/controllerConfig-version.cmake\n'}
[0.656493] (controller) StdoutLine: {'line': b'-- Up-to-date: /ros_ws/src/install/controller/share/controller/package.xml\n'}
[0.656899] (controller) CommandEnded: {'returncode': 0}
[0.666949] (controller) JobEnded: {'identifier': 'controller', 'rc': 0}
[0.667670] (-) EventReactorShutdown: {}
