[0.000000] (-) TimerEvent: {}
[0.000110] (firmware) JobQueued: {'identifier': 'firmware', 'dependencies': OrderedDict()}
[0.000142] (libkdtp) JobQueued: {'identifier': 'libkdtp', 'dependencies': OrderedDict()}
[0.000159] (maneuver) JobQueued: {'identifier': 'maneuver', 'dependencies': OrderedDict({'libkdtp': '/ros_ws/src/install/libkdtp'})}
[0.000179] (controller) JobQueued: {'identifier': 'controller', 'dependencies': OrderedDict({'libkdtp': '/ros_ws/src/install/libkdtp', 'maneuver': '/ros_ws/src/install/maneuver'})}
[0.000211] (uav_simulator) JobQueued: {'identifier': 'uav_simulator', 'dependencies': OrderedDict({'libkdtp': '/ros_ws/src/install/libkdtp', 'maneuver': '/ros_ws/src/install/maneuver'})}
[0.000222] (libkdtp) JobStarted: {'identifier': 'libkdtp'}
[0.004256] (firmware) JobStarted: {'identifier': 'firmware'}
[0.007106] (libkdtp) JobProgress: {'identifier': 'libkdtp', 'progress': 'cmake'}
[0.007752] (libkdtp) JobProgress: {'identifier': 'libkdtp', 'progress': 'build'}
[0.007783] (libkdtp) Command: {'cmd': ['/usr/bin/cmake', '--build', '/ros_ws/src/build/libkdtp', '--', '-j16', '-l16'], 'cwd': '/ros_ws/src/build/libkdtp', 'env': OrderedDict({'HOSTNAME': 'ADUAED19005LPLX', 'SHLVL': '1', 'LD_LIBRARY_PATH': '/ros_ws/install/uav_simulator/lib:/ros_ws/install/my_ros2_package/lib:/ros_ws/install/controller/lib:/ros_ws/install/maneuver/lib:/ros_ws/install/libkdtp/lib:/opt/ros/jazzy/opt/rviz_ogre_vendor/lib:/opt/ros/jazzy/lib/x86_64-linux-gnu:/opt/ros/jazzy/opt/gz_math_vendor/lib:/opt/ros/jazzy/opt/gz_utils_vendor/lib:/opt/ros/jazzy/opt/gz_cmake_vendor/lib:/opt/ros/jazzy/lib', 'HOME': '/root', 'OLDPWD': '/ros_ws/src/firmware/launch', 'ROS_PYTHON_VERSION': '3', 'COLCON_PREFIX_PATH': '/ros_ws/install', 'ROS_DISTRO': 'jazzy', '_': '/usr/bin/colcon', 'ROS_VERSION': '2', 'TERM': 'xterm', 'PATH': '/opt/ros/jazzy/bin:/usr/local/sbin:/usr/local/bin:/usr/sbin:/usr/bin:/sbin:/bin', 'LANG': 'C.UTF-8', 'LS_COLORS': 'rs=0:di=01;34:ln=01;36:mh=00:pi=40;33:so=01;35:do=01;35:bd=40;33;01:cd=40;33;01:or=40;31;01:mi=00:su=37;41:sg=30;43:ca=00:tw=30;42:ow=34;42:st=37;44:ex=01;32:*.tar=01;31:*.tgz=01;31:*.arc=01;31:*.arj=01;31:*.taz=01;31:*.lha=01;31:*.lz4=01;31:*.lzh=01;31:*.lzma=01;31:*.tlz=01;31:*.txz=01;31:*.tzo=01;31:*.t7z=01;31:*.zip=01;31:*.z=01;31:*.dz=01;31:*.gz=01;31:*.lrz=01;31:*.lz=01;31:*.lzo=01;31:*.xz=01;31:*.zst=01;31:*.tzst=01;31:*.bz2=01;31:*.bz=01;31:*.tbz=01;31:*.tbz2=01;31:*.tz=01;31:*.deb=01;31:*.rpm=01;31:*.jar=01;31:*.war=01;31:*.ear=01;31:*.sar=01;31:*.rar=01;31:*.alz=01;31:*.ace=01;31:*.zoo=01;31:*.cpio=01;31:*.7z=01;31:*.rz=01;31:*.cab=01;31:*.wim=01;31:*.swm=01;31:*.dwm=01;31:*.esd=01;31:*.avif=01;35:*.jpg=01;35:*.jpeg=01;35:*.mjpg=01;35:*.mjpeg=01;35:*.gif=01;35:*.bmp=01;35:*.pbm=01;35:*.pgm=01;35:*.ppm=01;35:*.tga=01;35:*.xbm=01;35:*.xpm=01;35:*.tif=01;35:*.tiff=01;35:*.png=01;35:*.svg=01;35:*.svgz=01;35:*.mng=01;35:*.pcx=01;35:*.mov=01;35:*.mpg=01;35:*.mpeg=01;35:*.m2v=01;35:*.mkv=01;35:*.webm=01;35:*.webp=01;35:*.ogm=01;35:*.mp4=01;35:*.m4v=01;35:*.mp4v=01;35:*.vob=01;35:*.qt=01;35:*.nuv=01;35:*.wmv=01;35:*.asf=01;35:*.rm=01;35:*.rmvb=01;35:*.flc=01;35:*.avi=01;35:*.fli=01;35:*.flv=01;35:*.gl=01;35:*.dl=01;35:*.xcf=01;35:*.xwd=01;35:*.yuv=01;35:*.cgm=01;35:*.emf=01;35:*.ogv=01;35:*.ogx=01;35:*.aac=00;36:*.au=00;36:*.flac=00;36:*.m4a=00;36:*.mid=00;36:*.midi=00;36:*.mka=00;36:*.mp3=00;36:*.mpc=00;36:*.ogg=00;36:*.ra=00;36:*.wav=00;36:*.oga=00;36:*.opus=00;36:*.spx=00;36:*.xspf=00;36:*~=00;90:*#=00;90:*.bak=00;90:*.crdownload=00;90:*.dpkg-dist=00;90:*.dpkg-new=00;90:*.dpkg-old=00;90:*.dpkg-tmp=00;90:*.old=00;90:*.orig=00;90:*.part=00;90:*.rej=00;90:*.rpmnew=00;90:*.rpmorig=00;90:*.rpmsave=00;90:*.swp=00;90:*.tmp=00;90:*.ucf-dist=00;90:*.ucf-new=00;90:*.ucf-old=00;90:', 'AMENT_PREFIX_PATH': '/ros_ws/install/uav_simulator:/ros_ws/install/my_ros2_package:/ros_ws/install/controller:/ros_ws/install/maneuver:/ros_ws/install/libkdtp:/opt/ros/jazzy', 'DEBIAN_FRONTEND': 'noninteractive', 'ROS_AUTOMATIC_DISCOVERY_RANGE': 'SUBNET', 'PWD': '/ros_ws/src/build/libkdtp', 'LC_ALL': 'C.UTF-8', 'PYTHONPATH': '/ros_ws/install/my_ros2_package/lib/python3.12/site-packages:/ros_ws/install/controller/lib/python3.12/site-packages:/ros_ws/install/maneuver/lib/python3.12/site-packages:/opt/ros/jazzy/lib/python3.12/site-packages', 'COLCON': '1', 'CMAKE_PREFIX_PATH': '/ros_ws/install/uav_simulator:/ros_ws/install/my_ros2_package:/ros_ws/install/controller:/ros_ws/install/maneuver:/ros_ws/install/libkdtp:/opt/ros/jazzy/opt/gz_math_vendor:/opt/ros/jazzy/opt/gz_utils_vendor:/opt/ros/jazzy/opt/gz_cmake_vendor:/opt/ros/jazzy'}), 'shell': False}
[0.009586] (firmware) JobProgress: {'identifier': 'firmware', 'progress': 'cmake'}
[0.010059] (firmware) Command: {'cmd': ['/usr/bin/cmake', '/ros_ws/src/firmware', '-DCMAKE_INSTALL_PREFIX=/ros_ws/src/install/firmware'], 'cwd': '/ros_ws/src/build/firmware', 'env': OrderedDict({'HOSTNAME': 'ADUAED19005LPLX', 'SHLVL': '1', 'LD_LIBRARY_PATH': '/ros_ws/install/uav_simulator/lib:/ros_ws/install/my_ros2_package/lib:/ros_ws/install/controller/lib:/ros_ws/install/maneuver/lib:/ros_ws/install/libkdtp/lib:/opt/ros/jazzy/opt/rviz_ogre_vendor/lib:/opt/ros/jazzy/lib/x86_64-linux-gnu:/opt/ros/jazzy/opt/gz_math_vendor/lib:/opt/ros/jazzy/opt/gz_utils_vendor/lib:/opt/ros/jazzy/opt/gz_cmake_vendor/lib:/opt/ros/jazzy/lib', 'HOME': '/root', 'OLDPWD': '/ros_ws/src/firmware/launch', 'ROS_PYTHON_VERSION': '3', 'COLCON_PREFIX_PATH': '/ros_ws/install', 'ROS_DISTRO': 'jazzy', '_': '/usr/bin/colcon', 'ROS_VERSION': '2', 'TERM': 'xterm', 'PATH': '/opt/ros/jazzy/bin:/usr/local/sbin:/usr/local/bin:/usr/sbin:/usr/bin:/sbin:/bin', 'LANG': 'C.UTF-8', 'LS_COLORS': 'rs=0:di=01;34:ln=01;36:mh=00:pi=40;33:so=01;35:do=01;35:bd=40;33;01:cd=40;33;01:or=40;31;01:mi=00:su=37;41:sg=30;43:ca=00:tw=30;42:ow=34;42:st=37;44:ex=01;32:*.tar=01;31:*.tgz=01;31:*.arc=01;31:*.arj=01;31:*.taz=01;31:*.lha=01;31:*.lz4=01;31:*.lzh=01;31:*.lzma=01;31:*.tlz=01;31:*.txz=01;31:*.tzo=01;31:*.t7z=01;31:*.zip=01;31:*.z=01;31:*.dz=01;31:*.gz=01;31:*.lrz=01;31:*.lz=01;31:*.lzo=01;31:*.xz=01;31:*.zst=01;31:*.tzst=01;31:*.bz2=01;31:*.bz=01;31:*.tbz=01;31:*.tbz2=01;31:*.tz=01;31:*.deb=01;31:*.rpm=01;31:*.jar=01;31:*.war=01;31:*.ear=01;31:*.sar=01;31:*.rar=01;31:*.alz=01;31:*.ace=01;31:*.zoo=01;31:*.cpio=01;31:*.7z=01;31:*.rz=01;31:*.cab=01;31:*.wim=01;31:*.swm=01;31:*.dwm=01;31:*.esd=01;31:*.avif=01;35:*.jpg=01;35:*.jpeg=01;35:*.mjpg=01;35:*.mjpeg=01;35:*.gif=01;35:*.bmp=01;35:*.pbm=01;35:*.pgm=01;35:*.ppm=01;35:*.tga=01;35:*.xbm=01;35:*.xpm=01;35:*.tif=01;35:*.tiff=01;35:*.png=01;35:*.svg=01;35:*.svgz=01;35:*.mng=01;35:*.pcx=01;35:*.mov=01;35:*.mpg=01;35:*.mpeg=01;35:*.m2v=01;35:*.mkv=01;35:*.webm=01;35:*.webp=01;35:*.ogm=01;35:*.mp4=01;35:*.m4v=01;35:*.mp4v=01;35:*.vob=01;35:*.qt=01;35:*.nuv=01;35:*.wmv=01;35:*.asf=01;35:*.rm=01;35:*.rmvb=01;35:*.flc=01;35:*.avi=01;35:*.fli=01;35:*.flv=01;35:*.gl=01;35:*.dl=01;35:*.xcf=01;35:*.xwd=01;35:*.yuv=01;35:*.cgm=01;35:*.emf=01;35:*.ogv=01;35:*.ogx=01;35:*.aac=00;36:*.au=00;36:*.flac=00;36:*.m4a=00;36:*.mid=00;36:*.midi=00;36:*.mka=00;36:*.mp3=00;36:*.mpc=00;36:*.ogg=00;36:*.ra=00;36:*.wav=00;36:*.oga=00;36:*.opus=00;36:*.spx=00;36:*.xspf=00;36:*~=00;90:*#=00;90:*.bak=00;90:*.crdownload=00;90:*.dpkg-dist=00;90:*.dpkg-new=00;90:*.dpkg-old=00;90:*.dpkg-tmp=00;90:*.old=00;90:*.orig=00;90:*.part=00;90:*.rej=00;90:*.rpmnew=00;90:*.rpmorig=00;90:*.rpmsave=00;90:*.swp=00;90:*.tmp=00;90:*.ucf-dist=00;90:*.ucf-new=00;90:*.ucf-old=00;90:', 'AMENT_PREFIX_PATH': '/ros_ws/install/uav_simulator:/ros_ws/install/my_ros2_package:/ros_ws/install/controller:/ros_ws/install/maneuver:/ros_ws/install/libkdtp:/opt/ros/jazzy', 'DEBIAN_FRONTEND': 'noninteractive', 'ROS_AUTOMATIC_DISCOVERY_RANGE': 'SUBNET', 'PWD': '/ros_ws/src/build/firmware', 'LC_ALL': 'C.UTF-8', 'PYTHONPATH': '/ros_ws/install/my_ros2_package/lib/python3.12/site-packages:/ros_ws/install/controller/lib/python3.12/site-packages:/ros_ws/install/maneuver/lib/python3.12/site-packages:/opt/ros/jazzy/lib/python3.12/site-packages', 'COLCON': '1', 'CMAKE_PREFIX_PATH': '/ros_ws/install/uav_simulator:/ros_ws/install/my_ros2_package:/ros_ws/install/controller:/ros_ws/install/maneuver:/ros_ws/install/libkdtp:/opt/ros/jazzy/opt/gz_math_vendor:/opt/ros/jazzy/opt/gz_utils_vendor:/opt/ros/jazzy/opt/gz_cmake_vendor:/opt/ros/jazzy'}), 'shell': False}
[0.021212] (firmware) StdoutLine: {'line': b'-- Found ament_cmake: 2.5.2 (/opt/ros/jazzy/share/ament_cmake/cmake)\n'}
[0.038677] (libkdtp) StdoutLine: {'line': b'[100%] Built target libkdtp\n'}
[0.044590] (libkdtp) CommandEnded: {'returncode': 0}
[0.044959] (libkdtp) JobProgress: {'identifier': 'libkdtp', 'progress': 'install'}
[0.051252] (libkdtp) Command: {'cmd': ['/usr/bin/cmake', '--install', '/ros_ws/src/build/libkdtp'], 'cwd': '/ros_ws/src/build/libkdtp', 'env': OrderedDict({'HOSTNAME': 'ADUAED19005LPLX', 'SHLVL': '1', 'LD_LIBRARY_PATH': '/ros_ws/install/uav_simulator/lib:/ros_ws/install/my_ros2_package/lib:/ros_ws/install/controller/lib:/ros_ws/install/maneuver/lib:/ros_ws/install/libkdtp/lib:/opt/ros/jazzy/opt/rviz_ogre_vendor/lib:/opt/ros/jazzy/lib/x86_64-linux-gnu:/opt/ros/jazzy/opt/gz_math_vendor/lib:/opt/ros/jazzy/opt/gz_utils_vendor/lib:/opt/ros/jazzy/opt/gz_cmake_vendor/lib:/opt/ros/jazzy/lib', 'HOME': '/root', 'OLDPWD': '/ros_ws/src/firmware/launch', 'ROS_PYTHON_VERSION': '3', 'COLCON_PREFIX_PATH': '/ros_ws/install', 'ROS_DISTRO': 'jazzy', '_': '/usr/bin/colcon', 'ROS_VERSION': '2', 'TERM': 'xterm', 'PATH': '/opt/ros/jazzy/bin:/usr/local/sbin:/usr/local/bin:/usr/sbin:/usr/bin:/sbin:/bin', 'LANG': 'C.UTF-8', 'LS_COLORS': 'rs=0:di=01;34:ln=01;36:mh=00:pi=40;33:so=01;35:do=01;35:bd=40;33;01:cd=40;33;01:or=40;31;01:mi=00:su=37;41:sg=30;43:ca=00:tw=30;42:ow=34;42:st=37;44:ex=01;32:*.tar=01;31:*.tgz=01;31:*.arc=01;31:*.arj=01;31:*.taz=01;31:*.lha=01;31:*.lz4=01;31:*.lzh=01;31:*.lzma=01;31:*.tlz=01;31:*.txz=01;31:*.tzo=01;31:*.t7z=01;31:*.zip=01;31:*.z=01;31:*.dz=01;31:*.gz=01;31:*.lrz=01;31:*.lz=01;31:*.lzo=01;31:*.xz=01;31:*.zst=01;31:*.tzst=01;31:*.bz2=01;31:*.bz=01;31:*.tbz=01;31:*.tbz2=01;31:*.tz=01;31:*.deb=01;31:*.rpm=01;31:*.jar=01;31:*.war=01;31:*.ear=01;31:*.sar=01;31:*.rar=01;31:*.alz=01;31:*.ace=01;31:*.zoo=01;31:*.cpio=01;31:*.7z=01;31:*.rz=01;31:*.cab=01;31:*.wim=01;31:*.swm=01;31:*.dwm=01;31:*.esd=01;31:*.avif=01;35:*.jpg=01;35:*.jpeg=01;35:*.mjpg=01;35:*.mjpeg=01;35:*.gif=01;35:*.bmp=01;35:*.pbm=01;35:*.pgm=01;35:*.ppm=01;35:*.tga=01;35:*.xbm=01;35:*.xpm=01;35:*.tif=01;35:*.tiff=01;35:*.png=01;35:*.svg=01;35:*.svgz=01;35:*.mng=01;35:*.pcx=01;35:*.mov=01;35:*.mpg=01;35:*.mpeg=01;35:*.m2v=01;35:*.mkv=01;35:*.webm=01;35:*.webp=01;35:*.ogm=01;35:*.mp4=01;35:*.m4v=01;35:*.mp4v=01;35:*.vob=01;35:*.qt=01;35:*.nuv=01;35:*.wmv=01;35:*.asf=01;35:*.rm=01;35:*.rmvb=01;35:*.flc=01;35:*.avi=01;35:*.fli=01;35:*.flv=01;35:*.gl=01;35:*.dl=01;35:*.xcf=01;35:*.xwd=01;35:*.yuv=01;35:*.cgm=01;35:*.emf=01;35:*.ogv=01;35:*.ogx=01;35:*.aac=00;36:*.au=00;36:*.flac=00;36:*.m4a=00;36:*.mid=00;36:*.midi=00;36:*.mka=00;36:*.mp3=00;36:*.mpc=00;36:*.ogg=00;36:*.ra=00;36:*.wav=00;36:*.oga=00;36:*.opus=00;36:*.spx=00;36:*.xspf=00;36:*~=00;90:*#=00;90:*.bak=00;90:*.crdownload=00;90:*.dpkg-dist=00;90:*.dpkg-new=00;90:*.dpkg-old=00;90:*.dpkg-tmp=00;90:*.old=00;90:*.orig=00;90:*.part=00;90:*.rej=00;90:*.rpmnew=00;90:*.rpmorig=00;90:*.rpmsave=00;90:*.swp=00;90:*.tmp=00;90:*.ucf-dist=00;90:*.ucf-new=00;90:*.ucf-old=00;90:', 'AMENT_PREFIX_PATH': '/ros_ws/install/uav_simulator:/ros_ws/install/my_ros2_package:/ros_ws/install/controller:/ros_ws/install/maneuver:/ros_ws/install/libkdtp:/opt/ros/jazzy', 'DEBIAN_FRONTEND': 'noninteractive', 'ROS_AUTOMATIC_DISCOVERY_RANGE': 'SUBNET', 'PWD': '/ros_ws/src/build/libkdtp', 'LC_ALL': 'C.UTF-8', 'PYTHONPATH': '/ros_ws/install/my_ros2_package/lib/python3.12/site-packages:/ros_ws/install/controller/lib/python3.12/site-packages:/ros_ws/install/maneuver/lib/python3.12/site-packages:/opt/ros/jazzy/lib/python3.12/site-packages', 'COLCON': '1', 'CMAKE_PREFIX_PATH': '/ros_ws/install/uav_simulator:/ros_ws/install/my_ros2_package:/ros_ws/install/controller:/ros_ws/install/maneuver:/ros_ws/install/libkdtp:/opt/ros/jazzy/opt/gz_math_vendor:/opt/ros/jazzy/opt/gz_utils_vendor:/opt/ros/jazzy/opt/gz_cmake_vendor:/opt/ros/jazzy'}), 'shell': False}
[0.062082] (libkdtp) StdoutLine: {'line': b'-- Install configuration: ""\n'}
[0.062756] (libkdtp) StdoutLine: {'line': b'-- Up-to-date: /ros_ws/src/install/libkdtp/share/libkdtp/environment/library_path.sh\n'}
[0.063099] (libkdtp) StdoutLine: {'line': b'-- Up-to-date: /ros_ws/src/install/libkdtp/share/libkdtp/environment/library_path.dsv\n'}
[0.063268] (libkdtp) StdoutLine: {'line': b'-- Up-to-date: /ros_ws/src/install/libkdtp/include/libkdtp/libkdtp\n'}
[0.063428] (libkdtp) StdoutLine: {'line': b'-- Up-to-date: /ros_ws/src/install/libkdtp/include/libkdtp/libkdtp/kdtp.h\n'}
[0.063592] (libkdtp) StdoutLine: {'line': b'-- Up-to-date: /ros_ws/src/install/libkdtp/include/libkdtp/libkdtp/libkdtp.h\n'}
[0.063743] (libkdtp) StdoutLine: {'line': b'-- Up-to-date: /ros_ws/src/install/libkdtp/lib/liblibkdtp.so\n'}
[0.063890] (libkdtp) StdoutLine: {'line': b'-- Up-to-date: /ros_ws/src/install/libkdtp/share/ament_index/resource_index/package_run_dependencies/libkdtp\n'}
[0.064116] (libkdtp) StdoutLine: {'line': b'-- Up-to-date: /ros_ws/src/install/libkdtp/share/ament_index/resource_index/parent_prefix_path/libkdtp\n'}
[0.064256] (libkdtp) StdoutLine: {'line': b'-- Up-to-date: /ros_ws/src/install/libkdtp/share/libkdtp/environment/ament_prefix_path.sh\n'}
[0.064393] (libkdtp) StdoutLine: {'line': b'-- Up-to-date: /ros_ws/src/install/libkdtp/share/libkdtp/environment/ament_prefix_path.dsv\n'}
[0.064518] (libkdtp) StdoutLine: {'line': b'-- Up-to-date: /ros_ws/src/install/libkdtp/share/libkdtp/environment/path.sh\n'}
[0.064642] (libkdtp) StdoutLine: {'line': b'-- Up-to-date: /ros_ws/src/install/libkdtp/share/libkdtp/environment/path.dsv\n'}
[0.064767] (libkdtp) StdoutLine: {'line': b'-- Up-to-date: /ros_ws/src/install/libkdtp/share/libkdtp/local_setup.bash\n'}
[0.064890] (libkdtp) StdoutLine: {'line': b'-- Up-to-date: /ros_ws/src/install/libkdtp/share/libkdtp/local_setup.sh\n'}
[0.065013] (libkdtp) StdoutLine: {'line': b'-- Up-to-date: /ros_ws/src/install/libkdtp/share/libkdtp/local_setup.zsh\n'}
[0.065135] (libkdtp) StdoutLine: {'line': b'-- Up-to-date: /ros_ws/src/install/libkdtp/share/libkdtp/local_setup.dsv\n'}
[0.065345] (libkdtp) StdoutLine: {'line': b'-- Installing: /ros_ws/src/install/libkdtp/share/libkdtp/package.dsv\n'}
[0.065482] (libkdtp) StdoutLine: {'line': b'-- Up-to-date: /ros_ws/src/install/libkdtp/share/ament_index/resource_index/packages/libkdtp\n'}
[0.065614] (libkdtp) StdoutLine: {'line': b'-- Up-to-date: /ros_ws/src/install/libkdtp/share/libkdtp/cmake/export_libkdtpExport.cmake\n'}
[0.065684] (libkdtp) StdoutLine: {'line': b'-- Up-to-date: /ros_ws/src/install/libkdtp/share/libkdtp/cmake/export_libkdtpExport-noconfig.cmake\n'}
[0.065731] (libkdtp) StdoutLine: {'line': b'-- Up-to-date: /ros_ws/src/install/libkdtp/share/libkdtp/cmake/ament_cmake_export_include_directories-extras.cmake\n'}
[0.065779] (libkdtp) StdoutLine: {'line': b'-- Up-to-date: /ros_ws/src/install/libkdtp/share/libkdtp/cmake/ament_cmake_export_targets-extras.cmake\n'}
[0.065832] (libkdtp) StdoutLine: {'line': b'-- Up-to-date: /ros_ws/src/install/libkdtp/share/libkdtp/cmake/ament_cmake_export_libraries-extras.cmake\n'}
[0.065888] (libkdtp) StdoutLine: {'line': b'-- Up-to-date: /ros_ws/src/install/libkdtp/share/libkdtp/cmake/libkdtpConfig.cmake\n'}
[0.065938] (libkdtp) StdoutLine: {'line': b'-- Up-to-date: /ros_ws/src/install/libkdtp/share/libkdtp/cmake/libkdtpConfig-version.cmake\n'}
[0.065986] (libkdtp) StdoutLine: {'line': b'-- Up-to-date: /ros_ws/src/install/libkdtp/share/libkdtp/package.xml\n'}
[0.066467] (libkdtp) CommandEnded: {'returncode': 0}
[0.081331] (libkdtp) JobEnded: {'identifier': 'libkdtp', 'rc': 0}
[0.081910] (maneuver) JobStarted: {'identifier': 'maneuver'}
[0.086289] (maneuver) JobProgress: {'identifier': 'maneuver', 'progress': 'cmake'}
[0.086874] (maneuver) JobProgress: {'identifier': 'maneuver', 'progress': 'build'}
[0.086940] (maneuver) Command: {'cmd': ['/usr/bin/cmake', '--build', '/ros_ws/src/build/maneuver', '--', '-j16', '-l16'], 'cwd': '/ros_ws/src/build/maneuver', 'env': OrderedDict({'HOSTNAME': 'ADUAED19005LPLX', 'SHLVL': '1', 'LD_LIBRARY_PATH': '/ros_ws/src/install/libkdtp/lib:/ros_ws/install/uav_simulator/lib:/ros_ws/install/my_ros2_package/lib:/ros_ws/install/controller/lib:/ros_ws/install/maneuver/lib:/ros_ws/install/libkdtp/lib:/opt/ros/jazzy/opt/rviz_ogre_vendor/lib:/opt/ros/jazzy/lib/x86_64-linux-gnu:/opt/ros/jazzy/opt/gz_math_vendor/lib:/opt/ros/jazzy/opt/gz_utils_vendor/lib:/opt/ros/jazzy/opt/gz_cmake_vendor/lib:/opt/ros/jazzy/lib', 'HOME': '/root', 'OLDPWD': '/ros_ws/src/firmware/launch', 'ROS_PYTHON_VERSION': '3', 'COLCON_PREFIX_PATH': '/ros_ws/install', 'ROS_DISTRO': 'jazzy', '_': '/usr/bin/colcon', 'ROS_VERSION': '2', 'TERM': 'xterm', 'PATH': '/opt/ros/jazzy/bin:/usr/local/sbin:/usr/local/bin:/usr/sbin:/usr/bin:/sbin:/bin', 'LANG': 'C.UTF-8', 'LS_COLORS': 'rs=0:di=01;34:ln=01;36:mh=00:pi=40;33:so=01;35:do=01;35:bd=40;33;01:cd=40;33;01:or=40;31;01:mi=00:su=37;41:sg=30;43:ca=00:tw=30;42:ow=34;42:st=37;44:ex=01;32:*.tar=01;31:*.tgz=01;31:*.arc=01;31:*.arj=01;31:*.taz=01;31:*.lha=01;31:*.lz4=01;31:*.lzh=01;31:*.lzma=01;31:*.tlz=01;31:*.txz=01;31:*.tzo=01;31:*.t7z=01;31:*.zip=01;31:*.z=01;31:*.dz=01;31:*.gz=01;31:*.lrz=01;31:*.lz=01;31:*.lzo=01;31:*.xz=01;31:*.zst=01;31:*.tzst=01;31:*.bz2=01;31:*.bz=01;31:*.tbz=01;31:*.tbz2=01;31:*.tz=01;31:*.deb=01;31:*.rpm=01;31:*.jar=01;31:*.war=01;31:*.ear=01;31:*.sar=01;31:*.rar=01;31:*.alz=01;31:*.ace=01;31:*.zoo=01;31:*.cpio=01;31:*.7z=01;31:*.rz=01;31:*.cab=01;31:*.wim=01;31:*.swm=01;31:*.dwm=01;31:*.esd=01;31:*.avif=01;35:*.jpg=01;35:*.jpeg=01;35:*.mjpg=01;35:*.mjpeg=01;35:*.gif=01;35:*.bmp=01;35:*.pbm=01;35:*.pgm=01;35:*.ppm=01;35:*.tga=01;35:*.xbm=01;35:*.xpm=01;35:*.tif=01;35:*.tiff=01;35:*.png=01;35:*.svg=01;35:*.svgz=01;35:*.mng=01;35:*.pcx=01;35:*.mov=01;35:*.mpg=01;35:*.mpeg=01;35:*.m2v=01;35:*.mkv=01;35:*.webm=01;35:*.webp=01;35:*.ogm=01;35:*.mp4=01;35:*.m4v=01;35:*.mp4v=01;35:*.vob=01;35:*.qt=01;35:*.nuv=01;35:*.wmv=01;35:*.asf=01;35:*.rm=01;35:*.rmvb=01;35:*.flc=01;35:*.avi=01;35:*.fli=01;35:*.flv=01;35:*.gl=01;35:*.dl=01;35:*.xcf=01;35:*.xwd=01;35:*.yuv=01;35:*.cgm=01;35:*.emf=01;35:*.ogv=01;35:*.ogx=01;35:*.aac=00;36:*.au=00;36:*.flac=00;36:*.m4a=00;36:*.mid=00;36:*.midi=00;36:*.mka=00;36:*.mp3=00;36:*.mpc=00;36:*.ogg=00;36:*.ra=00;36:*.wav=00;36:*.oga=00;36:*.opus=00;36:*.spx=00;36:*.xspf=00;36:*~=00;90:*#=00;90:*.bak=00;90:*.crdownload=00;90:*.dpkg-dist=00;90:*.dpkg-new=00;90:*.dpkg-old=00;90:*.dpkg-tmp=00;90:*.old=00;90:*.orig=00;90:*.part=00;90:*.rej=00;90:*.rpmnew=00;90:*.rpmorig=00;90:*.rpmsave=00;90:*.swp=00;90:*.tmp=00;90:*.ucf-dist=00;90:*.ucf-new=00;90:*.ucf-old=00;90:', 'AMENT_PREFIX_PATH': '/ros_ws/src/install/libkdtp:/ros_ws/install/uav_simulator:/ros_ws/install/my_ros2_package:/ros_ws/install/controller:/ros_ws/install/maneuver:/ros_ws/install/libkdtp:/opt/ros/jazzy', 'DEBIAN_FRONTEND': 'noninteractive', 'ROS_AUTOMATIC_DISCOVERY_RANGE': 'SUBNET', 'PWD': '/ros_ws/src/build/maneuver', 'LC_ALL': 'C.UTF-8', 'PYTHONPATH': '/ros_ws/install/my_ros2_package/lib/python3.12/site-packages:/ros_ws/install/controller/lib/python3.12/site-packages:/ros_ws/install/maneuver/lib/python3.12/site-packages:/opt/ros/jazzy/lib/python3.12/site-packages', 'COLCON': '1', 'CMAKE_PREFIX_PATH': '/ros_ws/src/install/libkdtp:/ros_ws/install/uav_simulator:/ros_ws/install/my_ros2_package:/ros_ws/install/controller:/ros_ws/install/maneuver:/ros_ws/install/libkdtp:/opt/ros/jazzy/opt/gz_math_vendor:/opt/ros/jazzy/opt/gz_utils_vendor:/opt/ros/jazzy/opt/gz_cmake_vendor:/opt/ros/jazzy'}), 'shell': False}
[0.099582] (-) TimerEvent: {}
[0.140911] (maneuver) StdoutLine: {'line': b'[  1%] Built target maneuver__rosidl_generator_type_description\n'}
[0.151775] (maneuver) StdoutLine: {'line': b'[  1%] Built target ament_cmake_python_copy_maneuver\n'}
[0.168252] (maneuver) StdoutLine: {'line': b'[  1%] Built target maneuver__cpp\n'}
[0.181770] (maneuver) StdoutLine: {'line': b'[ 26%] Built target maneuver__rosidl_generator_c\n'}
[0.199711] (-) TimerEvent: {}
[0.214180] (maneuver) StdoutLine: {'line': b'[ 35%] Built target maneuver__rosidl_typesupport_c\n'}
[0.214452] (maneuver) StdoutLine: {'line': b'[ 44%] Built target maneuver__rosidl_typesupport_introspection_c\n'}
[0.214919] (maneuver) StdoutLine: {'line': b'[ 56%] Built target maneuver__rosidl_typesupport_cpp\n'}
[0.215122] (maneuver) StdoutLine: {'line': b'[ 63%] Built target maneuver__rosidl_typesupport_fastrtps_c\n'}
[0.215252] (maneuver) StdoutLine: {'line': b'[ 73%] Built target maneuver__rosidl_typesupport_introspection_cpp\n'}
[0.216415] (maneuver) StdoutLine: {'line': b'[ 83%] Built target maneuver__rosidl_typesupport_fastrtps_cpp\n'}
[0.228390] (maneuver) StdoutLine: {'line': b'[ 83%] Built target maneuver\n'}
[0.233074] (maneuver) StdoutLine: {'line': b'[ 84%] Built target maneuver_node\n'}
[0.240585] (maneuver) StdoutLine: {'line': b'[ 85%] Built target maneuver__py\n'}
[0.255872] (maneuver) StdoutLine: {'line': b'[ 94%] Built target maneuver__rosidl_generator_py\n'}
[0.269862] (maneuver) StdoutLine: {'line': b'[100%] Built target maneuver_s__rosidl_typesupport_introspection_c\n'}
[0.270022] (maneuver) StdoutLine: {'line': b'[100%] Built target maneuver_s__rosidl_typesupport_fastrtps_c\n'}
[0.270073] (maneuver) StdoutLine: {'line': b'[100%] Built target maneuver_s__rosidl_typesupport_c\n'}
[0.299847] (-) TimerEvent: {}
[0.304931] (firmware) StdoutLine: {'line': b'-- Configuring done (0.3s)\n'}
[0.307588] (firmware) StdoutLine: {'line': b'-- Generating done (0.0s)\n'}
[0.309088] (firmware) StdoutLine: {'line': b'-- Build files have been written to: /ros_ws/src/build/firmware\n'}
[0.311583] (firmware) CommandEnded: {'returncode': 0}
[0.312111] (firmware) JobProgress: {'identifier': 'firmware', 'progress': 'build'}
[0.312125] (firmware) Command: {'cmd': ['/usr/bin/cmake', '--build', '/ros_ws/src/build/firmware', '--', '-j16', '-l16'], 'cwd': '/ros_ws/src/build/firmware', 'env': OrderedDict({'HOSTNAME': 'ADUAED19005LPLX', 'SHLVL': '1', 'LD_LIBRARY_PATH': '/ros_ws/install/uav_simulator/lib:/ros_ws/install/my_ros2_package/lib:/ros_ws/install/controller/lib:/ros_ws/install/maneuver/lib:/ros_ws/install/libkdtp/lib:/opt/ros/jazzy/opt/rviz_ogre_vendor/lib:/opt/ros/jazzy/lib/x86_64-linux-gnu:/opt/ros/jazzy/opt/gz_math_vendor/lib:/opt/ros/jazzy/opt/gz_utils_vendor/lib:/opt/ros/jazzy/opt/gz_cmake_vendor/lib:/opt/ros/jazzy/lib', 'HOME': '/root', 'OLDPWD': '/ros_ws/src/firmware/launch', 'ROS_PYTHON_VERSION': '3', 'COLCON_PREFIX_PATH': '/ros_ws/install', 'ROS_DISTRO': 'jazzy', '_': '/usr/bin/colcon', 'ROS_VERSION': '2', 'TERM': 'xterm', 'PATH': '/opt/ros/jazzy/bin:/usr/local/sbin:/usr/local/bin:/usr/sbin:/usr/bin:/sbin:/bin', 'LANG': 'C.UTF-8', 'LS_COLORS': 'rs=0:di=01;34:ln=01;36:mh=00:pi=40;33:so=01;35:do=01;35:bd=40;33;01:cd=40;33;01:or=40;31;01:mi=00:su=37;41:sg=30;43:ca=00:tw=30;42:ow=34;42:st=37;44:ex=01;32:*.tar=01;31:*.tgz=01;31:*.arc=01;31:*.arj=01;31:*.taz=01;31:*.lha=01;31:*.lz4=01;31:*.lzh=01;31:*.lzma=01;31:*.tlz=01;31:*.txz=01;31:*.tzo=01;31:*.t7z=01;31:*.zip=01;31:*.z=01;31:*.dz=01;31:*.gz=01;31:*.lrz=01;31:*.lz=01;31:*.lzo=01;31:*.xz=01;31:*.zst=01;31:*.tzst=01;31:*.bz2=01;31:*.bz=01;31:*.tbz=01;31:*.tbz2=01;31:*.tz=01;31:*.deb=01;31:*.rpm=01;31:*.jar=01;31:*.war=01;31:*.ear=01;31:*.sar=01;31:*.rar=01;31:*.alz=01;31:*.ace=01;31:*.zoo=01;31:*.cpio=01;31:*.7z=01;31:*.rz=01;31:*.cab=01;31:*.wim=01;31:*.swm=01;31:*.dwm=01;31:*.esd=01;31:*.avif=01;35:*.jpg=01;35:*.jpeg=01;35:*.mjpg=01;35:*.mjpeg=01;35:*.gif=01;35:*.bmp=01;35:*.pbm=01;35:*.pgm=01;35:*.ppm=01;35:*.tga=01;35:*.xbm=01;35:*.xpm=01;35:*.tif=01;35:*.tiff=01;35:*.png=01;35:*.svg=01;35:*.svgz=01;35:*.mng=01;35:*.pcx=01;35:*.mov=01;35:*.mpg=01;35:*.mpeg=01;35:*.m2v=01;35:*.mkv=01;35:*.webm=01;35:*.webp=01;35:*.ogm=01;35:*.mp4=01;35:*.m4v=01;35:*.mp4v=01;35:*.vob=01;35:*.qt=01;35:*.nuv=01;35:*.wmv=01;35:*.asf=01;35:*.rm=01;35:*.rmvb=01;35:*.flc=01;35:*.avi=01;35:*.fli=01;35:*.flv=01;35:*.gl=01;35:*.dl=01;35:*.xcf=01;35:*.xwd=01;35:*.yuv=01;35:*.cgm=01;35:*.emf=01;35:*.ogv=01;35:*.ogx=01;35:*.aac=00;36:*.au=00;36:*.flac=00;36:*.m4a=00;36:*.mid=00;36:*.midi=00;36:*.mka=00;36:*.mp3=00;36:*.mpc=00;36:*.ogg=00;36:*.ra=00;36:*.wav=00;36:*.oga=00;36:*.opus=00;36:*.spx=00;36:*.xspf=00;36:*~=00;90:*#=00;90:*.bak=00;90:*.crdownload=00;90:*.dpkg-dist=00;90:*.dpkg-new=00;90:*.dpkg-old=00;90:*.dpkg-tmp=00;90:*.old=00;90:*.orig=00;90:*.part=00;90:*.rej=00;90:*.rpmnew=00;90:*.rpmorig=00;90:*.rpmsave=00;90:*.swp=00;90:*.tmp=00;90:*.ucf-dist=00;90:*.ucf-new=00;90:*.ucf-old=00;90:', 'AMENT_PREFIX_PATH': '/ros_ws/install/uav_simulator:/ros_ws/install/my_ros2_package:/ros_ws/install/controller:/ros_ws/install/maneuver:/ros_ws/install/libkdtp:/opt/ros/jazzy', 'DEBIAN_FRONTEND': 'noninteractive', 'ROS_AUTOMATIC_DISCOVERY_RANGE': 'SUBNET', 'PWD': '/ros_ws/src/build/firmware', 'LC_ALL': 'C.UTF-8', 'PYTHONPATH': '/ros_ws/install/my_ros2_package/lib/python3.12/site-packages:/ros_ws/install/controller/lib/python3.12/site-packages:/ros_ws/install/maneuver/lib/python3.12/site-packages:/opt/ros/jazzy/lib/python3.12/site-packages', 'COLCON': '1', 'CMAKE_PREFIX_PATH': '/ros_ws/install/uav_simulator:/ros_ws/install/my_ros2_package:/ros_ws/install/controller:/ros_ws/install/maneuver:/ros_ws/install/libkdtp:/opt/ros/jazzy/opt/gz_math_vendor:/opt/ros/jazzy/opt/gz_utils_vendor:/opt/ros/jazzy/opt/gz_cmake_vendor:/opt/ros/jazzy'}), 'shell': False}
[0.327049] (maneuver) StdoutLine: {'line': b'running egg_info\n'}
[0.332618] (firmware) CommandEnded: {'returncode': 0}
[0.332940] (firmware) JobProgress: {'identifier': 'firmware', 'progress': 'install'}
[0.333063] (firmware) Command: {'cmd': ['/usr/bin/cmake', '--install', '/ros_ws/src/build/firmware'], 'cwd': '/ros_ws/src/build/firmware', 'env': OrderedDict({'HOSTNAME': 'ADUAED19005LPLX', 'SHLVL': '1', 'LD_LIBRARY_PATH': '/ros_ws/install/uav_simulator/lib:/ros_ws/install/my_ros2_package/lib:/ros_ws/install/controller/lib:/ros_ws/install/maneuver/lib:/ros_ws/install/libkdtp/lib:/opt/ros/jazzy/opt/rviz_ogre_vendor/lib:/opt/ros/jazzy/lib/x86_64-linux-gnu:/opt/ros/jazzy/opt/gz_math_vendor/lib:/opt/ros/jazzy/opt/gz_utils_vendor/lib:/opt/ros/jazzy/opt/gz_cmake_vendor/lib:/opt/ros/jazzy/lib', 'HOME': '/root', 'OLDPWD': '/ros_ws/src/firmware/launch', 'ROS_PYTHON_VERSION': '3', 'COLCON_PREFIX_PATH': '/ros_ws/install', 'ROS_DISTRO': 'jazzy', '_': '/usr/bin/colcon', 'ROS_VERSION': '2', 'TERM': 'xterm', 'PATH': '/opt/ros/jazzy/bin:/usr/local/sbin:/usr/local/bin:/usr/sbin:/usr/bin:/sbin:/bin', 'LANG': 'C.UTF-8', 'LS_COLORS': 'rs=0:di=01;34:ln=01;36:mh=00:pi=40;33:so=01;35:do=01;35:bd=40;33;01:cd=40;33;01:or=40;31;01:mi=00:su=37;41:sg=30;43:ca=00:tw=30;42:ow=34;42:st=37;44:ex=01;32:*.tar=01;31:*.tgz=01;31:*.arc=01;31:*.arj=01;31:*.taz=01;31:*.lha=01;31:*.lz4=01;31:*.lzh=01;31:*.lzma=01;31:*.tlz=01;31:*.txz=01;31:*.tzo=01;31:*.t7z=01;31:*.zip=01;31:*.z=01;31:*.dz=01;31:*.gz=01;31:*.lrz=01;31:*.lz=01;31:*.lzo=01;31:*.xz=01;31:*.zst=01;31:*.tzst=01;31:*.bz2=01;31:*.bz=01;31:*.tbz=01;31:*.tbz2=01;31:*.tz=01;31:*.deb=01;31:*.rpm=01;31:*.jar=01;31:*.war=01;31:*.ear=01;31:*.sar=01;31:*.rar=01;31:*.alz=01;31:*.ace=01;31:*.zoo=01;31:*.cpio=01;31:*.7z=01;31:*.rz=01;31:*.cab=01;31:*.wim=01;31:*.swm=01;31:*.dwm=01;31:*.esd=01;31:*.avif=01;35:*.jpg=01;35:*.jpeg=01;35:*.mjpg=01;35:*.mjpeg=01;35:*.gif=01;35:*.bmp=01;35:*.pbm=01;35:*.pgm=01;35:*.ppm=01;35:*.tga=01;35:*.xbm=01;35:*.xpm=01;35:*.tif=01;35:*.tiff=01;35:*.png=01;35:*.svg=01;35:*.svgz=01;35:*.mng=01;35:*.pcx=01;35:*.mov=01;35:*.mpg=01;35:*.mpeg=01;35:*.m2v=01;35:*.mkv=01;35:*.webm=01;35:*.webp=01;35:*.ogm=01;35:*.mp4=01;35:*.m4v=01;35:*.mp4v=01;35:*.vob=01;35:*.qt=01;35:*.nuv=01;35:*.wmv=01;35:*.asf=01;35:*.rm=01;35:*.rmvb=01;35:*.flc=01;35:*.avi=01;35:*.fli=01;35:*.flv=01;35:*.gl=01;35:*.dl=01;35:*.xcf=01;35:*.xwd=01;35:*.yuv=01;35:*.cgm=01;35:*.emf=01;35:*.ogv=01;35:*.ogx=01;35:*.aac=00;36:*.au=00;36:*.flac=00;36:*.m4a=00;36:*.mid=00;36:*.midi=00;36:*.mka=00;36:*.mp3=00;36:*.mpc=00;36:*.ogg=00;36:*.ra=00;36:*.wav=00;36:*.oga=00;36:*.opus=00;36:*.spx=00;36:*.xspf=00;36:*~=00;90:*#=00;90:*.bak=00;90:*.crdownload=00;90:*.dpkg-dist=00;90:*.dpkg-new=00;90:*.dpkg-old=00;90:*.dpkg-tmp=00;90:*.old=00;90:*.orig=00;90:*.part=00;90:*.rej=00;90:*.rpmnew=00;90:*.rpmorig=00;90:*.rpmsave=00;90:*.swp=00;90:*.tmp=00;90:*.ucf-dist=00;90:*.ucf-new=00;90:*.ucf-old=00;90:', 'AMENT_PREFIX_PATH': '/ros_ws/install/uav_simulator:/ros_ws/install/my_ros2_package:/ros_ws/install/controller:/ros_ws/install/maneuver:/ros_ws/install/libkdtp:/opt/ros/jazzy', 'DEBIAN_FRONTEND': 'noninteractive', 'ROS_AUTOMATIC_DISCOVERY_RANGE': 'SUBNET', 'PWD': '/ros_ws/src/build/firmware', 'LC_ALL': 'C.UTF-8', 'PYTHONPATH': '/ros_ws/install/my_ros2_package/lib/python3.12/site-packages:/ros_ws/install/controller/lib/python3.12/site-packages:/ros_ws/install/maneuver/lib/python3.12/site-packages:/opt/ros/jazzy/lib/python3.12/site-packages', 'COLCON': '1', 'CMAKE_PREFIX_PATH': '/ros_ws/install/uav_simulator:/ros_ws/install/my_ros2_package:/ros_ws/install/controller:/ros_ws/install/maneuver:/ros_ws/install/libkdtp:/opt/ros/jazzy/opt/gz_math_vendor:/opt/ros/jazzy/opt/gz_utils_vendor:/opt/ros/jazzy/opt/gz_cmake_vendor:/opt/ros/jazzy'}), 'shell': False}
[0.337362] (firmware) StdoutLine: {'line': b'-- Install configuration: ""\n'}
[0.337458] (firmware) StdoutLine: {'line': b'-- Installing: /ros_ws/src/install/firmware/share/firmware//launch\n'}
[0.337506] (firmware) StdoutLine: {'line': b'-- Installing: /ros_ws/src/install/firmware/share/firmware//launch/simulate.launch.py\n'}
[0.337552] (firmware) StdoutLine: {'line': b'-- Installing: /ros_ws/src/install/firmware/share/ament_index/resource_index/package_run_dependencies/firmware\n'}
[0.337611] (firmware) StdoutLine: {'line': b'-- Installing: /ros_ws/src/install/firmware/share/ament_index/resource_index/parent_prefix_path/firmware\n'}
[0.337669] (firmware) StdoutLine: {'line': b'-- Installing: /ros_ws/src/install/firmware/share/firmware/environment/ament_prefix_path.sh\n'}
[0.337726] (firmware) StdoutLine: {'line': b'-- Installing: /ros_ws/src/install/firmware/share/firmware/environment/ament_prefix_path.dsv\n'}
[0.337793] (firmware) StdoutLine: {'line': b'-- Installing: /ros_ws/src/install/firmware/share/firmware/environment/path.sh\n'}
[0.337855] (firmware) StdoutLine: {'line': b'-- Installing: /ros_ws/src/install/firmware/share/firmware/environment/path.dsv\n'}
[0.337919] (firmware) StdoutLine: {'line': b'-- Installing: /ros_ws/src/install/firmware/share/firmware/local_setup.bash\n'}
[0.337966] (firmware) StdoutLine: {'line': b'-- Installing: /ros_ws/src/install/firmware/share/firmware/local_setup.sh\n'}
[0.338062] (firmware) StdoutLine: {'line': b'-- Installing: /ros_ws/src/install/firmware/share/firmware/local_setup.zsh\n'}
[0.338113] (maneuver) StdoutLine: {'line': b'writing maneuver.egg-info/PKG-INFO\n'}
[0.338184] (firmware) StdoutLine: {'line': b'-- Installing: /ros_ws/src/install/firmware/share/firmware/local_setup.dsv\n'}
[0.338230] (firmware) StdoutLine: {'line': b'-- Installing: /ros_ws/src/install/firmware/share/firmware/package.dsv\n'}
[0.338274] (firmware) StdoutLine: {'line': b'-- Installing: /ros_ws/src/install/firmware/share/ament_index/resource_index/packages/firmware\n'}
[0.338444] (firmware) StdoutLine: {'line': b'-- Installing: /ros_ws/src/install/firmware/share/firmware/cmake/firmwareConfig.cmake\n'}
[0.338492] (firmware) StdoutLine: {'line': b'-- Installing: /ros_ws/src/install/firmware/share/firmware/cmake/firmwareConfig-version.cmake\n'}
[0.338536] (firmware) StdoutLine: {'line': b'-- Installing: /ros_ws/src/install/firmware/share/firmware/package.xml\n'}
[0.338622] (maneuver) StdoutLine: {'line': b'writing dependency_links to maneuver.egg-info/dependency_links.txt\n'}
[0.338704] (maneuver) StdoutLine: {'line': b'writing top-level names to maneuver.egg-info/top_level.txt\n'}
[0.339188] (firmware) CommandEnded: {'returncode': 0}
[0.345599] (firmware) JobEnded: {'identifier': 'firmware', 'rc': 0}
[0.368687] (maneuver) StdoutLine: {'line': b"reading manifest file 'maneuver.egg-info/SOURCES.txt'\n"}
[0.369122] (maneuver) StdoutLine: {'line': b"writing manifest file 'maneuver.egg-info/SOURCES.txt'\n"}
[0.386076] (maneuver) StdoutLine: {'line': b'[100%] Built target ament_cmake_python_build_maneuver_egg\n'}
[0.393159] (maneuver) CommandEnded: {'returncode': 0}
[0.393530] (maneuver) JobProgress: {'identifier': 'maneuver', 'progress': 'install'}
[0.393668] (maneuver) Command: {'cmd': ['/usr/bin/cmake', '--install', '/ros_ws/src/build/maneuver'], 'cwd': '/ros_ws/src/build/maneuver', 'env': OrderedDict({'HOSTNAME': 'ADUAED19005LPLX', 'SHLVL': '1', 'LD_LIBRARY_PATH': '/ros_ws/src/install/libkdtp/lib:/ros_ws/install/uav_simulator/lib:/ros_ws/install/my_ros2_package/lib:/ros_ws/install/controller/lib:/ros_ws/install/maneuver/lib:/ros_ws/install/libkdtp/lib:/opt/ros/jazzy/opt/rviz_ogre_vendor/lib:/opt/ros/jazzy/lib/x86_64-linux-gnu:/opt/ros/jazzy/opt/gz_math_vendor/lib:/opt/ros/jazzy/opt/gz_utils_vendor/lib:/opt/ros/jazzy/opt/gz_cmake_vendor/lib:/opt/ros/jazzy/lib', 'HOME': '/root', 'OLDPWD': '/ros_ws/src/firmware/launch', 'ROS_PYTHON_VERSION': '3', 'COLCON_PREFIX_PATH': '/ros_ws/install', 'ROS_DISTRO': 'jazzy', '_': '/usr/bin/colcon', 'ROS_VERSION': '2', 'TERM': 'xterm', 'PATH': '/opt/ros/jazzy/bin:/usr/local/sbin:/usr/local/bin:/usr/sbin:/usr/bin:/sbin:/bin', 'LANG': 'C.UTF-8', 'LS_COLORS': 'rs=0:di=01;34:ln=01;36:mh=00:pi=40;33:so=01;35:do=01;35:bd=40;33;01:cd=40;33;01:or=40;31;01:mi=00:su=37;41:sg=30;43:ca=00:tw=30;42:ow=34;42:st=37;44:ex=01;32:*.tar=01;31:*.tgz=01;31:*.arc=01;31:*.arj=01;31:*.taz=01;31:*.lha=01;31:*.lz4=01;31:*.lzh=01;31:*.lzma=01;31:*.tlz=01;31:*.txz=01;31:*.tzo=01;31:*.t7z=01;31:*.zip=01;31:*.z=01;31:*.dz=01;31:*.gz=01;31:*.lrz=01;31:*.lz=01;31:*.lzo=01;31:*.xz=01;31:*.zst=01;31:*.tzst=01;31:*.bz2=01;31:*.bz=01;31:*.tbz=01;31:*.tbz2=01;31:*.tz=01;31:*.deb=01;31:*.rpm=01;31:*.jar=01;31:*.war=01;31:*.ear=01;31:*.sar=01;31:*.rar=01;31:*.alz=01;31:*.ace=01;31:*.zoo=01;31:*.cpio=01;31:*.7z=01;31:*.rz=01;31:*.cab=01;31:*.wim=01;31:*.swm=01;31:*.dwm=01;31:*.esd=01;31:*.avif=01;35:*.jpg=01;35:*.jpeg=01;35:*.mjpg=01;35:*.mjpeg=01;35:*.gif=01;35:*.bmp=01;35:*.pbm=01;35:*.pgm=01;35:*.ppm=01;35:*.tga=01;35:*.xbm=01;35:*.xpm=01;35:*.tif=01;35:*.tiff=01;35:*.png=01;35:*.svg=01;35:*.svgz=01;35:*.mng=01;35:*.pcx=01;35:*.mov=01;35:*.mpg=01;35:*.mpeg=01;35:*.m2v=01;35:*.mkv=01;35:*.webm=01;35:*.webp=01;35:*.ogm=01;35:*.mp4=01;35:*.m4v=01;35:*.mp4v=01;35:*.vob=01;35:*.qt=01;35:*.nuv=01;35:*.wmv=01;35:*.asf=01;35:*.rm=01;35:*.rmvb=01;35:*.flc=01;35:*.avi=01;35:*.fli=01;35:*.flv=01;35:*.gl=01;35:*.dl=01;35:*.xcf=01;35:*.xwd=01;35:*.yuv=01;35:*.cgm=01;35:*.emf=01;35:*.ogv=01;35:*.ogx=01;35:*.aac=00;36:*.au=00;36:*.flac=00;36:*.m4a=00;36:*.mid=00;36:*.midi=00;36:*.mka=00;36:*.mp3=00;36:*.mpc=00;36:*.ogg=00;36:*.ra=00;36:*.wav=00;36:*.oga=00;36:*.opus=00;36:*.spx=00;36:*.xspf=00;36:*~=00;90:*#=00;90:*.bak=00;90:*.crdownload=00;90:*.dpkg-dist=00;90:*.dpkg-new=00;90:*.dpkg-old=00;90:*.dpkg-tmp=00;90:*.old=00;90:*.orig=00;90:*.part=00;90:*.rej=00;90:*.rpmnew=00;90:*.rpmorig=00;90:*.rpmsave=00;90:*.swp=00;90:*.tmp=00;90:*.ucf-dist=00;90:*.ucf-new=00;90:*.ucf-old=00;90:', 'AMENT_PREFIX_PATH': '/ros_ws/src/install/libkdtp:/ros_ws/install/uav_simulator:/ros_ws/install/my_ros2_package:/ros_ws/install/controller:/ros_ws/install/maneuver:/ros_ws/install/libkdtp:/opt/ros/jazzy', 'DEBIAN_FRONTEND': 'noninteractive', 'ROS_AUTOMATIC_DISCOVERY_RANGE': 'SUBNET', 'PWD': '/ros_ws/src/build/maneuver', 'LC_ALL': 'C.UTF-8', 'PYTHONPATH': '/ros_ws/install/my_ros2_package/lib/python3.12/site-packages:/ros_ws/install/controller/lib/python3.12/site-packages:/ros_ws/install/maneuver/lib/python3.12/site-packages:/opt/ros/jazzy/lib/python3.12/site-packages', 'COLCON': '1', 'CMAKE_PREFIX_PATH': '/ros_ws/src/install/libkdtp:/ros_ws/install/uav_simulator:/ros_ws/install/my_ros2_package:/ros_ws/install/controller:/ros_ws/install/maneuver:/ros_ws/install/libkdtp:/opt/ros/jazzy/opt/gz_math_vendor:/opt/ros/jazzy/opt/gz_utils_vendor:/opt/ros/jazzy/opt/gz_cmake_vendor:/opt/ros/jazzy'}), 'shell': False}
[0.398468] (maneuver) StdoutLine: {'line': b'-- Install configuration: ""\n'}
[0.398557] (maneuver) StdoutLine: {'line': b'-- Up-to-date: /ros_ws/src/install/maneuver/share/ament_index/resource_index/rosidl_interfaces/maneuver\n'}
[0.398607] (maneuver) StdoutLine: {'line': b'-- Up-to-date: /ros_ws/src/install/maneuver/share/maneuver/msg/FullPose.json\n'}
[0.398653] (maneuver) StdoutLine: {'line': b'-- Up-to-date: /ros_ws/src/install/maneuver/share/maneuver/srv/LiftOff.json\n'}
[0.398698] (maneuver) StdoutLine: {'line': b'-- Up-to-date: /ros_ws/src/install/maneuver/share/maneuver/srv/ArmDisarm.json\n'}
[0.399143] (maneuver) StdoutLine: {'line': b'-- Up-to-date: /ros_ws/src/install/maneuver/share/maneuver/srv/GotoPoint.json\n'}
[0.399224] (maneuver) StdoutLine: {'line': b'-- Up-to-date: /ros_ws/src/install/maneuver/share/maneuver/srv/Goto6DPoint.json\n'}
[0.399271] (maneuver) StdoutLine: {'line': b'-- Up-to-date: /ros_ws/src/install/maneuver/share/maneuver/srv/Ellipse5D.json\n'}
[0.399315] (maneuver) StdoutLine: {'line': b'-- Up-to-date: /ros_ws/src/install/maneuver/share/maneuver/srv/RotateTo.json\n'}
[0.399361] (maneuver) StdoutLine: {'line': b'-- Up-to-date: /ros_ws/src/install/maneuver/share/maneuver/srv/Land.json\n'}
[0.399406] (maneuver) StdoutLine: {'line': b'-- Up-to-date: /ros_ws/src/install/maneuver/share/maneuver/srv/FullFlip.json\n'}
[0.399450] (maneuver) StdoutLine: {'line': b'-- Up-to-date: /ros_ws/src/install/maneuver/include/maneuver/maneuver\n'}
[0.399505] (maneuver) StdoutLine: {'line': b'-- Up-to-date: /ros_ws/src/install/maneuver/include/maneuver/maneuver/msg\n'}
[0.399552] (maneuver) StdoutLine: {'line': b'-- Up-to-date: /ros_ws/src/install/maneuver/include/maneuver/maneuver/msg/detail\n'}
[0.399596] (maneuver) StdoutLine: {'line': b'-- Up-to-date: /ros_ws/src/install/maneuver/include/maneuver/maneuver/msg/detail/full_pose__type_support.c\n'}
[0.399640] (maneuver) StdoutLine: {'line': b'-- Up-to-date: /ros_ws/src/install/maneuver/include/maneuver/maneuver/msg/detail/full_pose__type_support.h\n'}
[0.399683] (maneuver) StdoutLine: {'line': b'-- Up-to-date: /ros_ws/src/install/maneuver/include/maneuver/maneuver/msg/detail/full_pose__functions.h\n'}
[0.399727] (maneuver) StdoutLine: {'line': b'-- Up-to-date: /ros_ws/src/install/maneuver/include/maneuver/maneuver/msg/detail/full_pose__functions.c\n'}
[0.399770] (maneuver) StdoutLine: {'line': b'-- Up-to-date: /ros_ws/src/install/maneuver/include/maneuver/maneuver/msg/detail/full_pose__description.c\n'}
[0.399813] (maneuver) StdoutLine: {'line': b'-- Up-to-date: /ros_ws/src/install/maneuver/include/maneuver/maneuver/msg/detail/full_pose__struct.h\n'}
[0.399854] (-) TimerEvent: {}
[0.399951] (maneuver) StdoutLine: {'line': b'-- Up-to-date: /ros_ws/src/install/maneuver/include/maneuver/maneuver/msg/full_pose.h\n'}
[0.400149] (maneuver) StdoutLine: {'line': b'-- Up-to-date: /ros_ws/src/install/maneuver/include/maneuver/maneuver/msg/rosidl_generator_c__visibility_control.h\n'}
[0.400204] (maneuver) StdoutLine: {'line': b'-- Up-to-date: /ros_ws/src/install/maneuver/include/maneuver/maneuver/srv\n'}
[0.400263] (maneuver) StdoutLine: {'line': b'-- Up-to-date: /ros_ws/src/install/maneuver/include/maneuver/maneuver/srv/full_flip.h\n'}
[0.400321] (maneuver) StdoutLine: {'line': b'-- Up-to-date: /ros_ws/src/install/maneuver/include/maneuver/maneuver/srv/rotate_to.h\n'}
[0.400374] (maneuver) StdoutLine: {'line': b'-- Up-to-date: /ros_ws/src/install/maneuver/include/maneuver/maneuver/srv/land.h\n'}
[0.400436] (maneuver) StdoutLine: {'line': b'-- Up-to-date: /ros_ws/src/install/maneuver/include/maneuver/maneuver/srv/detail\n'}
[0.400483] (maneuver) StdoutLine: {'line': b'-- Up-to-date: /ros_ws/src/install/maneuver/include/maneuver/maneuver/srv/detail/land__type_support.h\n'}
[0.400531] (maneuver) StdoutLine: {'line': b'-- Up-to-date: /ros_ws/src/install/maneuver/include/maneuver/maneuver/srv/detail/full_flip__struct.h\n'}
[0.400576] (maneuver) StdoutLine: {'line': b'-- Up-to-date: /ros_ws/src/install/maneuver/include/maneuver/maneuver/srv/detail/goto_point__struct.h\n'}
[0.400627] (maneuver) StdoutLine: {'line': b'-- Up-to-date: /ros_ws/src/install/maneuver/include/maneuver/maneuver/srv/detail/rotate_to__functions.c\n'}
[0.400679] (maneuver) StdoutLine: {'line': b'-- Up-to-date: /ros_ws/src/install/maneuver/include/maneuver/maneuver/srv/detail/lift_off__description.c\n'}
[0.400732] (maneuver) StdoutLine: {'line': b'-- Up-to-date: /ros_ws/src/install/maneuver/include/maneuver/maneuver/srv/detail/land__struct.h\n'}
[0.400907] (maneuver) StdoutLine: {'line': b'-- Up-to-date: /ros_ws/src/install/maneuver/include/maneuver/maneuver/srv/detail/land__functions.c\n'}
[0.400963] (maneuver) StdoutLine: {'line': b'-- Up-to-date: /ros_ws/src/install/maneuver/include/maneuver/maneuver/srv/detail/full_flip__type_support.c\n'}
[0.401006] (maneuver) StdoutLine: {'line': b'-- Up-to-date: /ros_ws/src/install/maneuver/include/maneuver/maneuver/srv/detail/rotate_to__description.c\n'}
[0.401053] (maneuver) StdoutLine: {'line': b'-- Up-to-date: /ros_ws/src/install/maneuver/include/maneuver/maneuver/srv/detail/goto6_d_point__description.c\n'}
[0.401101] (maneuver) StdoutLine: {'line': b'-- Up-to-date: /ros_ws/src/install/maneuver/include/maneuver/maneuver/srv/detail/goto_point__functions.c\n'}
[0.401152] (maneuver) StdoutLine: {'line': b'-- Up-to-date: /ros_ws/src/install/maneuver/include/maneuver/maneuver/srv/detail/ellipse5_d__functions.c\n'}
[0.401204] (maneuver) StdoutLine: {'line': b'-- Up-to-date: /ros_ws/src/install/maneuver/include/maneuver/maneuver/srv/detail/goto6_d_point__functions.c\n'}
[0.401259] (maneuver) StdoutLine: {'line': b'-- Up-to-date: /ros_ws/src/install/maneuver/include/maneuver/maneuver/srv/detail/rotate_to__type_support.h\n'}
[0.401313] (maneuver) StdoutLine: {'line': b'-- Up-to-date: /ros_ws/src/install/maneuver/include/maneuver/maneuver/srv/detail/goto6_d_point__type_support.c\n'}
[0.401360] (maneuver) StdoutLine: {'line': b'-- Up-to-date: /ros_ws/src/install/maneuver/include/maneuver/maneuver/srv/detail/lift_off__type_support.c\n'}
[0.401406] (maneuver) StdoutLine: {'line': b'-- Up-to-date: /ros_ws/src/install/maneuver/include/maneuver/maneuver/srv/detail/land__type_support.c\n'}
[0.401451] (maneuver) StdoutLine: {'line': b'-- Up-to-date: /ros_ws/src/install/maneuver/include/maneuver/maneuver/srv/detail/goto_point__description.c\n'}
[0.401497] (maneuver) StdoutLine: {'line': b'-- Up-to-date: /ros_ws/src/install/maneuver/include/maneuver/maneuver/srv/detail/full_flip__functions.c\n'}
[0.401543] (maneuver) StdoutLine: {'line': b'-- Up-to-date: /ros_ws/src/install/maneuver/include/maneuver/maneuver/srv/detail/lift_off__functions.c\n'}
[0.401588] (maneuver) StdoutLine: {'line': b'-- Up-to-date: /ros_ws/src/install/maneuver/include/maneuver/maneuver/srv/detail/rotate_to__functions.h\n'}
[0.401637] (maneuver) StdoutLine: {'line': b'-- Up-to-date: /ros_ws/src/install/maneuver/include/maneuver/maneuver/srv/detail/rotate_to__struct.h\n'}
[0.401685] (maneuver) StdoutLine: {'line': b'-- Up-to-date: /ros_ws/src/install/maneuver/include/maneuver/maneuver/srv/detail/ellipse5_d__type_support.c\n'}
[0.401742] (maneuver) StdoutLine: {'line': b'-- Up-to-date: /ros_ws/src/install/maneuver/include/maneuver/maneuver/srv/detail/goto6_d_point__struct.h\n'}
[0.401790] (maneuver) StdoutLine: {'line': b'-- Up-to-date: /ros_ws/src/install/maneuver/include/maneuver/maneuver/srv/detail/arm_disarm__description.c\n'}
[0.401936] (maneuver) StdoutLine: {'line': b'-- Up-to-date: /ros_ws/src/install/maneuver/include/maneuver/maneuver/srv/detail/lift_off__type_support.h\n'}
[0.401985] (maneuver) StdoutLine: {'line': b'-- Up-to-date: /ros_ws/src/install/maneuver/include/maneuver/maneuver/srv/detail/arm_disarm__functions.h\n'}
[0.402032] (maneuver) StdoutLine: {'line': b'-- Up-to-date: /ros_ws/src/install/maneuver/include/maneuver/maneuver/srv/detail/arm_disarm__functions.c\n'}
[0.402076] (maneuver) StdoutLine: {'line': b'-- Up-to-date: /ros_ws/src/install/maneuver/include/maneuver/maneuver/srv/detail/goto_point__functions.h\n'}
[0.402120] (maneuver) StdoutLine: {'line': b'-- Up-to-date: /ros_ws/src/install/maneuver/include/maneuver/maneuver/srv/detail/land__description.c\n'}
[0.402164] (maneuver) StdoutLine: {'line': b'-- Up-to-date: /ros_ws/src/install/maneuver/include/maneuver/maneuver/srv/detail/lift_off__struct.h\n'}
[0.402208] (maneuver) StdoutLine: {'line': b'-- Up-to-date: /ros_ws/src/install/maneuver/include/maneuver/maneuver/srv/detail/arm_disarm__type_support.h\n'}
[0.402252] (maneuver) StdoutLine: {'line': b'-- Up-to-date: /ros_ws/src/install/maneuver/include/maneuver/maneuver/srv/detail/goto6_d_point__functions.h\n'}
[0.402308] (maneuver) StdoutLine: {'line': b'-- Up-to-date: /ros_ws/src/install/maneuver/include/maneuver/maneuver/srv/detail/ellipse5_d__struct.h\n'}
[0.402352] (maneuver) StdoutLine: {'line': b'-- Up-to-date: /ros_ws/src/install/maneuver/include/maneuver/maneuver/srv/detail/land__functions.h\n'}
[0.402396] (maneuver) StdoutLine: {'line': b'-- Up-to-date: /ros_ws/src/install/maneuver/include/maneuver/maneuver/srv/detail/full_flip__type_support.h\n'}
[0.402442] (maneuver) StdoutLine: {'line': b'-- Up-to-date: /ros_ws/src/install/maneuver/include/maneuver/maneuver/srv/detail/ellipse5_d__description.c\n'}
[0.402488] (maneuver) StdoutLine: {'line': b'-- Up-to-date: /ros_ws/src/install/maneuver/include/maneuver/maneuver/srv/detail/goto_point__type_support.c\n'}
[0.402533] (maneuver) StdoutLine: {'line': b'-- Up-to-date: /ros_ws/src/install/maneuver/include/maneuver/maneuver/srv/detail/rotate_to__type_support.c\n'}
[0.402579] (maneuver) StdoutLine: {'line': b'-- Up-to-date: /ros_ws/src/install/maneuver/include/maneuver/maneuver/srv/detail/lift_off__functions.h\n'}
[0.402624] (maneuver) StdoutLine: {'line': b'-- Up-to-date: /ros_ws/src/install/maneuver/include/maneuver/maneuver/srv/detail/goto6_d_point__type_support.h\n'}
[0.402670] (maneuver) StdoutLine: {'line': b'-- Up-to-date: /ros_ws/src/install/maneuver/include/maneuver/maneuver/srv/detail/full_flip__functions.h\n'}
[0.402715] (maneuver) StdoutLine: {'line': b'-- Up-to-date: /ros_ws/src/install/maneuver/include/maneuver/maneuver/srv/detail/ellipse5_d__functions.h\n'}
[0.402760] (maneuver) StdoutLine: {'line': b'-- Up-to-date: /ros_ws/src/install/maneuver/include/maneuver/maneuver/srv/detail/full_flip__description.c\n'}
[0.402804] (maneuver) StdoutLine: {'line': b'-- Up-to-date: /ros_ws/src/install/maneuver/include/maneuver/maneuver/srv/detail/ellipse5_d__type_support.h\n'}
[0.402861] (maneuver) StdoutLine: {'line': b'-- Up-to-date: /ros_ws/src/install/maneuver/include/maneuver/maneuver/srv/detail/arm_disarm__type_support.c\n'}
[0.402912] (maneuver) StdoutLine: {'line': b'-- Up-to-date: /ros_ws/src/install/maneuver/include/maneuver/maneuver/srv/detail/goto_point__type_support.h\n'}
[0.402958] (maneuver) StdoutLine: {'line': b'-- Up-to-date: /ros_ws/src/install/maneuver/include/maneuver/maneuver/srv/detail/arm_disarm__struct.h\n'}
[0.403016] (maneuver) StdoutLine: {'line': b'-- Up-to-date: /ros_ws/src/install/maneuver/include/maneuver/maneuver/srv/goto_point.h\n'}
[0.403061] (maneuver) StdoutLine: {'line': b'-- Up-to-date: /ros_ws/src/install/maneuver/include/maneuver/maneuver/srv/lift_off.h\n'}
[0.403107] (maneuver) StdoutLine: {'line': b'-- Up-to-date: /ros_ws/src/install/maneuver/include/maneuver/maneuver/srv/ellipse5_d.h\n'}
[0.403207] (maneuver) StdoutLine: {'line': b'-- Up-to-date: /ros_ws/src/install/maneuver/include/maneuver/maneuver/srv/arm_disarm.h\n'}
[0.403252] (maneuver) StdoutLine: {'line': b'-- Up-to-date: /ros_ws/src/install/maneuver/include/maneuver/maneuver/srv/goto6_d_point.h\n'}
[0.403294] (maneuver) StdoutLine: {'line': b'-- Up-to-date: /ros_ws/src/install/maneuver/share/maneuver/environment/library_path.sh\n'}
[0.403337] (maneuver) StdoutLine: {'line': b'-- Up-to-date: /ros_ws/src/install/maneuver/share/maneuver/environment/library_path.dsv\n'}
[0.403380] (maneuver) StdoutLine: {'line': b'-- Up-to-date: /ros_ws/src/install/maneuver/lib/libmaneuver__rosidl_generator_c.so\n'}
[0.403422] (maneuver) StdoutLine: {'line': b'-- Up-to-date: /ros_ws/src/install/maneuver/include/maneuver/maneuver\n'}
[0.403465] (maneuver) StdoutLine: {'line': b'-- Up-to-date: /ros_ws/src/install/maneuver/include/maneuver/maneuver/msg\n'}
[0.403510] (maneuver) StdoutLine: {'line': b'-- Up-to-date: /ros_ws/src/install/maneuver/include/maneuver/maneuver/msg/rosidl_typesupport_fastrtps_c__visibility_control.h\n'}
[0.403554] (maneuver) StdoutLine: {'line': b'-- Up-to-date: /ros_ws/src/install/maneuver/include/maneuver/maneuver/msg/detail\n'}
[0.403597] (maneuver) StdoutLine: {'line': b'-- Up-to-date: /ros_ws/src/install/maneuver/include/maneuver/maneuver/msg/detail/full_pose__rosidl_typesupport_fastrtps_c.h\n'}
[0.403645] (maneuver) StdoutLine: {'line': b'-- Up-to-date: /ros_ws/src/install/maneuver/include/maneuver/maneuver/srv\n'}
[0.403688] (maneuver) StdoutLine: {'line': b'-- Up-to-date: /ros_ws/src/install/maneuver/include/maneuver/maneuver/srv/detail\n'}
[0.403732] (maneuver) StdoutLine: {'line': b'-- Up-to-date: /ros_ws/src/install/maneuver/include/maneuver/maneuver/srv/detail/land__rosidl_typesupport_fastrtps_c.h\n'}
[0.403775] (maneuver) StdoutLine: {'line': b'-- Up-to-date: /ros_ws/src/install/maneuver/include/maneuver/maneuver/srv/detail/goto_point__rosidl_typesupport_fastrtps_c.h\n'}
[0.403817] (maneuver) StdoutLine: {'line': b'-- Up-to-date: /ros_ws/src/install/maneuver/include/maneuver/maneuver/srv/detail/ellipse5_d__rosidl_typesupport_fastrtps_c.h\n'}
[0.403860] (maneuver) StdoutLine: {'line': b'-- Up-to-date: /ros_ws/src/install/maneuver/include/maneuver/maneuver/srv/detail/lift_off__rosidl_typesupport_fastrtps_c.h\n'}
[0.403902] (maneuver) StdoutLine: {'line': b'-- Up-to-date: /ros_ws/src/install/maneuver/include/maneuver/maneuver/srv/detail/arm_disarm__rosidl_typesupport_fastrtps_c.h\n'}
[0.403945] (maneuver) StdoutLine: {'line': b'-- Up-to-date: /ros_ws/src/install/maneuver/include/maneuver/maneuver/srv/detail/goto6_d_point__rosidl_typesupport_fastrtps_c.h\n'}
[0.403987] (maneuver) StdoutLine: {'line': b'-- Up-to-date: /ros_ws/src/install/maneuver/include/maneuver/maneuver/srv/detail/full_flip__rosidl_typesupport_fastrtps_c.h\n'}
[0.404029] (maneuver) StdoutLine: {'line': b'-- Up-to-date: /ros_ws/src/install/maneuver/include/maneuver/maneuver/srv/detail/rotate_to__rosidl_typesupport_fastrtps_c.h\n'}
[0.404071] (maneuver) StdoutLine: {'line': b'-- Up-to-date: /ros_ws/src/install/maneuver/lib/libmaneuver__rosidl_typesupport_fastrtps_c.so\n'}
[0.404114] (maneuver) StdoutLine: {'line': b'-- Up-to-date: /ros_ws/src/install/maneuver/include/maneuver/maneuver\n'}
[0.404157] (maneuver) StdoutLine: {'line': b'-- Up-to-date: /ros_ws/src/install/maneuver/include/maneuver/maneuver/msg\n'}
[0.404199] (maneuver) StdoutLine: {'line': b'-- Up-to-date: /ros_ws/src/install/maneuver/include/maneuver/maneuver/msg/full_pose.hpp\n'}
[0.404243] (maneuver) StdoutLine: {'line': b'-- Up-to-date: /ros_ws/src/install/maneuver/include/maneuver/maneuver/msg/detail\n'}
[0.404286] (maneuver) StdoutLine: {'line': b'-- Up-to-date: /ros_ws/src/install/maneuver/include/maneuver/maneuver/msg/detail/full_pose__type_support.hpp\n'}
[0.404330] (maneuver) StdoutLine: {'line': b'-- Up-to-date: /ros_ws/src/install/maneuver/include/maneuver/maneuver/msg/detail/full_pose__builder.hpp\n'}
[0.404373] (maneuver) StdoutLine: {'line': b'-- Up-to-date: /ros_ws/src/install/maneuver/include/maneuver/maneuver/msg/detail/full_pose__struct.hpp\n'}
[0.404415] (maneuver) StdoutLine: {'line': b'-- Up-to-date: /ros_ws/src/install/maneuver/include/maneuver/maneuver/msg/detail/full_pose__traits.hpp\n'}
[0.404458] (maneuver) StdoutLine: {'line': b'-- Up-to-date: /ros_ws/src/install/maneuver/include/maneuver/maneuver/msg/rosidl_generator_cpp__visibility_control.hpp\n'}
[0.404501] (maneuver) StdoutLine: {'line': b'-- Up-to-date: /ros_ws/src/install/maneuver/include/maneuver/maneuver/srv\n'}
[0.404543] (maneuver) StdoutLine: {'line': b'-- Up-to-date: /ros_ws/src/install/maneuver/include/maneuver/maneuver/srv/goto_point.hpp\n'}
[0.404587] (maneuver) StdoutLine: {'line': b'-- Up-to-date: /ros_ws/src/install/maneuver/include/maneuver/maneuver/srv/land.hpp\n'}
[0.404629] (maneuver) StdoutLine: {'line': b'-- Up-to-date: /ros_ws/src/install/maneuver/include/maneuver/maneuver/srv/goto6_d_point.hpp\n'}
[0.404671] (maneuver) StdoutLine: {'line': b'-- Up-to-date: /ros_ws/src/install/maneuver/include/maneuver/maneuver/srv/rotate_to.hpp\n'}
[0.404714] (maneuver) StdoutLine: {'line': b'-- Up-to-date: /ros_ws/src/install/maneuver/include/maneuver/maneuver/srv/detail\n'}
[0.404761] (maneuver) StdoutLine: {'line': b'-- Up-to-date: /ros_ws/src/install/maneuver/include/maneuver/maneuver/srv/detail/arm_disarm__traits.hpp\n'}
[0.404804] (maneuver) StdoutLine: {'line': b'-- Up-to-date: /ros_ws/src/install/maneuver/include/maneuver/maneuver/srv/detail/rotate_to__type_support.hpp\n'}
[0.404850] (maneuver) StdoutLine: {'line': b'-- Up-to-date: /ros_ws/src/install/maneuver/include/maneuver/maneuver/srv/detail/goto6_d_point__type_support.hpp\n'}
[0.404892] (maneuver) StdoutLine: {'line': b'-- Up-to-date: /ros_ws/src/install/maneuver/include/maneuver/maneuver/srv/detail/goto_point__type_support.hpp\n'}
[0.404934] (maneuver) StdoutLine: {'line': b'-- Up-to-date: /ros_ws/src/install/maneuver/include/maneuver/maneuver/srv/detail/lift_off__type_support.hpp\n'}
[0.404977] (maneuver) StdoutLine: {'line': b'-- Up-to-date: /ros_ws/src/install/maneuver/include/maneuver/maneuver/srv/detail/goto6_d_point__builder.hpp\n'}
[0.405019] (maneuver) StdoutLine: {'line': b'-- Up-to-date: /ros_ws/src/install/maneuver/include/maneuver/maneuver/srv/detail/land__traits.hpp\n'}
[0.405062] (maneuver) StdoutLine: {'line': b'-- Up-to-date: /ros_ws/src/install/maneuver/include/maneuver/maneuver/srv/detail/goto_point__builder.hpp\n'}
[0.405105] (maneuver) StdoutLine: {'line': b'-- Up-to-date: /ros_ws/src/install/maneuver/include/maneuver/maneuver/srv/detail/ellipse5_d__struct.hpp\n'}
[0.405147] (maneuver) StdoutLine: {'line': b'-- Up-to-date: /ros_ws/src/install/maneuver/include/maneuver/maneuver/srv/detail/land__builder.hpp\n'}
[0.405195] (maneuver) StdoutLine: {'line': b'-- Up-to-date: /ros_ws/src/install/maneuver/include/maneuver/maneuver/srv/detail/arm_disarm__builder.hpp\n'}
[0.405237] (maneuver) StdoutLine: {'line': b'-- Up-to-date: /ros_ws/src/install/maneuver/include/maneuver/maneuver/srv/detail/arm_disarm__struct.hpp\n'}
[0.405280] (maneuver) StdoutLine: {'line': b'-- Up-to-date: /ros_ws/src/install/maneuver/include/maneuver/maneuver/srv/detail/full_flip__type_support.hpp\n'}
[0.405322] (maneuver) StdoutLine: {'line': b'-- Up-to-date: /ros_ws/src/install/maneuver/include/maneuver/maneuver/srv/detail/ellipse5_d__traits.hpp\n'}
[0.405363] (maneuver) StdoutLine: {'line': b'-- Up-to-date: /ros_ws/src/install/maneuver/include/maneuver/maneuver/srv/detail/ellipse5_d__type_support.hpp\n'}
[0.405406] (maneuver) StdoutLine: {'line': b'-- Up-to-date: /ros_ws/src/install/maneuver/include/maneuver/maneuver/srv/detail/lift_off__struct.hpp\n'}
[0.405448] (maneuver) StdoutLine: {'line': b'-- Up-to-date: /ros_ws/src/install/maneuver/include/maneuver/maneuver/srv/detail/lift_off__traits.hpp\n'}
[0.405489] (maneuver) StdoutLine: {'line': b'-- Up-to-date: /ros_ws/src/install/maneuver/include/maneuver/maneuver/srv/detail/land__struct.hpp\n'}
[0.405531] (maneuver) StdoutLine: {'line': b'-- Up-to-date: /ros_ws/src/install/maneuver/include/maneuver/maneuver/srv/detail/land__type_support.hpp\n'}
[0.405573] (maneuver) StdoutLine: {'line': b'-- Up-to-date: /ros_ws/src/install/maneuver/include/maneuver/maneuver/srv/detail/rotate_to__builder.hpp\n'}
[0.405616] (maneuver) StdoutLine: {'line': b'-- Up-to-date: /ros_ws/src/install/maneuver/include/maneuver/maneuver/srv/detail/goto6_d_point__struct.hpp\n'}
[0.405659] (maneuver) StdoutLine: {'line': b'-- Up-to-date: /ros_ws/src/install/maneuver/include/maneuver/maneuver/srv/detail/goto_point__traits.hpp\n'}
[0.405701] (maneuver) StdoutLine: {'line': b'-- Up-to-date: /ros_ws/src/install/maneuver/include/maneuver/maneuver/srv/detail/rotate_to__struct.hpp\n'}
[0.405744] (maneuver) StdoutLine: {'line': b'-- Up-to-date: /ros_ws/src/install/maneuver/include/maneuver/maneuver/srv/detail/lift_off__builder.hpp\n'}
[0.405788] (maneuver) StdoutLine: {'line': b'-- Up-to-date: /ros_ws/src/install/maneuver/include/maneuver/maneuver/srv/detail/arm_disarm__type_support.hpp\n'}
[0.405834] (maneuver) StdoutLine: {'line': b'-- Up-to-date: /ros_ws/src/install/maneuver/include/maneuver/maneuver/srv/detail/ellipse5_d__builder.hpp\n'}
[0.405880] (maneuver) StdoutLine: {'line': b'-- Up-to-date: /ros_ws/src/install/maneuver/include/maneuver/maneuver/srv/detail/goto_point__struct.hpp\n'}
[0.405928] (maneuver) StdoutLine: {'line': b'-- Up-to-date: /ros_ws/src/install/maneuver/include/maneuver/maneuver/srv/detail/full_flip__struct.hpp\n'}
[0.405976] (maneuver) StdoutLine: {'line': b'-- Up-to-date: /ros_ws/src/install/maneuver/include/maneuver/maneuver/srv/detail/full_flip__traits.hpp\n'}
[0.406020] (maneuver) StdoutLine: {'line': b'-- Up-to-date: /ros_ws/src/install/maneuver/include/maneuver/maneuver/srv/detail/full_flip__builder.hpp\n'}
[0.406064] (maneuver) StdoutLine: {'line': b'-- Up-to-date: /ros_ws/src/install/maneuver/include/maneuver/maneuver/srv/detail/goto6_d_point__traits.hpp\n'}
[0.406107] (maneuver) StdoutLine: {'line': b'-- Up-to-date: /ros_ws/src/install/maneuver/include/maneuver/maneuver/srv/detail/rotate_to__traits.hpp\n'}
[0.406151] (maneuver) StdoutLine: {'line': b'-- Up-to-date: /ros_ws/src/install/maneuver/include/maneuver/maneuver/srv/ellipse5_d.hpp\n'}
[0.406194] (maneuver) StdoutLine: {'line': b'-- Up-to-date: /ros_ws/src/install/maneuver/include/maneuver/maneuver/srv/arm_disarm.hpp\n'}
[0.406237] (maneuver) StdoutLine: {'line': b'-- Up-to-date: /ros_ws/src/install/maneuver/include/maneuver/maneuver/srv/full_flip.hpp\n'}
[0.406279] (maneuver) StdoutLine: {'line': b'-- Up-to-date: /ros_ws/src/install/maneuver/include/maneuver/maneuver/srv/lift_off.hpp\n'}
[0.406321] (maneuver) StdoutLine: {'line': b'-- Up-to-date: /ros_ws/src/install/maneuver/include/maneuver/maneuver\n'}
[0.406364] (maneuver) StdoutLine: {'line': b'-- Up-to-date: /ros_ws/src/install/maneuver/include/maneuver/maneuver/msg\n'}
[0.406406] (maneuver) StdoutLine: {'line': b'-- Up-to-date: /ros_ws/src/install/maneuver/include/maneuver/maneuver/msg/rosidl_typesupport_fastrtps_cpp__visibility_control.h\n'}
[0.406450] (maneuver) StdoutLine: {'line': b'-- Up-to-date: /ros_ws/src/install/maneuver/include/maneuver/maneuver/msg/detail\n'}
[0.406498] (maneuver) StdoutLine: {'line': b'-- Up-to-date: /ros_ws/src/install/maneuver/include/maneuver/maneuver/msg/detail/full_pose__rosidl_typesupport_fastrtps_cpp.hpp\n'}
[0.406542] (maneuver) StdoutLine: {'line': b'-- Up-to-date: /ros_ws/src/install/maneuver/include/maneuver/maneuver/msg/detail/dds_fastrtps\n'}
[0.406583] (maneuver) StdoutLine: {'line': b'-- Up-to-date: /ros_ws/src/install/maneuver/include/maneuver/maneuver/srv\n'}
[0.406625] (maneuver) StdoutLine: {'line': b'-- Up-to-date: /ros_ws/src/install/maneuver/include/maneuver/maneuver/srv/detail\n'}
[0.406667] (maneuver) StdoutLine: {'line': b'-- Up-to-date: /ros_ws/src/install/maneuver/include/maneuver/maneuver/srv/detail/dds_fastrtps\n'}
[0.406708] (maneuver) StdoutLine: {'line': b'-- Up-to-date: /ros_ws/src/install/maneuver/include/maneuver/maneuver/srv/detail/full_flip__rosidl_typesupport_fastrtps_cpp.hpp\n'}
[0.406750] (maneuver) StdoutLine: {'line': b'-- Up-to-date: /ros_ws/src/install/maneuver/include/maneuver/maneuver/srv/detail/lift_off__rosidl_typesupport_fastrtps_cpp.hpp\n'}
[0.406792] (maneuver) StdoutLine: {'line': b'-- Up-to-date: /ros_ws/src/install/maneuver/include/maneuver/maneuver/srv/detail/land__rosidl_typesupport_fastrtps_cpp.hpp\n'}
[0.406837] (maneuver) StdoutLine: {'line': b'-- Up-to-date: /ros_ws/src/install/maneuver/include/maneuver/maneuver/srv/detail/rotate_to__rosidl_typesupport_fastrtps_cpp.hpp\n'}
[0.406879] (maneuver) StdoutLine: {'line': b'-- Up-to-date: /ros_ws/src/install/maneuver/include/maneuver/maneuver/srv/detail/goto6_d_point__rosidl_typesupport_fastrtps_cpp.hpp\n'}
[0.406920] (maneuver) StdoutLine: {'line': b'-- Up-to-date: /ros_ws/src/install/maneuver/include/maneuver/maneuver/srv/detail/arm_disarm__rosidl_typesupport_fastrtps_cpp.hpp\n'}
[0.406962] (maneuver) StdoutLine: {'line': b'-- Up-to-date: /ros_ws/src/install/maneuver/include/maneuver/maneuver/srv/detail/goto_point__rosidl_typesupport_fastrtps_cpp.hpp\n'}
[0.407003] (maneuver) StdoutLine: {'line': b'-- Up-to-date: /ros_ws/src/install/maneuver/include/maneuver/maneuver/srv/detail/ellipse5_d__rosidl_typesupport_fastrtps_cpp.hpp\n'}
[0.407045] (maneuver) StdoutLine: {'line': b'-- Up-to-date: /ros_ws/src/install/maneuver/lib/libmaneuver__rosidl_typesupport_fastrtps_cpp.so\n'}
[0.407085] (maneuver) StdoutLine: {'line': b'-- Up-to-date: /ros_ws/src/install/maneuver/include/maneuver/maneuver\n'}
[0.407129] (maneuver) StdoutLine: {'line': b'-- Up-to-date: /ros_ws/src/install/maneuver/include/maneuver/maneuver/msg\n'}
[0.407171] (maneuver) StdoutLine: {'line': b'-- Up-to-date: /ros_ws/src/install/maneuver/include/maneuver/maneuver/msg/rosidl_typesupport_introspection_c__visibility_control.h\n'}
[0.407212] (maneuver) StdoutLine: {'line': b'-- Up-to-date: /ros_ws/src/install/maneuver/include/maneuver/maneuver/msg/detail\n'}
[0.407254] (maneuver) StdoutLine: {'line': b'-- Up-to-date: /ros_ws/src/install/maneuver/include/maneuver/maneuver/msg/detail/full_pose__type_support.c\n'}
[0.407295] (maneuver) StdoutLine: {'line': b'-- Up-to-date: /ros_ws/src/install/maneuver/include/maneuver/maneuver/msg/detail/full_pose__rosidl_typesupport_introspection_c.h\n'}
[0.407336] (maneuver) StdoutLine: {'line': b'-- Up-to-date: /ros_ws/src/install/maneuver/include/maneuver/maneuver/srv\n'}
[0.407377] (maneuver) StdoutLine: {'line': b'-- Up-to-date: /ros_ws/src/install/maneuver/include/maneuver/maneuver/srv/detail\n'}
[0.407419] (maneuver) StdoutLine: {'line': b'-- Up-to-date: /ros_ws/src/install/maneuver/include/maneuver/maneuver/srv/detail/ellipse5_d__rosidl_typesupport_introspection_c.h\n'}
[0.407463] (maneuver) StdoutLine: {'line': b'-- Up-to-date: /ros_ws/src/install/maneuver/include/maneuver/maneuver/srv/detail/full_flip__type_support.c\n'}
[0.407508] (maneuver) StdoutLine: {'line': b'-- Up-to-date: /ros_ws/src/install/maneuver/include/maneuver/maneuver/srv/detail/goto6_d_point__rosidl_typesupport_introspection_c.h\n'}
[0.407550] (maneuver) StdoutLine: {'line': b'-- Up-to-date: /ros_ws/src/install/maneuver/include/maneuver/maneuver/srv/detail/rotate_to__rosidl_typesupport_introspection_c.h\n'}
[0.407592] (maneuver) StdoutLine: {'line': b'-- Up-to-date: /ros_ws/src/install/maneuver/include/maneuver/maneuver/srv/detail/lift_off__rosidl_typesupport_introspection_c.h\n'}
[0.407635] (maneuver) StdoutLine: {'line': b'-- Up-to-date: /ros_ws/src/install/maneuver/include/maneuver/maneuver/srv/detail/goto6_d_point__type_support.c\n'}
[0.407677] (maneuver) StdoutLine: {'line': b'-- Up-to-date: /ros_ws/src/install/maneuver/include/maneuver/maneuver/srv/detail/lift_off__type_support.c\n'}
[0.407721] (maneuver) StdoutLine: {'line': b'-- Up-to-date: /ros_ws/src/install/maneuver/include/maneuver/maneuver/srv/detail/land__type_support.c\n'}
[0.407764] (maneuver) StdoutLine: {'line': b'-- Up-to-date: /ros_ws/src/install/maneuver/include/maneuver/maneuver/srv/detail/ellipse5_d__type_support.c\n'}
[0.407805] (maneuver) StdoutLine: {'line': b'-- Up-to-date: /ros_ws/src/install/maneuver/include/maneuver/maneuver/srv/detail/goto_point__rosidl_typesupport_introspection_c.h\n'}
[0.407847] (maneuver) StdoutLine: {'line': b'-- Up-to-date: /ros_ws/src/install/maneuver/include/maneuver/maneuver/srv/detail/goto_point__type_support.c\n'}
[0.407890] (maneuver) StdoutLine: {'line': b'-- Up-to-date: /ros_ws/src/install/maneuver/include/maneuver/maneuver/srv/detail/rotate_to__type_support.c\n'}
[0.407932] (maneuver) StdoutLine: {'line': b'-- Up-to-date: /ros_ws/src/install/maneuver/include/maneuver/maneuver/srv/detail/land__rosidl_typesupport_introspection_c.h\n'}
[0.407974] (maneuver) StdoutLine: {'line': b'-- Up-to-date: /ros_ws/src/install/maneuver/include/maneuver/maneuver/srv/detail/full_flip__rosidl_typesupport_introspection_c.h\n'}
[0.408018] (maneuver) StdoutLine: {'line': b'-- Up-to-date: /ros_ws/src/install/maneuver/include/maneuver/maneuver/srv/detail/arm_disarm__type_support.c\n'}
[0.408065] (maneuver) StdoutLine: {'line': b'-- Up-to-date: /ros_ws/src/install/maneuver/include/maneuver/maneuver/srv/detail/arm_disarm__rosidl_typesupport_introspection_c.h\n'}
[0.408108] (maneuver) StdoutLine: {'line': b'-- Up-to-date: /ros_ws/src/install/maneuver/lib/libmaneuver__rosidl_typesupport_introspection_c.so\n'}
[0.408151] (maneuver) StdoutLine: {'line': b'-- Up-to-date: /ros_ws/src/install/maneuver/lib/libmaneuver__rosidl_typesupport_c.so\n'}
[0.408194] (maneuver) StdoutLine: {'line': b'-- Up-to-date: /ros_ws/src/install/maneuver/include/maneuver/maneuver\n'}
[0.408240] (maneuver) StdoutLine: {'line': b'-- Up-to-date: /ros_ws/src/install/maneuver/include/maneuver/maneuver/msg\n'}
[0.408285] (maneuver) StdoutLine: {'line': b'-- Up-to-date: /ros_ws/src/install/maneuver/include/maneuver/maneuver/msg/detail\n'}
[0.408328] (maneuver) StdoutLine: {'line': b'-- Up-to-date: /ros_ws/src/install/maneuver/include/maneuver/maneuver/msg/detail/full_pose__rosidl_typesupport_introspection_cpp.hpp\n'}
[0.408370] (maneuver) StdoutLine: {'line': b'-- Up-to-date: /ros_ws/src/install/maneuver/include/maneuver/maneuver/msg/detail/full_pose__type_support.cpp\n'}
[0.408413] (maneuver) StdoutLine: {'line': b'-- Up-to-date: /ros_ws/src/install/maneuver/include/maneuver/maneuver/srv\n'}
[0.408454] (maneuver) StdoutLine: {'line': b'-- Up-to-date: /ros_ws/src/install/maneuver/include/maneuver/maneuver/srv/detail\n'}
[0.408497] (maneuver) StdoutLine: {'line': b'-- Up-to-date: /ros_ws/src/install/maneuver/include/maneuver/maneuver/srv/detail/goto_point__rosidl_typesupport_introspection_cpp.hpp\n'}
[0.408539] (maneuver) StdoutLine: {'line': b'-- Up-to-date: /ros_ws/src/install/maneuver/include/maneuver/maneuver/srv/detail/arm_disarm__rosidl_typesupport_introspection_cpp.hpp\n'}
[0.408583] (maneuver) StdoutLine: {'line': b'-- Up-to-date: /ros_ws/src/install/maneuver/include/maneuver/maneuver/srv/detail/rotate_to__rosidl_typesupport_introspection_cpp.hpp\n'}
[0.408626] (maneuver) StdoutLine: {'line': b'-- Up-to-date: /ros_ws/src/install/maneuver/include/maneuver/maneuver/srv/detail/goto_point__type_support.cpp\n'}
[0.408669] (maneuver) StdoutLine: {'line': b'-- Up-to-date: /ros_ws/src/install/maneuver/include/maneuver/maneuver/srv/detail/goto6_d_point__type_support.cpp\n'}
[0.408712] (maneuver) StdoutLine: {'line': b'-- Up-to-date: /ros_ws/src/install/maneuver/include/maneuver/maneuver/srv/detail/lift_off__type_support.cpp\n'}
[0.408754] (maneuver) StdoutLine: {'line': b'-- Up-to-date: /ros_ws/src/install/maneuver/include/maneuver/maneuver/srv/detail/full_flip__type_support.cpp\n'}
[0.408797] (maneuver) StdoutLine: {'line': b'-- Up-to-date: /ros_ws/src/install/maneuver/include/maneuver/maneuver/srv/detail/ellipse5_d__type_support.cpp\n'}
[0.408839] (maneuver) StdoutLine: {'line': b'-- Up-to-date: /ros_ws/src/install/maneuver/include/maneuver/maneuver/srv/detail/land__type_support.cpp\n'}
[0.408882] (maneuver) StdoutLine: {'line': b'-- Up-to-date: /ros_ws/src/install/maneuver/include/maneuver/maneuver/srv/detail/goto6_d_point__rosidl_typesupport_introspection_cpp.hpp\n'}
[0.408924] (maneuver) StdoutLine: {'line': b'-- Up-to-date: /ros_ws/src/install/maneuver/include/maneuver/maneuver/srv/detail/land__rosidl_typesupport_introspection_cpp.hpp\n'}
[0.408968] (maneuver) StdoutLine: {'line': b'-- Up-to-date: /ros_ws/src/install/maneuver/include/maneuver/maneuver/srv/detail/ellipse5_d__rosidl_typesupport_introspection_cpp.hpp\n'}
[0.409011] (maneuver) StdoutLine: {'line': b'-- Up-to-date: /ros_ws/src/install/maneuver/include/maneuver/maneuver/srv/detail/full_flip__rosidl_typesupport_introspection_cpp.hpp\n'}
[0.409054] (maneuver) StdoutLine: {'line': b'-- Up-to-date: /ros_ws/src/install/maneuver/include/maneuver/maneuver/srv/detail/lift_off__rosidl_typesupport_introspection_cpp.hpp\n'}
[0.409096] (maneuver) StdoutLine: {'line': b'-- Up-to-date: /ros_ws/src/install/maneuver/include/maneuver/maneuver/srv/detail/arm_disarm__type_support.cpp\n'}
[0.409143] (maneuver) StdoutLine: {'line': b'-- Up-to-date: /ros_ws/src/install/maneuver/include/maneuver/maneuver/srv/detail/rotate_to__type_support.cpp\n'}
[0.409186] (maneuver) StdoutLine: {'line': b'-- Up-to-date: /ros_ws/src/install/maneuver/lib/libmaneuver__rosidl_typesupport_introspection_cpp.so\n'}
[0.409229] (maneuver) StdoutLine: {'line': b'-- Up-to-date: /ros_ws/src/install/maneuver/lib/libmaneuver__rosidl_typesupport_cpp.so\n'}
[0.409273] (maneuver) StdoutLine: {'line': b'-- Up-to-date: /ros_ws/src/install/maneuver/share/maneuver/environment/pythonpath.sh\n'}
[0.409315] (maneuver) StdoutLine: {'line': b'-- Up-to-date: /ros_ws/src/install/maneuver/share/maneuver/environment/pythonpath.dsv\n'}
[0.409362] (maneuver) StdoutLine: {'line': b'-- Up-to-date: /ros_ws/src/install/maneuver/lib/python3.12/site-packages/maneuver-0.1.0-py3.12.egg-info\n'}
[0.409405] (maneuver) StdoutLine: {'line': b'-- Installing: /ros_ws/src/install/maneuver/lib/python3.12/site-packages/maneuver-0.1.0-py3.12.egg-info/dependency_links.txt\n'}
[0.409449] (maneuver) StdoutLine: {'line': b'-- Installing: /ros_ws/src/install/maneuver/lib/python3.12/site-packages/maneuver-0.1.0-py3.12.egg-info/SOURCES.txt\n'}
[0.409493] (maneuver) StdoutLine: {'line': b'-- Installing: /ros_ws/src/install/maneuver/lib/python3.12/site-packages/maneuver-0.1.0-py3.12.egg-info/top_level.txt\n'}
[0.409536] (maneuver) StdoutLine: {'line': b'-- Installing: /ros_ws/src/install/maneuver/lib/python3.12/site-packages/maneuver-0.1.0-py3.12.egg-info/PKG-INFO\n'}
[0.409580] (maneuver) StdoutLine: {'line': b'-- Up-to-date: /ros_ws/src/install/maneuver/lib/python3.12/site-packages/maneuver\n'}
[0.409622] (maneuver) StdoutLine: {'line': b'-- Up-to-date: /ros_ws/src/install/maneuver/lib/python3.12/site-packages/maneuver/maneuver_s__rosidl_typesupport_fastrtps_c.so\n'}
[0.409666] (maneuver) StdoutLine: {'line': b'-- Up-to-date: /ros_ws/src/install/maneuver/lib/python3.12/site-packages/maneuver/_maneuver_s.ep.rosidl_typesupport_introspection_c.c\n'}
[0.409714] (maneuver) StdoutLine: {'line': b'-- Up-to-date: /ros_ws/src/install/maneuver/lib/python3.12/site-packages/maneuver/msg\n'}
[0.409760] (maneuver) StdoutLine: {'line': b'-- Up-to-date: /ros_ws/src/install/maneuver/lib/python3.12/site-packages/maneuver/msg/__init__.py\n'}
[0.409804] (maneuver) StdoutLine: {'line': b'-- Up-to-date: /ros_ws/src/install/maneuver/lib/python3.12/site-packages/maneuver/msg/_full_pose_s.c\n'}
[0.409852] (maneuver) StdoutLine: {'line': b'-- Up-to-date: /ros_ws/src/install/maneuver/lib/python3.12/site-packages/maneuver/msg/_full_pose.py\n'}
[0.409899] (maneuver) StdoutLine: {'line': b'-- Up-to-date: /ros_ws/src/install/maneuver/lib/python3.12/site-packages/maneuver/_maneuver_s.ep.rosidl_typesupport_fastrtps_c.c\n'}
[0.409947] (maneuver) StdoutLine: {'line': b'-- Up-to-date: /ros_ws/src/install/maneuver/lib/python3.12/site-packages/maneuver/__init__.py\n'}
[0.409990] (maneuver) StdoutLine: {'line': b'-- Up-to-date: /ros_ws/src/install/maneuver/lib/python3.12/site-packages/maneuver/srv\n'}
[0.410032] (maneuver) StdoutLine: {'line': b'-- Up-to-date: /ros_ws/src/install/maneuver/lib/python3.12/site-packages/maneuver/srv/_goto6_d_point_s.c\n'}
[0.410075] (maneuver) StdoutLine: {'line': b'-- Up-to-date: /ros_ws/src/install/maneuver/lib/python3.12/site-packages/maneuver/srv/_goto6_d_point.py\n'}
[0.410117] (maneuver) StdoutLine: {'line': b'-- Up-to-date: /ros_ws/src/install/maneuver/lib/python3.12/site-packages/maneuver/srv/_land_s.c\n'}
[0.410158] (maneuver) StdoutLine: {'line': b'-- Up-to-date: /ros_ws/src/install/maneuver/lib/python3.12/site-packages/maneuver/srv/_lift_off_s.c\n'}
[0.410200] (maneuver) StdoutLine: {'line': b'-- Up-to-date: /ros_ws/src/install/maneuver/lib/python3.12/site-packages/maneuver/srv/_goto_point.py\n'}
[0.410242] (maneuver) StdoutLine: {'line': b'-- Up-to-date: /ros_ws/src/install/maneuver/lib/python3.12/site-packages/maneuver/srv/_ellipse5_d_s.c\n'}
[0.410285] (maneuver) StdoutLine: {'line': b'-- Up-to-date: /ros_ws/src/install/maneuver/lib/python3.12/site-packages/maneuver/srv/_full_flip.py\n'}
[0.410326] (maneuver) StdoutLine: {'line': b'-- Up-to-date: /ros_ws/src/install/maneuver/lib/python3.12/site-packages/maneuver/srv/_rotate_to.py\n'}
[0.410367] (maneuver) StdoutLine: {'line': b'-- Up-to-date: /ros_ws/src/install/maneuver/lib/python3.12/site-packages/maneuver/srv/_rotate_to_s.c\n'}
[0.410408] (maneuver) StdoutLine: {'line': b'-- Up-to-date: /ros_ws/src/install/maneuver/lib/python3.12/site-packages/maneuver/srv/_ellipse5_d.py\n'}
[0.410448] (maneuver) StdoutLine: {'line': b'-- Up-to-date: /ros_ws/src/install/maneuver/lib/python3.12/site-packages/maneuver/srv/_arm_disarm.py\n'}
[0.410489] (maneuver) StdoutLine: {'line': b'-- Up-to-date: /ros_ws/src/install/maneuver/lib/python3.12/site-packages/maneuver/srv/_arm_disarm_s.c\n'}
[0.410534] (maneuver) StdoutLine: {'line': b'-- Up-to-date: /ros_ws/src/install/maneuver/lib/python3.12/site-packages/maneuver/srv/__init__.py\n'}
[0.410575] (maneuver) StdoutLine: {'line': b'-- Up-to-date: /ros_ws/src/install/maneuver/lib/python3.12/site-packages/maneuver/srv/_goto_point_s.c\n'}
[0.410616] (maneuver) StdoutLine: {'line': b'-- Up-to-date: /ros_ws/src/install/maneuver/lib/python3.12/site-packages/maneuver/srv/_full_flip_s.c\n'}
[0.410657] (maneuver) StdoutLine: {'line': b'-- Up-to-date: /ros_ws/src/install/maneuver/lib/python3.12/site-packages/maneuver/srv/_lift_off.py\n'}
[0.410698] (maneuver) StdoutLine: {'line': b'-- Up-to-date: /ros_ws/src/install/maneuver/lib/python3.12/site-packages/maneuver/srv/_land.py\n'}
[0.410738] (maneuver) StdoutLine: {'line': b'-- Up-to-date: /ros_ws/src/install/maneuver/lib/python3.12/site-packages/maneuver/_maneuver_s.ep.rosidl_typesupport_c.c\n'}
[0.410780] (maneuver) StdoutLine: {'line': b'-- Up-to-date: /ros_ws/src/install/maneuver/lib/python3.12/site-packages/maneuver/maneuver_s__rosidl_typesupport_c.so\n'}
[0.410821] (maneuver) StdoutLine: {'line': b'-- Up-to-date: /ros_ws/src/install/maneuver/lib/python3.12/site-packages/maneuver/maneuver_s__rosidl_typesupport_introspection_c.so\n'}
[0.436503] (maneuver) StdoutLine: {'line': b"Listing '/ros_ws/src/install/maneuver/lib/python3.12/site-packages/maneuver'...\n"}
[0.436768] (maneuver) StdoutLine: {'line': b"Listing '/ros_ws/src/install/maneuver/lib/python3.12/site-packages/maneuver/msg'...\n"}
[0.436881] (maneuver) StdoutLine: {'line': b"Listing '/ros_ws/src/install/maneuver/lib/python3.12/site-packages/maneuver/srv'...\n"}
[0.443832] (maneuver) StdoutLine: {'line': b'-- Up-to-date: /ros_ws/src/install/maneuver/lib/python3.12/site-packages/maneuver/maneuver_s__rosidl_typesupport_fastrtps_c.so\n'}
[0.444226] (maneuver) StdoutLine: {'line': b'-- Up-to-date: /ros_ws/src/install/maneuver/lib/python3.12/site-packages/maneuver/maneuver_s__rosidl_typesupport_introspection_c.so\n'}
[0.444426] (maneuver) StdoutLine: {'line': b'-- Up-to-date: /ros_ws/src/install/maneuver/lib/python3.12/site-packages/maneuver/maneuver_s__rosidl_typesupport_c.so\n'}
[0.444601] (maneuver) StdoutLine: {'line': b'-- Up-to-date: /ros_ws/src/install/maneuver/lib/libmaneuver__rosidl_generator_py.so\n'}
[0.444743] (maneuver) StdoutLine: {'line': b'-- Up-to-date: /ros_ws/src/install/maneuver/share/maneuver/msg/FullPose.idl\n'}
[0.444833] (maneuver) StdoutLine: {'line': b'-- Up-to-date: /ros_ws/src/install/maneuver/share/maneuver/srv/LiftOff.idl\n'}
[0.444982] (maneuver) StdoutLine: {'line': b'-- Up-to-date: /ros_ws/src/install/maneuver/share/maneuver/srv/ArmDisarm.idl\n'}
[0.445111] (maneuver) StdoutLine: {'line': b'-- Up-to-date: /ros_ws/src/install/maneuver/share/maneuver/srv/GotoPoint.idl\n'}
[0.445196] (maneuver) StdoutLine: {'line': b'-- Up-to-date: /ros_ws/src/install/maneuver/share/maneuver/srv/Goto6DPoint.idl\n'}
[0.445303] (maneuver) StdoutLine: {'line': b'-- Up-to-date: /ros_ws/src/install/maneuver/share/maneuver/srv/Ellipse5D.idl\n'}
[0.445386] (maneuver) StdoutLine: {'line': b'-- Up-to-date: /ros_ws/src/install/maneuver/share/maneuver/srv/RotateTo.idl\n'}
[0.445471] (maneuver) StdoutLine: {'line': b'-- Up-to-date: /ros_ws/src/install/maneuver/share/maneuver/srv/Land.idl\n'}
[0.445603] (maneuver) StdoutLine: {'line': b'-- Up-to-date: /ros_ws/src/install/maneuver/share/maneuver/srv/FullFlip.idl\n'}
[0.445687] (maneuver) StdoutLine: {'line': b'-- Up-to-date: /ros_ws/src/install/maneuver/share/maneuver/msg/FullPose.msg\n'}
[0.445773] (maneuver) StdoutLine: {'line': b'-- Up-to-date: /ros_ws/src/install/maneuver/share/maneuver/srv/LiftOff.srv\n'}
[0.445916] (maneuver) StdoutLine: {'line': b'-- Up-to-date: /ros_ws/src/install/maneuver/share/maneuver/srv/ArmDisarm.srv\n'}
[0.445999] (maneuver) StdoutLine: {'line': b'-- Up-to-date: /ros_ws/src/install/maneuver/share/maneuver/srv/GotoPoint.srv\n'}
[0.446081] (maneuver) StdoutLine: {'line': b'-- Up-to-date: /ros_ws/src/install/maneuver/share/maneuver/srv/Goto6DPoint.srv\n'}
[0.446191] (maneuver) StdoutLine: {'line': b'-- Up-to-date: /ros_ws/src/install/maneuver/share/maneuver/srv/Ellipse5D.srv\n'}
[0.446274] (maneuver) StdoutLine: {'line': b'-- Up-to-date: /ros_ws/src/install/maneuver/share/maneuver/srv/RotateTo.srv\n'}
[0.446389] (maneuver) StdoutLine: {'line': b'-- Up-to-date: /ros_ws/src/install/maneuver/share/maneuver/srv/Land.srv\n'}
[0.446494] (maneuver) StdoutLine: {'line': b'-- Up-to-date: /ros_ws/src/install/maneuver/share/maneuver/srv/FullFlip.srv\n'}
[0.446579] (maneuver) StdoutLine: {'line': b'-- Up-to-date: /ros_ws/src/install/maneuver/lib/maneuver/maneuver_node\n'}
[0.446661] (maneuver) StdoutLine: {'line': b'-- Up-to-date: /ros_ws/src/install/maneuver/share/maneuver//launch\n'}
[0.446745] (maneuver) StdoutLine: {'line': b'-- Up-to-date: /ros_ws/src/install/maneuver/share/maneuver//launch/maneuver.launch.py\n'}
[0.446831] (maneuver) StdoutLine: {'line': b'-- Up-to-date: /ros_ws/src/install/maneuver/share/ament_index/resource_index/package_run_dependencies/maneuver\n'}
[0.446914] (maneuver) StdoutLine: {'line': b'-- Up-to-date: /ros_ws/src/install/maneuver/share/ament_index/resource_index/parent_prefix_path/maneuver\n'}
[0.446998] (maneuver) StdoutLine: {'line': b'-- Up-to-date: /ros_ws/src/install/maneuver/share/maneuver/environment/ament_prefix_path.sh\n'}
[0.447200] (maneuver) StdoutLine: {'line': b'-- Up-to-date: /ros_ws/src/install/maneuver/share/maneuver/environment/ament_prefix_path.dsv\n'}
[0.447297] (maneuver) StdoutLine: {'line': b'-- Up-to-date: /ros_ws/src/install/maneuver/share/maneuver/environment/path.sh\n'}
[0.447390] (maneuver) StdoutLine: {'line': b'-- Up-to-date: /ros_ws/src/install/maneuver/share/maneuver/environment/path.dsv\n'}
[0.447476] (maneuver) StdoutLine: {'line': b'-- Up-to-date: /ros_ws/src/install/maneuver/share/maneuver/local_setup.bash\n'}
[0.447564] (maneuver) StdoutLine: {'line': b'-- Up-to-date: /ros_ws/src/install/maneuver/share/maneuver/local_setup.sh\n'}
[0.447650] (maneuver) StdoutLine: {'line': b'-- Up-to-date: /ros_ws/src/install/maneuver/share/maneuver/local_setup.zsh\n'}
[0.447745] (maneuver) StdoutLine: {'line': b'-- Up-to-date: /ros_ws/src/install/maneuver/share/maneuver/local_setup.dsv\n'}
[0.447830] (maneuver) StdoutLine: {'line': b'-- Up-to-date: /ros_ws/src/install/maneuver/share/maneuver/package.dsv\n'}
[0.447914] (maneuver) StdoutLine: {'line': b'-- Up-to-date: /ros_ws/src/install/maneuver/share/ament_index/resource_index/packages/maneuver\n'}
[0.448025] (maneuver) StdoutLine: {'line': b'-- Up-to-date: /ros_ws/src/install/maneuver/share/maneuver/cmake/export_maneuver__rosidl_generator_cExport.cmake\n'}
[0.448111] (maneuver) StdoutLine: {'line': b'-- Up-to-date: /ros_ws/src/install/maneuver/share/maneuver/cmake/export_maneuver__rosidl_generator_cExport-noconfig.cmake\n'}
[0.448196] (maneuver) StdoutLine: {'line': b'-- Up-to-date: /ros_ws/src/install/maneuver/share/maneuver/cmake/export_maneuver__rosidl_typesupport_fastrtps_cExport.cmake\n'}
[0.448279] (maneuver) StdoutLine: {'line': b'-- Up-to-date: /ros_ws/src/install/maneuver/share/maneuver/cmake/export_maneuver__rosidl_typesupport_fastrtps_cExport-noconfig.cmake\n'}
[0.448363] (maneuver) StdoutLine: {'line': b'-- Up-to-date: /ros_ws/src/install/maneuver/share/maneuver/cmake/export_maneuver__rosidl_generator_cppExport.cmake\n'}
[0.448447] (maneuver) StdoutLine: {'line': b'-- Up-to-date: /ros_ws/src/install/maneuver/share/maneuver/cmake/export_maneuver__rosidl_typesupport_fastrtps_cppExport.cmake\n'}
[0.448537] (maneuver) StdoutLine: {'line': b'-- Up-to-date: /ros_ws/src/install/maneuver/share/maneuver/cmake/export_maneuver__rosidl_typesupport_fastrtps_cppExport-noconfig.cmake\n'}
[0.448621] (maneuver) StdoutLine: {'line': b'-- Up-to-date: /ros_ws/src/install/maneuver/share/maneuver/cmake/maneuver__rosidl_typesupport_introspection_cExport.cmake\n'}
[0.448704] (maneuver) StdoutLine: {'line': b'-- Up-to-date: /ros_ws/src/install/maneuver/share/maneuver/cmake/maneuver__rosidl_typesupport_introspection_cExport-noconfig.cmake\n'}
[0.448830] (maneuver) StdoutLine: {'line': b'-- Up-to-date: /ros_ws/src/install/maneuver/share/maneuver/cmake/maneuver__rosidl_typesupport_cExport.cmake\n'}
[0.448871] (maneuver) StdoutLine: {'line': b'-- Up-to-date: /ros_ws/src/install/maneuver/share/maneuver/cmake/maneuver__rosidl_typesupport_cExport-noconfig.cmake\n'}
[0.448912] (maneuver) StdoutLine: {'line': b'-- Up-to-date: /ros_ws/src/install/maneuver/share/maneuver/cmake/maneuver__rosidl_typesupport_introspection_cppExport.cmake\n'}
[0.449015] (maneuver) StdoutLine: {'line': b'-- Up-to-date: /ros_ws/src/install/maneuver/share/maneuver/cmake/maneuver__rosidl_typesupport_introspection_cppExport-noconfig.cmake\n'}
[0.449062] (maneuver) StdoutLine: {'line': b'-- Up-to-date: /ros_ws/src/install/maneuver/share/maneuver/cmake/maneuver__rosidl_typesupport_cppExport.cmake\n'}
[0.449106] (maneuver) StdoutLine: {'line': b'-- Up-to-date: /ros_ws/src/install/maneuver/share/maneuver/cmake/maneuver__rosidl_typesupport_cppExport-noconfig.cmake\n'}
[0.449151] (maneuver) StdoutLine: {'line': b'-- Up-to-date: /ros_ws/src/install/maneuver/share/maneuver/cmake/export_maneuver__rosidl_generator_pyExport.cmake\n'}
[0.449201] (maneuver) StdoutLine: {'line': b'-- Up-to-date: /ros_ws/src/install/maneuver/share/maneuver/cmake/export_maneuver__rosidl_generator_pyExport-noconfig.cmake\n'}
[0.449311] (maneuver) StdoutLine: {'line': b'-- Up-to-date: /ros_ws/src/install/maneuver/share/maneuver/cmake/rosidl_cmake-extras.cmake\n'}
[0.449357] (maneuver) StdoutLine: {'line': b'-- Up-to-date: /ros_ws/src/install/maneuver/share/maneuver/cmake/ament_cmake_export_dependencies-extras.cmake\n'}
[0.449401] (maneuver) StdoutLine: {'line': b'-- Up-to-date: /ros_ws/src/install/maneuver/share/maneuver/cmake/ament_cmake_export_include_directories-extras.cmake\n'}
[0.449446] (maneuver) StdoutLine: {'line': b'-- Up-to-date: /ros_ws/src/install/maneuver/share/maneuver/cmake/ament_cmake_export_libraries-extras.cmake\n'}
[0.449491] (maneuver) StdoutLine: {'line': b'-- Up-to-date: /ros_ws/src/install/maneuver/share/maneuver/cmake/ament_cmake_export_targets-extras.cmake\n'}
[0.449535] (maneuver) StdoutLine: {'line': b'-- Up-to-date: /ros_ws/src/install/maneuver/share/maneuver/cmake/rosidl_cmake_export_typesupport_targets-extras.cmake\n'}
[0.449581] (maneuver) StdoutLine: {'line': b'-- Up-to-date: /ros_ws/src/install/maneuver/share/maneuver/cmake/rosidl_cmake_export_typesupport_libraries-extras.cmake\n'}
[0.449626] (maneuver) StdoutLine: {'line': b'-- Up-to-date: /ros_ws/src/install/maneuver/share/maneuver/cmake/maneuverConfig.cmake\n'}
[0.449670] (maneuver) StdoutLine: {'line': b'-- Up-to-date: /ros_ws/src/install/maneuver/share/maneuver/cmake/maneuverConfig-version.cmake\n'}
[0.449713] (maneuver) StdoutLine: {'line': b'-- Up-to-date: /ros_ws/src/install/maneuver/share/maneuver/package.xml\n'}
[0.450059] (maneuver) CommandEnded: {'returncode': 0}
[0.460007] (maneuver) JobEnded: {'identifier': 'maneuver', 'rc': 0}
[0.460436] (controller) JobStarted: {'identifier': 'controller'}
[0.462519] (uav_simulator) JobStarted: {'identifier': 'uav_simulator'}
[0.466567] (controller) JobProgress: {'identifier': 'controller', 'progress': 'cmake'}
[0.466922] (controller) Command: {'cmd': ['/usr/bin/cmake', '/ros_ws/src/controller', '-DCMAKE_INSTALL_PREFIX=/ros_ws/src/install/controller'], 'cwd': '/ros_ws/src/build/controller', 'env': OrderedDict({'HOSTNAME': 'ADUAED19005LPLX', 'SHLVL': '1', 'LD_LIBRARY_PATH': '/ros_ws/src/install/maneuver/lib:/ros_ws/src/install/libkdtp/lib:/ros_ws/install/uav_simulator/lib:/ros_ws/install/my_ros2_package/lib:/ros_ws/install/controller/lib:/ros_ws/install/maneuver/lib:/ros_ws/install/libkdtp/lib:/opt/ros/jazzy/opt/rviz_ogre_vendor/lib:/opt/ros/jazzy/lib/x86_64-linux-gnu:/opt/ros/jazzy/opt/gz_math_vendor/lib:/opt/ros/jazzy/opt/gz_utils_vendor/lib:/opt/ros/jazzy/opt/gz_cmake_vendor/lib:/opt/ros/jazzy/lib', 'HOME': '/root', 'OLDPWD': '/ros_ws/src/firmware/launch', 'ROS_PYTHON_VERSION': '3', 'COLCON_PREFIX_PATH': '/ros_ws/install', 'ROS_DISTRO': 'jazzy', '_': '/usr/bin/colcon', 'ROS_VERSION': '2', 'TERM': 'xterm', 'PATH': '/opt/ros/jazzy/bin:/usr/local/sbin:/usr/local/bin:/usr/sbin:/usr/bin:/sbin:/bin', 'LANG': 'C.UTF-8', 'LS_COLORS': 'rs=0:di=01;34:ln=01;36:mh=00:pi=40;33:so=01;35:do=01;35:bd=40;33;01:cd=40;33;01:or=40;31;01:mi=00:su=37;41:sg=30;43:ca=00:tw=30;42:ow=34;42:st=37;44:ex=01;32:*.tar=01;31:*.tgz=01;31:*.arc=01;31:*.arj=01;31:*.taz=01;31:*.lha=01;31:*.lz4=01;31:*.lzh=01;31:*.lzma=01;31:*.tlz=01;31:*.txz=01;31:*.tzo=01;31:*.t7z=01;31:*.zip=01;31:*.z=01;31:*.dz=01;31:*.gz=01;31:*.lrz=01;31:*.lz=01;31:*.lzo=01;31:*.xz=01;31:*.zst=01;31:*.tzst=01;31:*.bz2=01;31:*.bz=01;31:*.tbz=01;31:*.tbz2=01;31:*.tz=01;31:*.deb=01;31:*.rpm=01;31:*.jar=01;31:*.war=01;31:*.ear=01;31:*.sar=01;31:*.rar=01;31:*.alz=01;31:*.ace=01;31:*.zoo=01;31:*.cpio=01;31:*.7z=01;31:*.rz=01;31:*.cab=01;31:*.wim=01;31:*.swm=01;31:*.dwm=01;31:*.esd=01;31:*.avif=01;35:*.jpg=01;35:*.jpeg=01;35:*.mjpg=01;35:*.mjpeg=01;35:*.gif=01;35:*.bmp=01;35:*.pbm=01;35:*.pgm=01;35:*.ppm=01;35:*.tga=01;35:*.xbm=01;35:*.xpm=01;35:*.tif=01;35:*.tiff=01;35:*.png=01;35:*.svg=01;35:*.svgz=01;35:*.mng=01;35:*.pcx=01;35:*.mov=01;35:*.mpg=01;35:*.mpeg=01;35:*.m2v=01;35:*.mkv=01;35:*.webm=01;35:*.webp=01;35:*.ogm=01;35:*.mp4=01;35:*.m4v=01;35:*.mp4v=01;35:*.vob=01;35:*.qt=01;35:*.nuv=01;35:*.wmv=01;35:*.asf=01;35:*.rm=01;35:*.rmvb=01;35:*.flc=01;35:*.avi=01;35:*.fli=01;35:*.flv=01;35:*.gl=01;35:*.dl=01;35:*.xcf=01;35:*.xwd=01;35:*.yuv=01;35:*.cgm=01;35:*.emf=01;35:*.ogv=01;35:*.ogx=01;35:*.aac=00;36:*.au=00;36:*.flac=00;36:*.m4a=00;36:*.mid=00;36:*.midi=00;36:*.mka=00;36:*.mp3=00;36:*.mpc=00;36:*.ogg=00;36:*.ra=00;36:*.wav=00;36:*.oga=00;36:*.opus=00;36:*.spx=00;36:*.xspf=00;36:*~=00;90:*#=00;90:*.bak=00;90:*.crdownload=00;90:*.dpkg-dist=00;90:*.dpkg-new=00;90:*.dpkg-old=00;90:*.dpkg-tmp=00;90:*.old=00;90:*.orig=00;90:*.part=00;90:*.rej=00;90:*.rpmnew=00;90:*.rpmorig=00;90:*.rpmsave=00;90:*.swp=00;90:*.tmp=00;90:*.ucf-dist=00;90:*.ucf-new=00;90:*.ucf-old=00;90:', 'AMENT_PREFIX_PATH': '/ros_ws/src/install/maneuver:/ros_ws/src/install/libkdtp:/ros_ws/install/uav_simulator:/ros_ws/install/my_ros2_package:/ros_ws/install/controller:/ros_ws/install/maneuver:/ros_ws/install/libkdtp:/opt/ros/jazzy', 'DEBIAN_FRONTEND': 'noninteractive', 'ROS_AUTOMATIC_DISCOVERY_RANGE': 'SUBNET', 'PWD': '/ros_ws/src/build/controller', 'LC_ALL': 'C.UTF-8', 'PYTHONPATH': '/ros_ws/src/install/maneuver/lib/python3.12/site-packages:/ros_ws/install/my_ros2_package/lib/python3.12/site-packages:/ros_ws/install/controller/lib/python3.12/site-packages:/ros_ws/install/maneuver/lib/python3.12/site-packages:/opt/ros/jazzy/lib/python3.12/site-packages', 'COLCON': '1', 'CMAKE_PREFIX_PATH': '/ros_ws/src/install/maneuver:/ros_ws/src/install/libkdtp:/ros_ws/install/uav_simulator:/ros_ws/install/my_ros2_package:/ros_ws/install/controller:/ros_ws/install/maneuver:/ros_ws/install/libkdtp:/opt/ros/jazzy/opt/gz_math_vendor:/opt/ros/jazzy/opt/gz_utils_vendor:/opt/ros/jazzy/opt/gz_cmake_vendor:/opt/ros/jazzy'}), 'shell': False}
[0.468346] (uav_simulator) JobProgress: {'identifier': 'uav_simulator', 'progress': 'cmake'}
[0.468613] (uav_simulator) Command: {'cmd': ['/usr/bin/cmake', '/ros_ws/src/uav_simulator', '-DCMAKE_INSTALL_PREFIX=/ros_ws/src/install/uav_simulator'], 'cwd': '/ros_ws/src/build/uav_simulator', 'env': OrderedDict({'HOSTNAME': 'ADUAED19005LPLX', 'SHLVL': '1', 'LD_LIBRARY_PATH': '/ros_ws/src/install/maneuver/lib:/ros_ws/src/install/libkdtp/lib:/ros_ws/install/uav_simulator/lib:/ros_ws/install/my_ros2_package/lib:/ros_ws/install/controller/lib:/ros_ws/install/maneuver/lib:/ros_ws/install/libkdtp/lib:/opt/ros/jazzy/opt/rviz_ogre_vendor/lib:/opt/ros/jazzy/lib/x86_64-linux-gnu:/opt/ros/jazzy/opt/gz_math_vendor/lib:/opt/ros/jazzy/opt/gz_utils_vendor/lib:/opt/ros/jazzy/opt/gz_cmake_vendor/lib:/opt/ros/jazzy/lib', 'HOME': '/root', 'OLDPWD': '/ros_ws/src/firmware/launch', 'ROS_PYTHON_VERSION': '3', 'COLCON_PREFIX_PATH': '/ros_ws/install', 'ROS_DISTRO': 'jazzy', '_': '/usr/bin/colcon', 'ROS_VERSION': '2', 'TERM': 'xterm', 'PATH': '/opt/ros/jazzy/bin:/usr/local/sbin:/usr/local/bin:/usr/sbin:/usr/bin:/sbin:/bin', 'LANG': 'C.UTF-8', 'LS_COLORS': 'rs=0:di=01;34:ln=01;36:mh=00:pi=40;33:so=01;35:do=01;35:bd=40;33;01:cd=40;33;01:or=40;31;01:mi=00:su=37;41:sg=30;43:ca=00:tw=30;42:ow=34;42:st=37;44:ex=01;32:*.tar=01;31:*.tgz=01;31:*.arc=01;31:*.arj=01;31:*.taz=01;31:*.lha=01;31:*.lz4=01;31:*.lzh=01;31:*.lzma=01;31:*.tlz=01;31:*.txz=01;31:*.tzo=01;31:*.t7z=01;31:*.zip=01;31:*.z=01;31:*.dz=01;31:*.gz=01;31:*.lrz=01;31:*.lz=01;31:*.lzo=01;31:*.xz=01;31:*.zst=01;31:*.tzst=01;31:*.bz2=01;31:*.bz=01;31:*.tbz=01;31:*.tbz2=01;31:*.tz=01;31:*.deb=01;31:*.rpm=01;31:*.jar=01;31:*.war=01;31:*.ear=01;31:*.sar=01;31:*.rar=01;31:*.alz=01;31:*.ace=01;31:*.zoo=01;31:*.cpio=01;31:*.7z=01;31:*.rz=01;31:*.cab=01;31:*.wim=01;31:*.swm=01;31:*.dwm=01;31:*.esd=01;31:*.avif=01;35:*.jpg=01;35:*.jpeg=01;35:*.mjpg=01;35:*.mjpeg=01;35:*.gif=01;35:*.bmp=01;35:*.pbm=01;35:*.pgm=01;35:*.ppm=01;35:*.tga=01;35:*.xbm=01;35:*.xpm=01;35:*.tif=01;35:*.tiff=01;35:*.png=01;35:*.svg=01;35:*.svgz=01;35:*.mng=01;35:*.pcx=01;35:*.mov=01;35:*.mpg=01;35:*.mpeg=01;35:*.m2v=01;35:*.mkv=01;35:*.webm=01;35:*.webp=01;35:*.ogm=01;35:*.mp4=01;35:*.m4v=01;35:*.mp4v=01;35:*.vob=01;35:*.qt=01;35:*.nuv=01;35:*.wmv=01;35:*.asf=01;35:*.rm=01;35:*.rmvb=01;35:*.flc=01;35:*.avi=01;35:*.fli=01;35:*.flv=01;35:*.gl=01;35:*.dl=01;35:*.xcf=01;35:*.xwd=01;35:*.yuv=01;35:*.cgm=01;35:*.emf=01;35:*.ogv=01;35:*.ogx=01;35:*.aac=00;36:*.au=00;36:*.flac=00;36:*.m4a=00;36:*.mid=00;36:*.midi=00;36:*.mka=00;36:*.mp3=00;36:*.mpc=00;36:*.ogg=00;36:*.ra=00;36:*.wav=00;36:*.oga=00;36:*.opus=00;36:*.spx=00;36:*.xspf=00;36:*~=00;90:*#=00;90:*.bak=00;90:*.crdownload=00;90:*.dpkg-dist=00;90:*.dpkg-new=00;90:*.dpkg-old=00;90:*.dpkg-tmp=00;90:*.old=00;90:*.orig=00;90:*.part=00;90:*.rej=00;90:*.rpmnew=00;90:*.rpmorig=00;90:*.rpmsave=00;90:*.swp=00;90:*.tmp=00;90:*.ucf-dist=00;90:*.ucf-new=00;90:*.ucf-old=00;90:', 'AMENT_PREFIX_PATH': '/ros_ws/src/install/maneuver:/ros_ws/src/install/libkdtp:/ros_ws/install/uav_simulator:/ros_ws/install/my_ros2_package:/ros_ws/install/controller:/ros_ws/install/maneuver:/ros_ws/install/libkdtp:/opt/ros/jazzy', 'DEBIAN_FRONTEND': 'noninteractive', 'ROS_AUTOMATIC_DISCOVERY_RANGE': 'SUBNET', 'PWD': '/ros_ws/src/build/uav_simulator', 'LC_ALL': 'C.UTF-8', 'PYTHONPATH': '/ros_ws/src/install/maneuver/lib/python3.12/site-packages:/ros_ws/install/my_ros2_package/lib/python3.12/site-packages:/ros_ws/install/controller/lib/python3.12/site-packages:/ros_ws/install/maneuver/lib/python3.12/site-packages:/opt/ros/jazzy/lib/python3.12/site-packages', 'COLCON': '1', 'CMAKE_PREFIX_PATH': '/ros_ws/src/install/maneuver:/ros_ws/src/install/libkdtp:/ros_ws/install/uav_simulator:/ros_ws/install/my_ros2_package:/ros_ws/install/controller:/ros_ws/install/maneuver:/ros_ws/install/libkdtp:/opt/ros/jazzy/opt/gz_math_vendor:/opt/ros/jazzy/opt/gz_utils_vendor:/opt/ros/jazzy/opt/gz_cmake_vendor:/opt/ros/jazzy'}), 'shell': False}
[0.500034] (-) TimerEvent: {}
[0.502449] (controller) StdoutLine: {'line': b'-- The C compiler identification is GNU 13.2.0\n'}
[0.502745] (uav_simulator) StdoutLine: {'line': b'-- The C compiler identification is GNU 13.2.0\n'}
[0.571317] (uav_simulator) StdoutLine: {'line': b'-- The CXX compiler identification is GNU 13.2.0\n'}
[0.573096] (controller) StdoutLine: {'line': b'-- The CXX compiler identification is GNU 13.2.0\n'}
[0.591250] (uav_simulator) StdoutLine: {'line': b'-- Detecting C compiler ABI info\n'}
[0.592366] (controller) StdoutLine: {'line': b'-- Detecting C compiler ABI info\n'}
[0.600210] (-) TimerEvent: {}
[0.700636] (-) TimerEvent: {}
[0.712226] (controller) StdoutLine: {'line': b'-- Detecting C compiler ABI info - done\n'}
[0.713147] (uav_simulator) StdoutLine: {'line': b'-- Detecting C compiler ABI info - done\n'}
[0.730964] (controller) StdoutLine: {'line': b'-- Check for working C compiler: /usr/bin/cc - skipped\n'}
[0.731480] (controller) StdoutLine: {'line': b'-- Detecting C compile features\n'}
[0.732088] (uav_simulator) StdoutLine: {'line': b'-- Check for working C compiler: /usr/bin/cc - skipped\n'}
[0.732590] (controller) StdoutLine: {'line': b'-- Detecting C compile features - done\n'}
[0.732818] (uav_simulator) StdoutLine: {'line': b'-- Detecting C compile features\n'}
[0.733343] (uav_simulator) StdoutLine: {'line': b'-- Detecting C compile features - done\n'}
[0.747909] (controller) StdoutLine: {'line': b'-- Detecting CXX compiler ABI info\n'}
[0.749017] (uav_simulator) StdoutLine: {'line': b'-- Detecting CXX compiler ABI info\n'}
[0.800788] (-) TimerEvent: {}
[0.901234] (-) TimerEvent: {}
[0.908481] (controller) StdoutLine: {'line': b'-- Detecting CXX compiler ABI info - done\n'}
[0.908910] (uav_simulator) StdoutLine: {'line': b'-- Detecting CXX compiler ABI info - done\n'}
[0.925976] (uav_simulator) StdoutLine: {'line': b'-- Check for working CXX compiler: /usr/bin/c++ - skipped\n'}
[0.926271] (uav_simulator) StdoutLine: {'line': b'-- Detecting CXX compile features\n'}
[0.927004] (uav_simulator) StdoutLine: {'line': b'-- Detecting CXX compile features - done\n'}
[0.929071] (controller) StdoutLine: {'line': b'-- Check for working CXX compiler: /usr/bin/c++ - skipped\n'}
[0.929508] (controller) StdoutLine: {'line': b'-- Detecting CXX compile features\n'}
[0.930651] (controller) StdoutLine: {'line': b'-- Detecting CXX compile features - done\n'}
[0.931412] (uav_simulator) StdoutLine: {'line': b'-- Found ament_cmake: 2.5.2 (/opt/ros/jazzy/share/ament_cmake/cmake)\n'}
[0.934918] (controller) StdoutLine: {'line': b'-- Found ament_cmake: 2.5.2 (/opt/ros/jazzy/share/ament_cmake/cmake)\n'}
[1.001425] (-) TimerEvent: {}
[1.101925] (-) TimerEvent: {}
[1.137427] (uav_simulator) StdoutLine: {'line': b'-- Found Python3: /usr/bin/python3 (found version "3.12.3") found components: Interpreter \n'}
[1.138425] (controller) StdoutLine: {'line': b'-- Found Python3: /usr/bin/python3 (found version "3.12.3") found components: Interpreter \n'}
[1.202023] (-) TimerEvent: {}
[1.240856] (controller) StdoutLine: {'line': b'-- Found rclcpp: 28.1.5 (/opt/ros/jazzy/share/rclcpp/cmake)\n'}
[1.241760] (uav_simulator) StdoutLine: {'line': b'-- Found rclcpp: 28.1.5 (/opt/ros/jazzy/share/rclcpp/cmake)\n'}
[1.290153] (controller) StdoutLine: {'line': b'-- Found rosidl_generator_c: 4.6.4 (/opt/ros/jazzy/share/rosidl_generator_c/cmake)\n'}
[1.290376] (uav_simulator) StdoutLine: {'line': b'-- Found rosidl_generator_c: 4.6.4 (/opt/ros/jazzy/share/rosidl_generator_c/cmake)\n'}
[1.299832] (controller) StdoutLine: {'line': b'-- Found rosidl_generator_cpp: 4.6.4 (/opt/ros/jazzy/share/rosidl_generator_cpp/cmake)\n'}
[1.299915] (uav_simulator) StdoutLine: {'line': b'-- Found rosidl_generator_cpp: 4.6.4 (/opt/ros/jazzy/share/rosidl_generator_cpp/cmake)\n'}
[1.302082] (-) TimerEvent: {}
[1.310969] (controller) StdoutLine: {'line': b'-- Using all available rosidl_typesupport_c: rosidl_typesupport_fastrtps_c;rosidl_typesupport_introspection_c\n'}
[1.311052] (uav_simulator) StdoutLine: {'line': b'-- Using all available rosidl_typesupport_c: rosidl_typesupport_fastrtps_c;rosidl_typesupport_introspection_c\n'}
[1.323226] (controller) StdoutLine: {'line': b'-- Using all available rosidl_typesupport_cpp: rosidl_typesupport_fastrtps_cpp;rosidl_typesupport_introspection_cpp\n'}
[1.323510] (uav_simulator) StdoutLine: {'line': b'-- Using all available rosidl_typesupport_cpp: rosidl_typesupport_fastrtps_cpp;rosidl_typesupport_introspection_cpp\n'}
[1.375189] (controller) StdoutLine: {'line': b'-- Found rmw_implementation_cmake: 7.3.1 (/opt/ros/jazzy/share/rmw_implementation_cmake/cmake)\n'}
[1.375401] (uav_simulator) StdoutLine: {'line': b'-- Found rmw_implementation_cmake: 7.3.1 (/opt/ros/jazzy/share/rmw_implementation_cmake/cmake)\n'}
[1.377245] (controller) StdoutLine: {'line': b'-- Found rmw_fastrtps_cpp: 8.4.1 (/opt/ros/jazzy/share/rmw_fastrtps_cpp/cmake)\n'}
[1.377484] (uav_simulator) StdoutLine: {'line': b'-- Found rmw_fastrtps_cpp: 8.4.1 (/opt/ros/jazzy/share/rmw_fastrtps_cpp/cmake)\n'}
[1.402236] (-) TimerEvent: {}
[1.421414] (uav_simulator) StdoutLine: {'line': b'-- Found OpenSSL: /usr/lib/x86_64-linux-gnu/libcrypto.so (found version "3.0.13")  \n'}
[1.421650] (controller) StdoutLine: {'line': b'-- Found OpenSSL: /usr/lib/x86_64-linux-gnu/libcrypto.so (found version "3.0.13")  \n'}
[1.434341] (controller) StdoutLine: {'line': b'-- Found FastRTPS: /opt/ros/jazzy/include (Required is at least version "2.13") \n'}
[1.434527] (uav_simulator) StdoutLine: {'line': b'-- Found FastRTPS: /opt/ros/jazzy/include (Required is at least version "2.13") \n'}
[1.448243] (controller) StdoutLine: {'line': b"-- Using RMW implementation 'rmw_fastrtps_cpp' as default\n"}
[1.448507] (uav_simulator) StdoutLine: {'line': b"-- Using RMW implementation 'rmw_fastrtps_cpp' as default\n"}
[1.498102] (controller) StdoutLine: {'line': b'-- Found std_msgs: 5.3.5 (/opt/ros/jazzy/share/std_msgs/cmake)\n'}
[1.498776] (uav_simulator) StdoutLine: {'line': b'-- Looking for gz-sim8 -- found version 8.7.0\n'}
[1.502320] (-) TimerEvent: {}
[1.502583] (uav_simulator) StdoutLine: {'line': b'-- Searching for dependencies of gz-sim8\n'}
[1.504405] (uav_simulator) StdoutLine: {'line': b'-- Looking for sdformat14 -- found version 14.6.0\n'}
[1.504494] (uav_simulator) StdoutLine: {'line': b'-- Searching for dependencies of sdformat14\n'}
[1.507628] (uav_simulator) StdoutLine: {'line': b"-- Checking for module 'tinyxml2'\n"}
[1.508110] (controller) StdoutLine: {'line': b'-- Found geometry_msgs: 5.3.5 (/opt/ros/jazzy/share/geometry_msgs/cmake)\n'}
[1.514129] (uav_simulator) StdoutLine: {'line': b'--   Found tinyxml2, version 10.0.0\n'}
[1.519150] (controller) StdoutLine: {'line': b'-- Found rosidl_default_generators: 1.6.0 (/opt/ros/jazzy/share/rosidl_default_generators/cmake)\n'}
[1.529377] (uav_simulator) StdoutLine: {'line': b'-- Looking for gz-math7 -- found version 7.5.1\n'}
[1.529487] (uav_simulator) StdoutLine: {'line': b'-- Searching for dependencies of gz-math7\n'}
[1.529616] (controller) StdoutLine: {'line': b'-- Found rosidl_adapter: 4.6.4 (/opt/ros/jazzy/share/rosidl_adapter/cmake)\n'}
[1.530170] (uav_simulator) StdoutLine: {'line': b'-- Looking for gz-utils2 -- found version 2.2.0\n'}
[1.530352] (uav_simulator) StdoutLine: {'line': b'-- Searching for dependencies of gz-utils2\n'}
[1.531211] (uav_simulator) StdoutLine: {'line': b'-- Looking for gz-utils2 -- found version 2.2.0\n'}
[1.531520] (uav_simulator) StdoutLine: {'line': b'-- Searching for dependencies of gz-utils2\n'}
[1.531588] (uav_simulator) StdoutLine: {'line': b'-- Searching for <gz-utils2> component [cli]\n'}
[1.531663] (controller) StdoutLine: {'line': b'-- Found maneuver: 0.1.0 (/ros_ws/src/install/maneuver/share/maneuver/cmake)\n'}
[1.532441] (uav_simulator) StdoutLine: {'line': b'-- Looking for gz-utils2-cli -- found version 2.2.0\n'}
[1.532518] (uav_simulator) StdoutLine: {'line': b'-- Searching for dependencies of gz-utils2-cli\n'}
[1.535026] (uav_simulator) StdoutLine: {'line': b'-- Looking for gz-plugin2 -- found version 2.0.3\n'}
[1.535137] (uav_simulator) StdoutLine: {'line': b'-- Searching for dependencies of gz-plugin2\n'}
[1.535226] (uav_simulator) StdoutLine: {'line': b'-- Looking for gz-utils2 -- found version 2.2.0\n'}
[1.535604] (uav_simulator) StdoutLine: {'line': b'-- Searching for <gz-plugin2> component [loader]\n'}
[1.537467] (uav_simulator) StdoutLine: {'line': b'-- Looking for gz-plugin2-loader -- found version 2.0.3\n'}
[1.537558] (uav_simulator) StdoutLine: {'line': b'-- Searching for dependencies of gz-plugin2-loader\n'}
[1.538095] (uav_simulator) StdoutLine: {'line': b'-- Searching for <gz-plugin2> component [register]\n'}
[1.539846] (uav_simulator) StdoutLine: {'line': b'-- Looking for gz-plugin2-register -- found version 2.0.3\n'}
[1.539936] (uav_simulator) StdoutLine: {'line': b'-- Searching for dependencies of gz-plugin2-register\n'}
[1.542079] (uav_simulator) StdoutLine: {'line': b'-- Looking for gz-transport13 -- found version 13.4.0\n'}
[1.542279] (uav_simulator) StdoutLine: {'line': b'-- Searching for dependencies of gz-transport13\n'}
[1.602452] (-) TimerEvent: {}
[1.640073] (uav_simulator) StdoutLine: {'line': b'-- Found Protobuf: /usr/lib/x86_64-linux-gnu/libprotobuf.so (found version "3.21.12") \n'}
[1.669960] (uav_simulator) StdoutLine: {'line': b'-- Config-file not installed for ZeroMQ -- checking for pkg-config\n'}
[1.677850] (uav_simulator) StdoutLine: {'line': b"-- Checking for module 'libzmq >= 4'\n"}
[1.696445] (uav_simulator) StdoutLine: {'line': b'--   Found libzmq, version 4.3.5\n'}
[1.702615] (-) TimerEvent: {}
[1.739030] (uav_simulator) StdoutLine: {'line': b'-- Found ZeroMQ: TRUE (Required is at least version "4") \n'}
[1.748184] (uav_simulator) StdoutLine: {'line': b"-- Checking for module 'uuid'\n"}
[1.768132] (uav_simulator) StdoutLine: {'line': b'--   Found uuid, version 2.39.3\n'}
[1.802768] (-) TimerEvent: {}
[1.803296] (uav_simulator) StdoutLine: {'line': b'-- Found UUID: TRUE  \n'}
[1.803882] (uav_simulator) StdoutLine: {'line': b'-- Looking for gz-utils2 -- found version 2.2.0\n'}
[1.806248] (uav_simulator) StdoutLine: {'line': b'-- Looking for gz-msgs10 -- found version 10.3.1\n'}
[1.806308] (uav_simulator) StdoutLine: {'line': b'-- Searching for dependencies of gz-msgs10\n'}
[1.820689] (uav_simulator) StdoutLine: {'line': b'-- Looking for gz-utils2 -- found version 2.2.0\n'}
[1.820877] (uav_simulator) StdoutLine: {'line': b'-- Looking for gz-math7 -- found version 7.5.1\n'}
[1.902923] (-) TimerEvent: {}
[1.923472] (uav_simulator) StdoutLine: {'line': b'-- Searching for <gz-transport13> component [log]\n'}
[1.925268] (uav_simulator) StdoutLine: {'line': b'-- Looking for gz-transport13-log -- found version 13.4.0\n'}
[1.925373] (uav_simulator) StdoutLine: {'line': b'-- Searching for dependencies of gz-transport13-log\n'}
[1.925753] (uav_simulator) StdoutLine: {'line': b'-- Searching for <gz-transport13> component [parameters]\n'}
[1.927666] (uav_simulator) StdoutLine: {'line': b'-- Looking for gz-transport13-parameters -- found version 13.4.0\n'}
[1.927822] (uav_simulator) StdoutLine: {'line': b'-- Searching for dependencies of gz-transport13-parameters\n'}
[1.928478] (uav_simulator) StdoutLine: {'line': b'-- Looking for gz-msgs10 -- found version 10.3.1\n'}
[1.930312] (uav_simulator) StdoutLine: {'line': b'-- Looking for gz-common5 -- found version 5.7.0\n'}
[1.930487] (uav_simulator) StdoutLine: {'line': b'-- Searching for dependencies of gz-common5\n'}
[1.930672] (uav_simulator) StdoutLine: {'line': b'-- Looking for gz-utils2 -- found version 2.2.0\n'}
[1.930814] (uav_simulator) StdoutLine: {'line': b'-- Looking for dlfcn.h - found\n'}
[1.931589] (uav_simulator) StdoutLine: {'line': b'-- Looking for libdl - found\n'}
[1.932497] (uav_simulator) StdoutLine: {'line': b'-- Found DL: TRUE  \n'}
[1.937613] (uav_simulator) StdoutLine: {'line': b'-- Searching for <gz-common5> component [av]\n'}
[1.940132] (uav_simulator) StdoutLine: {'line': b'-- Looking for gz-common5-av -- found version 5.7.0\n'}
[1.940379] (uav_simulator) StdoutLine: {'line': b'-- Searching for dependencies of gz-common5-av\n'}
[1.944884] (uav_simulator) StdoutLine: {'line': b"-- Checking for module 'libswscale'\n"}
[1.958228] (uav_simulator) StdoutLine: {'line': b'--   Found libswscale, version 7.5.100\n'}
[2.001818] (uav_simulator) StdoutLine: {'line': b'-- Found SWSCALE: TRUE  \n'}
[2.003010] (-) TimerEvent: {}
[2.010172] (uav_simulator) StdoutLine: {'line': b"-- Checking for module 'libavdevice >= 56.4.100'\n"}
[2.029599] (uav_simulator) StdoutLine: {'line': b'--   Found libavdevice, version 60.3.100\n'}
[2.090696] (uav_simulator) StdoutLine: {'line': b'-- Found AVDEVICE: TRUE (Required is at least version "56.4.100") \n'}
[2.099180] (uav_simulator) StdoutLine: {'line': b"-- Checking for module 'libavformat'\n"}
[2.103135] (-) TimerEvent: {}
[2.112920] (uav_simulator) StdoutLine: {'line': b'--   Found libavformat, version 60.16.100\n'}
[2.154499] (uav_simulator) StdoutLine: {'line': b'-- Found AVFORMAT: TRUE  \n'}
[2.160421] (uav_simulator) StdoutLine: {'line': b"-- Checking for module 'libavcodec'\n"}
[2.168647] (uav_simulator) StdoutLine: {'line': b'--   Found libavcodec, version 60.31.102\n'}
[2.188754] (uav_simulator) StdoutLine: {'line': b'-- Found AVCODEC: TRUE  \n'}
[2.192170] (uav_simulator) StdoutLine: {'line': b"-- Checking for module 'libavutil'\n"}
[2.203232] (-) TimerEvent: {}
[2.205882] (uav_simulator) StdoutLine: {'line': b'--   Found libavutil, version 58.29.100\n'}
[2.254816] (uav_simulator) StdoutLine: {'line': b'-- Found AVUTIL: TRUE  \n'}
[2.256171] (uav_simulator) StdoutLine: {'line': b'-- Searching for <gz-common5> component [events]\n'}
[2.262099] (uav_simulator) StdoutLine: {'line': b'-- Looking for gz-common5-events -- found version 5.7.0\n'}
[2.262577] (uav_simulator) StdoutLine: {'line': b'-- Searching for dependencies of gz-common5-events\n'}
[2.263345] (uav_simulator) StdoutLine: {'line': b'-- Looking for gz-math7 -- found version 7.5.1\n'}
[2.264502] (uav_simulator) StdoutLine: {'line': b'-- Searching for <gz-common5> component [graphics]\n'}
[2.269874] (uav_simulator) StdoutLine: {'line': b'-- Looking for gz-common5-graphics -- found version 5.7.0\n'}
[2.270257] (uav_simulator) StdoutLine: {'line': b'-- Searching for dependencies of gz-common5-graphics\n'}
[2.270973] (uav_simulator) StdoutLine: {'line': b'-- Looking for gz-math7 -- found version 7.5.1\n'}
[2.279021] (uav_simulator) StdoutLine: {'line': b'-- Found GzAssimp: TRUE (found version "5.3.0") \n'}
[2.280164] (uav_simulator) StdoutLine: {'line': b'-- Searching for <gz-common5> component [io]\n'}
[2.285429] (uav_simulator) StdoutLine: {'line': b'-- Looking for gz-common5-io -- found version 5.7.0\n'}
[2.285763] (uav_simulator) StdoutLine: {'line': b'-- Searching for dependencies of gz-common5-io\n'}
[2.286917] (uav_simulator) StdoutLine: {'line': b'-- Searching for <gz-common5> component [profiler]\n'}
[2.291921] (uav_simulator) StdoutLine: {'line': b'-- Looking for gz-common5-profiler -- found version 5.7.0\n'}
[2.292370] (uav_simulator) StdoutLine: {'line': b'-- Searching for dependencies of gz-common5-profiler\n'}
[2.297627] (uav_simulator) StdoutLine: {'line': b'-- Looking for gz-fuel_tools9 -- found version 9.1.0\n'}
[2.297878] (uav_simulator) StdoutLine: {'line': b'-- Searching for dependencies of gz-fuel_tools9\n'}
[2.303318] (-) TimerEvent: {}
[2.332094] (controller) StdoutLine: {'line': b'-- Found ament_cmake_ros: 0.12.0 (/opt/ros/jazzy/share/ament_cmake_ros/cmake)\n'}
[2.369538] (uav_simulator) StdoutLine: {'line': b'-- Found CURL: /usr/lib/x86_64-linux-gnu/libcurl.so (found version "8.5.0")  \n'}
[2.384371] (uav_simulator) StdoutLine: {'line': b"-- Checking for module 'jsoncpp'\n"}
[2.397397] (uav_simulator) StdoutLine: {'line': b'--   Found jsoncpp, version 1.9.5\n'}
[2.403491] (-) TimerEvent: {}
[2.436991] (uav_simulator) StdoutLine: {'line': b'-- Found JSONCPP: TRUE  \n'}
[2.470488] (uav_simulator) StdoutLine: {'line': b"-- Checking for module 'yaml-0.1'\n"}
[2.485233] (uav_simulator) StdoutLine: {'line': b'--   Found yaml-0.1, version 0.2.5\n'}
[2.503684] (-) TimerEvent: {}
[2.532983] (uav_simulator) StdoutLine: {'line': b'-- Found YAML: TRUE  \n'}
[2.542402] (uav_simulator) StdoutLine: {'line': b"-- Checking for module 'libzip'\n"}
[2.563412] (uav_simulator) StdoutLine: {'line': b'--   Found libzip, version 1.7.3\n'}
[2.603892] (-) TimerEvent: {}
[2.610859] (uav_simulator) StdoutLine: {'line': b'-- Found ZIP: TRUE  \n'}
[2.611169] (uav_simulator) StdoutLine: {'line': b'-- Looking for gz-utils2 -- found version 2.2.0\n'}
[2.611371] (uav_simulator) StdoutLine: {'line': b'-- Looking for gz-common5 -- found version 5.7.0\n'}
[2.611580] (uav_simulator) StdoutLine: {'line': b'-- Searching for dependencies of gz-common5\n'}
[2.611843] (uav_simulator) StdoutLine: {'line': b'-- Looking for gz-utils2 -- found version 2.2.0\n'}
[2.611988] (uav_simulator) StdoutLine: {'line': b'-- Looking for dlfcn.h - found\n'}
[2.612063] (uav_simulator) StdoutLine: {'line': b'-- Looking for libdl - found\n'}
[2.616587] (uav_simulator) StdoutLine: {'line': b'-- Searching for <gz-common5> component [testing]\n'}
[2.618475] (uav_simulator) StdoutLine: {'line': b'-- Looking for gz-common5-testing -- found version 5.7.0\n'}
[2.618587] (uav_simulator) StdoutLine: {'line': b'-- Searching for dependencies of gz-common5-testing\n'}
[2.619290] (uav_simulator) StdoutLine: {'line': b'-- Looking for gz-math7 -- found version 7.5.1\n'}
[2.619508] (uav_simulator) StdoutLine: {'line': b'-- Looking for gz-msgs10 -- found version 10.3.1\n'}
[2.621764] (uav_simulator) StdoutLine: {'line': b'-- Looking for gz-gui8 -- found version 8.3.0\n'}
[2.621876] (uav_simulator) StdoutLine: {'line': b'-- Searching for dependencies of gz-gui8\n'}
[2.657803] (uav_simulator) StdoutLine: {'line': b'-- Looking for gz-utils2 -- found version 2.2.0\n'}
[2.658248] (uav_simulator) StdoutLine: {'line': b'-- Looking for gz-math7 -- found version 7.5.1\n'}
[2.658733] (uav_simulator) StdoutLine: {'line': b'-- Looking for gz-common5 -- found version 5.7.0\n'}
[2.659270] (uav_simulator) StdoutLine: {'line': b'-- Looking for gz-plugin2 -- found version 2.0.3\n'}
[2.659806] (uav_simulator) StdoutLine: {'line': b'-- Looking for gz-transport13 -- found version 13.4.0\n'}
[2.663539] (uav_simulator) StdoutLine: {'line': b'-- Looking for gz-rendering8 -- found version 8.2.1\n'}
[2.663898] (uav_simulator) StdoutLine: {'line': b'-- Searching for dependencies of gz-rendering8\n'}
[2.664253] (uav_simulator) StdoutLine: {'line': b'-- Looking for gz-math7 -- found version 7.5.1\n'}
[2.664473] (uav_simulator) StdoutLine: {'line': b'-- Searching for dependencies of gz-math7\n'}
[2.664830] (uav_simulator) StdoutLine: {'line': b'-- Looking for gz-utils2 -- found version 2.2.0\n'}
[2.665010] (uav_simulator) StdoutLine: {'line': b'-- Searching for <gz-math7> component [eigen3]\n'}
[2.665707] (uav_simulator) StdoutLine: {'line': b'-- Looking for gz-math7-eigen3 -- found version 7.5.1\n'}
[2.665778] (uav_simulator) StdoutLine: {'line': b'-- Searching for dependencies of gz-math7-eigen3\n'}
[2.672425] (uav_simulator) StdoutLine: {'line': b'-- Looking for gz-common5 -- found version 5.7.0\n'}
[2.672581] (uav_simulator) StdoutLine: {'line': b'-- Searching for dependencies of gz-common5\n'}
[2.672700] (uav_simulator) StdoutLine: {'line': b'-- Looking for gz-utils2 -- found version 2.2.0\n'}
[2.672811] (uav_simulator) StdoutLine: {'line': b'-- Looking for dlfcn.h - found\n'}
[2.672889] (uav_simulator) StdoutLine: {'line': b'-- Looking for libdl - found\n'}
[2.677579] (uav_simulator) StdoutLine: {'line': b'-- Searching for <gz-common5> component [graphics]\n'}
[2.677665] (uav_simulator) StdoutLine: {'line': b'-- Searching for <gz-common5> component [events]\n'}
[2.677712] (uav_simulator) StdoutLine: {'line': b'-- Searching for <gz-common5> component [geospatial]\n'}
[2.679487] (uav_simulator) StdoutLine: {'line': b'-- Looking for gz-common5-geospatial -- found version 5.7.0\n'}
[2.679569] (uav_simulator) StdoutLine: {'line': b'-- Searching for dependencies of gz-common5-geospatial\n'}
[2.679755] (uav_simulator) StdoutLine: {'line': b'-- Looking for gz-math7 -- found version 7.5.1\n'}
[2.680181] (uav_simulator) StdoutLine: {'line': b'-- Looking for gz-common5 -- found version 5.7.0\n'}
[2.680843] (uav_simulator) StdoutLine: {'line': b'-- Looking for gz-plugin2 -- found version 2.0.3\n'}
[2.680985] (uav_simulator) StdoutLine: {'line': b'-- Searching for dependencies of gz-plugin2\n'}
[2.681253] (uav_simulator) StdoutLine: {'line': b'-- Looking for gz-utils2 -- found version 2.2.0\n'}
[2.681394] (uav_simulator) StdoutLine: {'line': b'-- Searching for <gz-plugin2> component [all]\n'}
[2.683310] (uav_simulator) StdoutLine: {'line': b'-- Looking for all libraries of gz-plugin2 -- found version 2.0.3\n'}
[2.683713] (uav_simulator) StdoutLine: {'line': b'-- Looking for gz-plugin2 -- found version 2.0.3\n'}
[2.684362] (uav_simulator) StdoutLine: {'line': b'-- Looking for gz-utils2 -- found version 2.2.0\n'}
[2.689866] (uav_simulator) StdoutLine: {'line': b'-- Found OpenGL: /usr/lib/x86_64-linux-gnu/libOpenGL.so  found components: OpenGL \n'}
[2.690938] (uav_simulator) StdoutLine: {'line': b'-- Looking for gz-msgs10 -- found version 10.3.1\n'}
[2.703975] (-) TimerEvent: {}
[2.711986] (uav_simulator) StdoutLine: {'line': b'-- Looking for gz-physics7 -- found version 7.4.0\n'}
[2.712505] (uav_simulator) StdoutLine: {'line': b'-- Searching for dependencies of gz-physics7\n'}
[2.712838] (uav_simulator) StdoutLine: {'line': b'-- Looking for gz-common5 -- found version 5.7.0\n'}
[2.713371] (uav_simulator) StdoutLine: {'line': b'-- Looking for gz-math7 -- found version 7.5.1\n'}
[2.713893] (uav_simulator) StdoutLine: {'line': b'-- Looking for gz-plugin2 -- found version 2.0.3\n'}
[2.714553] (uav_simulator) StdoutLine: {'line': b'-- Looking for gz-utils2 -- found version 2.2.0\n'}
[2.716343] (uav_simulator) StdoutLine: {'line': b'-- Searching for <gz-physics7> component [heightmap]\n'}
[2.720657] (uav_simulator) StdoutLine: {'line': b'-- Looking for gz-physics7-heightmap -- found version 7.4.0\n'}
[2.720897] (uav_simulator) StdoutLine: {'line': b'-- Searching for dependencies of gz-physics7-heightmap\n'}
[2.721432] (uav_simulator) StdoutLine: {'line': b'-- Looking for gz-common5 -- found version 5.7.0\n'}
[2.722207] (uav_simulator) StdoutLine: {'line': b'-- Searching for <gz-physics7> component [mesh]\n'}
[2.726293] (uav_simulator) StdoutLine: {'line': b'-- Looking for gz-physics7-mesh -- found version 7.4.0\n'}
[2.726695] (uav_simulator) StdoutLine: {'line': b'-- Searching for dependencies of gz-physics7-mesh\n'}
[2.727091] (uav_simulator) StdoutLine: {'line': b'-- Looking for gz-common5 -- found version 5.7.0\n'}
[2.727869] (uav_simulator) StdoutLine: {'line': b'-- Searching for <gz-physics7> component [sdf]\n'}
[2.731378] (uav_simulator) StdoutLine: {'line': b'-- Looking for gz-physics7-sdf -- found version 7.4.0\n'}
[2.731746] (uav_simulator) StdoutLine: {'line': b'-- Searching for dependencies of gz-physics7-sdf\n'}
[2.732159] (uav_simulator) StdoutLine: {'line': b'-- Looking for sdformat14 -- found version 14.6.0\n'}
[2.736359] (uav_simulator) StdoutLine: {'line': b'-- Looking for gz-sensors8 -- found version 8.2.1\n'}
[2.736686] (uav_simulator) StdoutLine: {'line': b'-- Searching for dependencies of gz-sensors8\n'}
[2.754981] (uav_simulator) StdoutLine: {'line': b'-- Looking for gz-math7 -- found version 7.5.1\n'}
[2.755167] (uav_simulator) StdoutLine: {'line': b'-- Looking for gz-common5 -- found version 5.7.0\n'}
[2.755468] (uav_simulator) StdoutLine: {'line': b'-- Looking for gz-transport13 -- found version 13.4.0\n'}
[2.755675] (uav_simulator) StdoutLine: {'line': b'-- Looking for gz-rendering8 -- found version 8.2.1\n'}
[2.755989] (uav_simulator) StdoutLine: {'line': b'-- Looking for gz-msgs10 -- found version 10.3.1\n'}
[2.756243] (uav_simulator) StdoutLine: {'line': b'-- Looking for sdformat14 -- found version 14.6.0\n'}
[2.756646] (uav_simulator) StdoutLine: {'line': b'-- Searching for <gz-sensors8> component [air_pressure]\n'}
[2.758698] (uav_simulator) StdoutLine: {'line': b'-- Looking for gz-sensors8-air_pressure -- found version 8.2.1\n'}
[2.758825] (uav_simulator) StdoutLine: {'line': b'-- Searching for dependencies of gz-sensors8-air_pressure\n'}
[2.759299] (uav_simulator) StdoutLine: {'line': b'-- Searching for <gz-sensors8> component [air_speed]\n'}
[2.760973] (uav_simulator) StdoutLine: {'line': b'-- Looking for gz-sensors8-air_speed -- found version 8.2.1\n'}
[2.761145] (uav_simulator) StdoutLine: {'line': b'-- Searching for dependencies of gz-sensors8-air_speed\n'}
[2.761391] (uav_simulator) StdoutLine: {'line': b'-- Searching for <gz-sensors8> component [altimeter]\n'}
[2.763268] (uav_simulator) StdoutLine: {'line': b'-- Looking for gz-sensors8-altimeter -- found version 8.2.1\n'}
[2.763364] (uav_simulator) StdoutLine: {'line': b'-- Searching for dependencies of gz-sensors8-altimeter\n'}
[2.763758] (uav_simulator) StdoutLine: {'line': b'-- Searching for <gz-sensors8> component [imu]\n'}
[2.765390] (uav_simulator) StdoutLine: {'line': b'-- Looking for gz-sensors8-imu -- found version 8.2.1\n'}
[2.765531] (uav_simulator) StdoutLine: {'line': b'-- Searching for dependencies of gz-sensors8-imu\n'}
[2.765883] (uav_simulator) StdoutLine: {'line': b'-- Searching for <gz-sensors8> component [force_torque]\n'}
[2.767923] (uav_simulator) StdoutLine: {'line': b'-- Looking for gz-sensors8-force_torque -- found version 8.2.1\n'}
[2.768051] (uav_simulator) StdoutLine: {'line': b'-- Searching for dependencies of gz-sensors8-force_torque\n'}
[2.768437] (uav_simulator) StdoutLine: {'line': b'-- Searching for <gz-sensors8> component [logical_camera]\n'}
[2.770141] (uav_simulator) StdoutLine: {'line': b'-- Looking for gz-sensors8-logical_camera -- found version 8.2.1\n'}
[2.770277] (uav_simulator) StdoutLine: {'line': b'-- Searching for dependencies of gz-sensors8-logical_camera\n'}
[2.770770] (uav_simulator) StdoutLine: {'line': b'-- Searching for <gz-sensors8> component [magnetometer]\n'}
[2.772506] (uav_simulator) StdoutLine: {'line': b'-- Looking for gz-sensors8-magnetometer -- found version 8.2.1\n'}
[2.772606] (uav_simulator) StdoutLine: {'line': b'-- Searching for dependencies of gz-sensors8-magnetometer\n'}
[2.772966] (uav_simulator) StdoutLine: {'line': b'-- Searching for <gz-sensors8> component [navsat]\n'}
[2.774758] (uav_simulator) StdoutLine: {'line': b'-- Looking for gz-sensors8-navsat -- found version 8.2.1\n'}
[2.774858] (uav_simulator) StdoutLine: {'line': b'-- Searching for dependencies of gz-sensors8-navsat\n'}
[2.775214] (uav_simulator) StdoutLine: {'line': b'-- Searching for <gz-sensors8> component [dvl]\n'}
[2.776972] (uav_simulator) StdoutLine: {'line': b'-- Looking for gz-sensors8-dvl -- found version 8.2.1\n'}
[2.777074] (uav_simulator) StdoutLine: {'line': b'-- Searching for dependencies of gz-sensors8-dvl\n'}
[2.777317] (uav_simulator) StdoutLine: {'line': b'-- Looking for gz-sensors8 -- found version 8.2.1\n'}
[2.777423] (uav_simulator) StdoutLine: {'line': b'-- Searching for dependencies of gz-sensors8\n'}
[2.792588] (uav_simulator) StdoutLine: {'line': b'-- Looking for gz-math7 -- found version 7.5.1\n'}
[2.792788] (uav_simulator) StdoutLine: {'line': b'-- Looking for gz-common5 -- found version 5.7.0\n'}
[2.793099] (uav_simulator) StdoutLine: {'line': b'-- Looking for gz-transport13 -- found version 13.4.0\n'}
[2.793307] (uav_simulator) StdoutLine: {'line': b'-- Looking for gz-rendering8 -- found version 8.2.1\n'}
[2.793575] (uav_simulator) StdoutLine: {'line': b'-- Looking for gz-msgs10 -- found version 10.3.1\n'}
[2.793857] (uav_simulator) StdoutLine: {'line': b'-- Looking for sdformat14 -- found version 14.6.0\n'}
[2.794039] (uav_simulator) StdoutLine: {'line': b'-- Searching for <gz-sensors8> component [rendering]\n'}
[2.795896] (uav_simulator) StdoutLine: {'line': b'-- Looking for gz-sensors8-rendering -- found version 8.2.1\n'}
[2.796030] (uav_simulator) StdoutLine: {'line': b'-- Searching for dependencies of gz-sensors8-rendering\n'}
[2.796981] (uav_simulator) StdoutLine: {'line': b'-- Searching for <gz-sensors8> component [rendering]\n'}
[2.797062] (uav_simulator) StdoutLine: {'line': b'-- Searching for <gz-sensors8> component [lidar]\n'}
[2.798880] (uav_simulator) StdoutLine: {'line': b'-- Looking for gz-sensors8-lidar -- found version 8.2.1\n'}
[2.798971] (uav_simulator) StdoutLine: {'line': b'-- Searching for dependencies of gz-sensors8-lidar\n'}
[2.799194] (uav_simulator) StdoutLine: {'line': b'-- Looking for gz-sensors8 -- found version 8.2.1\n'}
[2.799635] (uav_simulator) StdoutLine: {'line': b'-- Searching for <gz-sensors8> component [gpu_lidar]\n'}
[2.801327] (uav_simulator) StdoutLine: {'line': b'-- Looking for gz-sensors8-gpu_lidar -- found version 8.2.1\n'}
[2.801414] (uav_simulator) StdoutLine: {'line': b'-- Searching for dependencies of gz-sensors8-gpu_lidar\n'}
[2.801644] (uav_simulator) StdoutLine: {'line': b'-- Looking for gz-sensors8 -- found version 8.2.1\n'}
[2.802051] (uav_simulator) StdoutLine: {'line': b'-- Searching for <gz-sensors8> component [camera]\n'}
[2.803888] (uav_simulator) StdoutLine: {'line': b'-- Looking for gz-sensors8-camera -- found version 8.2.1\n'}
[2.803968] (uav_simulator) StdoutLine: {'line': b'-- Searching for dependencies of gz-sensors8-camera\n'}
[2.804015] (-) TimerEvent: {}
[2.804333] (uav_simulator) StdoutLine: {'line': b'-- Looking for gz-sensors8 -- found version 8.2.1\n'}
[2.804861] (uav_simulator) StdoutLine: {'line': b'-- Searching for <gz-sensors8> component [boundingbox_camera]\n'}
[2.806703] (uav_simulator) StdoutLine: {'line': b'-- Looking for gz-sensors8-boundingbox_camera -- found version 8.2.1\n'}
[2.806810] (uav_simulator) StdoutLine: {'line': b'-- Searching for dependencies of gz-sensors8-boundingbox_camera\n'}
[2.807201] (uav_simulator) StdoutLine: {'line': b'-- Searching for <gz-sensors8> component [segmentation_camera]\n'}
[2.808978] (uav_simulator) StdoutLine: {'line': b'-- Looking for gz-sensors8-segmentation_camera -- found version 8.2.1\n'}
[2.809063] (uav_simulator) StdoutLine: {'line': b'-- Searching for dependencies of gz-sensors8-segmentation_camera\n'}
[2.809433] (uav_simulator) StdoutLine: {'line': b'-- Searching for <gz-sensors8> component [depth_camera]\n'}
[2.811208] (uav_simulator) StdoutLine: {'line': b'-- Looking for gz-sensors8-depth_camera -- found version 8.2.1\n'}
[2.811304] (uav_simulator) StdoutLine: {'line': b'-- Searching for dependencies of gz-sensors8-depth_camera\n'}
[2.811553] (uav_simulator) StdoutLine: {'line': b'-- Looking for gz-sensors8 -- found version 8.2.1\n'}
[2.812056] (uav_simulator) StdoutLine: {'line': b'-- Searching for <gz-sensors8> component [rgbd_camera]\n'}
[2.813845] (uav_simulator) StdoutLine: {'line': b'-- Looking for gz-sensors8-rgbd_camera -- found version 8.2.1\n'}
[2.813939] (uav_simulator) StdoutLine: {'line': b'-- Searching for dependencies of gz-sensors8-rgbd_camera\n'}
[2.814153] (uav_simulator) StdoutLine: {'line': b'-- Looking for gz-sensors8 -- found version 8.2.1\n'}
[2.814607] (uav_simulator) StdoutLine: {'line': b'-- Searching for <gz-sensors8> component [thermal_camera]\n'}
[2.816287] (uav_simulator) StdoutLine: {'line': b'-- Looking for gz-sensors8-thermal_camera -- found version 8.2.1\n'}
[2.816386] (uav_simulator) StdoutLine: {'line': b'-- Searching for dependencies of gz-sensors8-thermal_camera\n'}
[2.816640] (uav_simulator) StdoutLine: {'line': b'-- Looking for gz-sensors8 -- found version 8.2.1\n'}
[2.817132] (uav_simulator) StdoutLine: {'line': b'-- Searching for <gz-sensors8> component [wide_angle_camera]\n'}
[2.818935] (uav_simulator) StdoutLine: {'line': b'-- Looking for gz-sensors8-wide_angle_camera -- found version 8.2.1\n'}
[2.819028] (uav_simulator) StdoutLine: {'line': b'-- Searching for dependencies of gz-sensors8-wide_angle_camera\n'}
[2.819791] (uav_simulator) StdoutLine: {'line': b'-- Looking for gz-rendering8 -- found version 8.2.1\n'}
[2.820003] (uav_simulator) StdoutLine: {'line': b'-- Looking for gz-math7 -- found version 7.5.1\n'}
[2.820280] (uav_simulator) StdoutLine: {'line': b'-- Looking for gz-utils2 -- found version 2.2.0\n'}
[2.837187] (uav_simulator) StdoutLine: {'line': b'-- Found geometry_msgs: 5.3.5 (/opt/ros/jazzy/share/geometry_msgs/cmake)\n'}
[2.860573] (uav_simulator) StdoutLine: {'line': b'-- Found nav_msgs: 5.3.5 (/opt/ros/jazzy/share/nav_msgs/cmake)\n'}
[2.878392] (uav_simulator) StdoutLine: {'line': b'-- Found maneuver: 0.1.0 (/ros_ws/src/install/maneuver/share/maneuver/cmake)\n'}
[2.904184] (-) TimerEvent: {}
[2.976319] (uav_simulator) StdoutLine: {'line': b'-- Configuring done (2.5s)\n'}
[3.004503] (uav_simulator) StdoutLine: {'line': b'-- Generating done (0.0s)\n'}
[3.004788] (-) TimerEvent: {}
[3.016064] (uav_simulator) StdoutLine: {'line': b'-- Build files have been written to: /ros_ws/src/build/uav_simulator\n'}
[3.032900] (uav_simulator) CommandEnded: {'returncode': 0}
[3.033522] (uav_simulator) JobProgress: {'identifier': 'uav_simulator', 'progress': 'build'}
[3.034010] (uav_simulator) Command: {'cmd': ['/usr/bin/cmake', '--build', '/ros_ws/src/build/uav_simulator', '--', '-j16', '-l16'], 'cwd': '/ros_ws/src/build/uav_simulator', 'env': OrderedDict({'HOSTNAME': 'ADUAED19005LPLX', 'SHLVL': '1', 'LD_LIBRARY_PATH': '/ros_ws/src/install/maneuver/lib:/ros_ws/src/install/libkdtp/lib:/ros_ws/install/uav_simulator/lib:/ros_ws/install/my_ros2_package/lib:/ros_ws/install/controller/lib:/ros_ws/install/maneuver/lib:/ros_ws/install/libkdtp/lib:/opt/ros/jazzy/opt/rviz_ogre_vendor/lib:/opt/ros/jazzy/lib/x86_64-linux-gnu:/opt/ros/jazzy/opt/gz_math_vendor/lib:/opt/ros/jazzy/opt/gz_utils_vendor/lib:/opt/ros/jazzy/opt/gz_cmake_vendor/lib:/opt/ros/jazzy/lib', 'HOME': '/root', 'OLDPWD': '/ros_ws/src/firmware/launch', 'ROS_PYTHON_VERSION': '3', 'COLCON_PREFIX_PATH': '/ros_ws/install', 'ROS_DISTRO': 'jazzy', '_': '/usr/bin/colcon', 'ROS_VERSION': '2', 'TERM': 'xterm', 'PATH': '/opt/ros/jazzy/bin:/usr/local/sbin:/usr/local/bin:/usr/sbin:/usr/bin:/sbin:/bin', 'LANG': 'C.UTF-8', 'LS_COLORS': 'rs=0:di=01;34:ln=01;36:mh=00:pi=40;33:so=01;35:do=01;35:bd=40;33;01:cd=40;33;01:or=40;31;01:mi=00:su=37;41:sg=30;43:ca=00:tw=30;42:ow=34;42:st=37;44:ex=01;32:*.tar=01;31:*.tgz=01;31:*.arc=01;31:*.arj=01;31:*.taz=01;31:*.lha=01;31:*.lz4=01;31:*.lzh=01;31:*.lzma=01;31:*.tlz=01;31:*.txz=01;31:*.tzo=01;31:*.t7z=01;31:*.zip=01;31:*.z=01;31:*.dz=01;31:*.gz=01;31:*.lrz=01;31:*.lz=01;31:*.lzo=01;31:*.xz=01;31:*.zst=01;31:*.tzst=01;31:*.bz2=01;31:*.bz=01;31:*.tbz=01;31:*.tbz2=01;31:*.tz=01;31:*.deb=01;31:*.rpm=01;31:*.jar=01;31:*.war=01;31:*.ear=01;31:*.sar=01;31:*.rar=01;31:*.alz=01;31:*.ace=01;31:*.zoo=01;31:*.cpio=01;31:*.7z=01;31:*.rz=01;31:*.cab=01;31:*.wim=01;31:*.swm=01;31:*.dwm=01;31:*.esd=01;31:*.avif=01;35:*.jpg=01;35:*.jpeg=01;35:*.mjpg=01;35:*.mjpeg=01;35:*.gif=01;35:*.bmp=01;35:*.pbm=01;35:*.pgm=01;35:*.ppm=01;35:*.tga=01;35:*.xbm=01;35:*.xpm=01;35:*.tif=01;35:*.tiff=01;35:*.png=01;35:*.svg=01;35:*.svgz=01;35:*.mng=01;35:*.pcx=01;35:*.mov=01;35:*.mpg=01;35:*.mpeg=01;35:*.m2v=01;35:*.mkv=01;35:*.webm=01;35:*.webp=01;35:*.ogm=01;35:*.mp4=01;35:*.m4v=01;35:*.mp4v=01;35:*.vob=01;35:*.qt=01;35:*.nuv=01;35:*.wmv=01;35:*.asf=01;35:*.rm=01;35:*.rmvb=01;35:*.flc=01;35:*.avi=01;35:*.fli=01;35:*.flv=01;35:*.gl=01;35:*.dl=01;35:*.xcf=01;35:*.xwd=01;35:*.yuv=01;35:*.cgm=01;35:*.emf=01;35:*.ogv=01;35:*.ogx=01;35:*.aac=00;36:*.au=00;36:*.flac=00;36:*.m4a=00;36:*.mid=00;36:*.midi=00;36:*.mka=00;36:*.mp3=00;36:*.mpc=00;36:*.ogg=00;36:*.ra=00;36:*.wav=00;36:*.oga=00;36:*.opus=00;36:*.spx=00;36:*.xspf=00;36:*~=00;90:*#=00;90:*.bak=00;90:*.crdownload=00;90:*.dpkg-dist=00;90:*.dpkg-new=00;90:*.dpkg-old=00;90:*.dpkg-tmp=00;90:*.old=00;90:*.orig=00;90:*.part=00;90:*.rej=00;90:*.rpmnew=00;90:*.rpmorig=00;90:*.rpmsave=00;90:*.swp=00;90:*.tmp=00;90:*.ucf-dist=00;90:*.ucf-new=00;90:*.ucf-old=00;90:', 'AMENT_PREFIX_PATH': '/ros_ws/src/install/maneuver:/ros_ws/src/install/libkdtp:/ros_ws/install/uav_simulator:/ros_ws/install/my_ros2_package:/ros_ws/install/controller:/ros_ws/install/maneuver:/ros_ws/install/libkdtp:/opt/ros/jazzy', 'DEBIAN_FRONTEND': 'noninteractive', 'ROS_AUTOMATIC_DISCOVERY_RANGE': 'SUBNET', 'PWD': '/ros_ws/src/build/uav_simulator', 'LC_ALL': 'C.UTF-8', 'PYTHONPATH': '/ros_ws/src/install/maneuver/lib/python3.12/site-packages:/ros_ws/install/my_ros2_package/lib/python3.12/site-packages:/ros_ws/install/controller/lib/python3.12/site-packages:/ros_ws/install/maneuver/lib/python3.12/site-packages:/opt/ros/jazzy/lib/python3.12/site-packages', 'COLCON': '1', 'CMAKE_PREFIX_PATH': '/ros_ws/src/install/maneuver:/ros_ws/src/install/libkdtp:/ros_ws/install/uav_simulator:/ros_ws/install/my_ros2_package:/ros_ws/install/controller:/ros_ws/install/maneuver:/ros_ws/install/libkdtp:/opt/ros/jazzy/opt/gz_math_vendor:/opt/ros/jazzy/opt/gz_utils_vendor:/opt/ros/jazzy/opt/gz_cmake_vendor:/opt/ros/jazzy'}), 'shell': False}
[3.102855] (uav_simulator) StdoutLine: {'line': b'[ 25%] \x1b[32mBuilding CXX object CMakeFiles/BetaMotorPlugin.dir/src/beta_motor_plugin.cpp.o\x1b[0m\n'}
[3.103656] (uav_simulator) StdoutLine: {'line': b'[ 50%] \x1b[32mBuilding CXX object CMakeFiles/OdometrySensor.dir/src/odometry_plugin.cpp.o\x1b[0m\n'}
[3.104974] (-) TimerEvent: {}
[3.184866] (controller) StdoutLine: {'line': b'-- Using all available rosidl_typesupport_c: rosidl_typesupport_fastrtps_c;rosidl_typesupport_introspection_c\n'}
[3.205122] (-) TimerEvent: {}
[3.305436] (-) TimerEvent: {}
[3.402644] (controller) StdoutLine: {'line': b'-- Using all available rosidl_typesupport_cpp: rosidl_typesupport_fastrtps_cpp;rosidl_typesupport_introspection_cpp\n'}
[3.404859] (controller) StdoutLine: {'line': b'-- Found python_cmake_module: 0.11.1 (/opt/ros/jazzy/share/python_cmake_module/cmake)\n'}
[3.405507] (-) TimerEvent: {}
[3.495473] (controller) StdoutLine: {'line': b'-- Found PythonExtra: /usr/bin/python3  \n'}
[3.505648] (-) TimerEvent: {}
[3.605952] (-) TimerEvent: {}
[3.706240] (-) TimerEvent: {}
[3.783105] (controller) StdoutLine: {'line': b'-- Found Python3: /usr/bin/python3 (found version "3.12.3") found components: Interpreter Development NumPy Development.Module Development.Embed \n'}
[3.806385] (-) TimerEvent: {}
[3.827807] (controller) StdoutLine: {'line': b'-- Configuring done (3.4s)\n'}
[3.861331] (controller) StdoutLine: {'line': b'-- Generating done (0.0s)\n'}
[3.870570] (controller) StdoutLine: {'line': b'-- Build files have been written to: /ros_ws/src/build/controller\n'}
[3.879651] (controller) CommandEnded: {'returncode': 0}
[3.879896] (controller) JobProgress: {'identifier': 'controller', 'progress': 'build'}
[3.880133] (controller) Command: {'cmd': ['/usr/bin/cmake', '--build', '/ros_ws/src/build/controller', '--', '-j16', '-l16'], 'cwd': '/ros_ws/src/build/controller', 'env': OrderedDict({'HOSTNAME': 'ADUAED19005LPLX', 'SHLVL': '1', 'LD_LIBRARY_PATH': '/ros_ws/src/install/maneuver/lib:/ros_ws/src/install/libkdtp/lib:/ros_ws/install/uav_simulator/lib:/ros_ws/install/my_ros2_package/lib:/ros_ws/install/controller/lib:/ros_ws/install/maneuver/lib:/ros_ws/install/libkdtp/lib:/opt/ros/jazzy/opt/rviz_ogre_vendor/lib:/opt/ros/jazzy/lib/x86_64-linux-gnu:/opt/ros/jazzy/opt/gz_math_vendor/lib:/opt/ros/jazzy/opt/gz_utils_vendor/lib:/opt/ros/jazzy/opt/gz_cmake_vendor/lib:/opt/ros/jazzy/lib', 'HOME': '/root', 'OLDPWD': '/ros_ws/src/firmware/launch', 'ROS_PYTHON_VERSION': '3', 'COLCON_PREFIX_PATH': '/ros_ws/install', 'ROS_DISTRO': 'jazzy', '_': '/usr/bin/colcon', 'ROS_VERSION': '2', 'TERM': 'xterm', 'PATH': '/opt/ros/jazzy/bin:/usr/local/sbin:/usr/local/bin:/usr/sbin:/usr/bin:/sbin:/bin', 'LANG': 'C.UTF-8', 'LS_COLORS': 'rs=0:di=01;34:ln=01;36:mh=00:pi=40;33:so=01;35:do=01;35:bd=40;33;01:cd=40;33;01:or=40;31;01:mi=00:su=37;41:sg=30;43:ca=00:tw=30;42:ow=34;42:st=37;44:ex=01;32:*.tar=01;31:*.tgz=01;31:*.arc=01;31:*.arj=01;31:*.taz=01;31:*.lha=01;31:*.lz4=01;31:*.lzh=01;31:*.lzma=01;31:*.tlz=01;31:*.txz=01;31:*.tzo=01;31:*.t7z=01;31:*.zip=01;31:*.z=01;31:*.dz=01;31:*.gz=01;31:*.lrz=01;31:*.lz=01;31:*.lzo=01;31:*.xz=01;31:*.zst=01;31:*.tzst=01;31:*.bz2=01;31:*.bz=01;31:*.tbz=01;31:*.tbz2=01;31:*.tz=01;31:*.deb=01;31:*.rpm=01;31:*.jar=01;31:*.war=01;31:*.ear=01;31:*.sar=01;31:*.rar=01;31:*.alz=01;31:*.ace=01;31:*.zoo=01;31:*.cpio=01;31:*.7z=01;31:*.rz=01;31:*.cab=01;31:*.wim=01;31:*.swm=01;31:*.dwm=01;31:*.esd=01;31:*.avif=01;35:*.jpg=01;35:*.jpeg=01;35:*.mjpg=01;35:*.mjpeg=01;35:*.gif=01;35:*.bmp=01;35:*.pbm=01;35:*.pgm=01;35:*.ppm=01;35:*.tga=01;35:*.xbm=01;35:*.xpm=01;35:*.tif=01;35:*.tiff=01;35:*.png=01;35:*.svg=01;35:*.svgz=01;35:*.mng=01;35:*.pcx=01;35:*.mov=01;35:*.mpg=01;35:*.mpeg=01;35:*.m2v=01;35:*.mkv=01;35:*.webm=01;35:*.webp=01;35:*.ogm=01;35:*.mp4=01;35:*.m4v=01;35:*.mp4v=01;35:*.vob=01;35:*.qt=01;35:*.nuv=01;35:*.wmv=01;35:*.asf=01;35:*.rm=01;35:*.rmvb=01;35:*.flc=01;35:*.avi=01;35:*.fli=01;35:*.flv=01;35:*.gl=01;35:*.dl=01;35:*.xcf=01;35:*.xwd=01;35:*.yuv=01;35:*.cgm=01;35:*.emf=01;35:*.ogv=01;35:*.ogx=01;35:*.aac=00;36:*.au=00;36:*.flac=00;36:*.m4a=00;36:*.mid=00;36:*.midi=00;36:*.mka=00;36:*.mp3=00;36:*.mpc=00;36:*.ogg=00;36:*.ra=00;36:*.wav=00;36:*.oga=00;36:*.opus=00;36:*.spx=00;36:*.xspf=00;36:*~=00;90:*#=00;90:*.bak=00;90:*.crdownload=00;90:*.dpkg-dist=00;90:*.dpkg-new=00;90:*.dpkg-old=00;90:*.dpkg-tmp=00;90:*.old=00;90:*.orig=00;90:*.part=00;90:*.rej=00;90:*.rpmnew=00;90:*.rpmorig=00;90:*.rpmsave=00;90:*.swp=00;90:*.tmp=00;90:*.ucf-dist=00;90:*.ucf-new=00;90:*.ucf-old=00;90:', 'AMENT_PREFIX_PATH': '/ros_ws/src/install/maneuver:/ros_ws/src/install/libkdtp:/ros_ws/install/uav_simulator:/ros_ws/install/my_ros2_package:/ros_ws/install/controller:/ros_ws/install/maneuver:/ros_ws/install/libkdtp:/opt/ros/jazzy', 'DEBIAN_FRONTEND': 'noninteractive', 'ROS_AUTOMATIC_DISCOVERY_RANGE': 'SUBNET', 'PWD': '/ros_ws/src/build/controller', 'LC_ALL': 'C.UTF-8', 'PYTHONPATH': '/ros_ws/src/install/maneuver/lib/python3.12/site-packages:/ros_ws/install/my_ros2_package/lib/python3.12/site-packages:/ros_ws/install/controller/lib/python3.12/site-packages:/ros_ws/install/maneuver/lib/python3.12/site-packages:/opt/ros/jazzy/lib/python3.12/site-packages', 'COLCON': '1', 'CMAKE_PREFIX_PATH': '/ros_ws/src/install/maneuver:/ros_ws/src/install/libkdtp:/ros_ws/install/uav_simulator:/ros_ws/install/my_ros2_package:/ros_ws/install/controller:/ros_ws/install/maneuver:/ros_ws/install/libkdtp:/opt/ros/jazzy/opt/gz_math_vendor:/opt/ros/jazzy/opt/gz_utils_vendor:/opt/ros/jazzy/opt/gz_cmake_vendor:/opt/ros/jazzy'}), 'shell': False}
[3.906505] (-) TimerEvent: {}
[3.913315] (controller) StdoutLine: {'line': b'[  1%] \x1b[34m\x1b[1mGenerating type hashes for ROS interfaces\x1b[0m\n'}
[3.918486] (controller) StdoutLine: {'line': b'[  1%] Built target ament_cmake_python_copy_controller\n'}
[4.006592] (-) TimerEvent: {}
[4.048793] (controller) StdoutLine: {'line': b'running egg_info\n'}
[4.049589] (controller) StdoutLine: {'line': b'creating controller.egg-info\n'}
[4.061302] (controller) StdoutLine: {'line': b'writing controller.egg-info/PKG-INFO\n'}
[4.061506] (controller) StdoutLine: {'line': b'writing dependency_links to controller.egg-info/dependency_links.txt\n'}
[4.061602] (controller) StdoutLine: {'line': b'writing top-level names to controller.egg-info/top_level.txt\n'}
[4.061683] (controller) StdoutLine: {'line': b"writing manifest file 'controller.egg-info/SOURCES.txt'\n"}
[4.086538] (controller) StdoutLine: {'line': b'[  1%] Built target controller__rosidl_generator_type_description\n'}
[4.092793] (controller) StdoutLine: {'line': b'[  2%] \x1b[34m\x1b[1mGenerating C code for ROS interfaces\x1b[0m\n'}
[4.096101] (controller) StdoutLine: {'line': b"reading manifest file 'controller.egg-info/SOURCES.txt'\n"}
[4.096613] (controller) StdoutLine: {'line': b"writing manifest file 'controller.egg-info/SOURCES.txt'\n"}
[4.099200] (controller) StdoutLine: {'line': b'[  3%] \x1b[34m\x1b[1mGenerating C++ code for ROS interfaces\x1b[0m\n'}
[4.106681] (-) TimerEvent: {}
[4.116580] (controller) StdoutLine: {'line': b'[  3%] Built target ament_cmake_python_build_controller_egg\n'}
[4.206778] (-) TimerEvent: {}
[4.307015] (-) TimerEvent: {}
[4.407252] (-) TimerEvent: {}
[4.449669] (controller) StdoutLine: {'line': b'[  3%] Built target controller__cpp\n'}
[4.507403] (-) TimerEvent: {}
[4.521856] (controller) StdoutLine: {'line': b'[  4%] \x1b[32mBuilding C object CMakeFiles/controller__rosidl_generator_c.dir/rosidl_generator_c/controller/msg/detail/motor_speed__description.c.o\x1b[0m\n'}
[4.522320] (controller) StdoutLine: {'line': b'[  6%] \x1b[32mBuilding C object CMakeFiles/controller__rosidl_generator_c.dir/rosidl_generator_c/controller/msg/detail/motor_speed__type_support.c.o\x1b[0m\n'}
[4.522505] (controller) StdoutLine: {'line': b'[  8%] \x1b[32mBuilding C object CMakeFiles/controller__rosidl_generator_c.dir/rosidl_generator_c/controller/msg/detail/pose__description.c.o\x1b[0m\n'}
[4.522953] (controller) StdoutLine: {'line': b'[  9%] \x1b[32mBuilding C object CMakeFiles/controller__rosidl_generator_c.dir/rosidl_generator_c/controller/msg/detail/pose__functions.c.o\x1b[0m\n'}
[4.523148] (controller) StdoutLine: {'line': b'[ 10%] \x1b[32mBuilding C object CMakeFiles/controller__rosidl_generator_c.dir/rosidl_generator_c/controller/msg/detail/uvector__description.c.o\x1b[0m\n'}
[4.523249] (controller) StdoutLine: {'line': b'[ 11%] \x1b[32mBuilding C object CMakeFiles/controller__rosidl_generator_c.dir/rosidl_generator_c/controller/msg/detail/uvector__functions.c.o\x1b[0m\n'}
[4.523397] (controller) StdoutLine: {'line': b'[ 12%] \x1b[32mBuilding C object CMakeFiles/controller__rosidl_generator_c.dir/rosidl_generator_c/controller/msg/detail/uvector__type_support.c.o\x1b[0m\n'}
[4.523484] (controller) StdoutLine: {'line': b'[ 13%] \x1b[32mBuilding C object CMakeFiles/controller__rosidl_generator_c.dir/rosidl_generator_c/controller/msg/detail/error_msg__description.c.o\x1b[0m\n'}
[4.523567] (controller) StdoutLine: {'line': b'[ 16%] \x1b[32mBuilding C object CMakeFiles/controller__rosidl_generator_c.dir/rosidl_generator_c/controller/msg/detail/error_msg__functions.c.o\x1b[0m\n'}
[4.523621] (controller) StdoutLine: {'line': b'[ 16%] \x1b[32mBuilding C object CMakeFiles/controller__rosidl_generator_c.dir/rosidl_generator_c/controller/msg/detail/pose__type_support.c.o\x1b[0m\n'}
[4.523745] (controller) StdoutLine: {'line': b'[ 17%] \x1b[32mBuilding C object CMakeFiles/controller__rosidl_generator_c.dir/rosidl_generator_c/controller/srv/detail/angular_wrench__description.c.o\x1b[0m\n'}
[4.524054] (controller) StdoutLine: {'line': b'[ 17%] \x1b[32mBuilding C object CMakeFiles/controller__rosidl_generator_c.dir/rosidl_generator_c/controller/msg/detail/motor_speed__functions.c.o\x1b[0m\n'}
[4.524558] (controller) StdoutLine: {'line': b'[ 18%] \x1b[32mBuilding C object CMakeFiles/controller__rosidl_generator_c.dir/rosidl_generator_c/controller/srv/detail/angular_wrench__functions.c.o\x1b[0m\n'}
[4.529473] (controller) StdoutLine: {'line': b'[ 20%] \x1b[32mBuilding C object CMakeFiles/controller__rosidl_generator_c.dir/rosidl_generator_c/controller/srv/detail/linear_wrench__description.c.o\x1b[0m\n'}
[4.530341] (controller) StdoutLine: {'line': b'[ 20%] \x1b[32mBuilding C object CMakeFiles/controller__rosidl_generator_c.dir/rosidl_generator_c/controller/srv/detail/angular_wrench__type_support.c.o\x1b[0m\n'}
[4.530557] (controller) StdoutLine: {'line': b'[ 22%] \x1b[32mBuilding C object CMakeFiles/controller__rosidl_generator_c.dir/rosidl_generator_c/controller/msg/detail/error_msg__type_support.c.o\x1b[0m\n'}
[4.563372] (controller) StdoutLine: {'line': b'[ 23%] \x1b[32mBuilding C object CMakeFiles/controller__rosidl_generator_c.dir/rosidl_generator_c/controller/srv/detail/linear_wrench__functions.c.o\x1b[0m\n'}
[4.564956] (controller) StdoutLine: {'line': b'[ 24%] \x1b[32mBuilding C object CMakeFiles/controller__rosidl_generator_c.dir/rosidl_generator_c/controller/srv/detail/linear_wrench__type_support.c.o\x1b[0m\n'}
[4.607557] (-) TimerEvent: {}
[4.618864] (controller) StdoutLine: {'line': b'[ 25%] \x1b[32m\x1b[1mLinking C shared library libcontroller__rosidl_generator_c.so\x1b[0m\n'}
[4.644096] (controller) StdoutLine: {'line': b'[ 25%] Built target controller__rosidl_generator_c\n'}
[4.651382] (controller) StdoutLine: {'line': b'[ 32%] \x1b[34m\x1b[1mGenerating C++ introspection for ROS interfaces\x1b[0m\n'}
[4.651622] (controller) StdoutLine: {'line': b'[ 32%] \x1b[34m\x1b[1mGenerating C++ type support for eProsima Fast-RTPS\x1b[0m\n'}
[4.651696] (controller) StdoutLine: {'line': b'[ 32%] \x1b[34m\x1b[1mGenerating C type support dispatch for ROS interfaces\x1b[0m\n'}
[4.651765] (controller) StdoutLine: {'line': b'[ 32%] \x1b[34m\x1b[1mGenerating C++ type support dispatch for ROS interfaces\x1b[0m\n'}
[4.651833] (controller) StdoutLine: {'line': b'[ 32%] \x1b[34m\x1b[1mGenerating C introspection for ROS interfaces\x1b[0m\n'}
[4.651900] (controller) StdoutLine: {'line': b'[ 32%] \x1b[34m\x1b[1mGenerating C type support for eProsima Fast-RTPS\x1b[0m\n'}
[4.707647] (-) TimerEvent: {}
[4.807930] (-) TimerEvent: {}
[4.889693] (controller) StdoutLine: {'line': b'[ 33%] \x1b[32mBuilding CXX object CMakeFiles/controller__rosidl_typesupport_c.dir/rosidl_typesupport_c/controller/srv/linear_wrench__type_support.cpp.o\x1b[0m\n'}
[4.890564] (controller) StdoutLine: {'line': b'[ 37%] \x1b[32mBuilding CXX object CMakeFiles/controller__rosidl_typesupport_c.dir/rosidl_typesupport_c/controller/msg/uvector__type_support.cpp.o\x1b[0m\n'}
[4.890754] (controller) StdoutLine: {'line': b'[ 37%] \x1b[32mBuilding CXX object CMakeFiles/controller__rosidl_typesupport_c.dir/rosidl_typesupport_c/controller/msg/pose__type_support.cpp.o\x1b[0m\n'}
[4.890876] (controller) StdoutLine: {'line': b'[ 39%] \x1b[32mBuilding CXX object CMakeFiles/controller__rosidl_typesupport_c.dir/rosidl_typesupport_c/controller/srv/angular_wrench__type_support.cpp.o\x1b[0m\n'}
[4.890967] (controller) StdoutLine: {'line': b'[ 39%] \x1b[32mBuilding CXX object CMakeFiles/controller__rosidl_typesupport_c.dir/rosidl_typesupport_c/controller/msg/error_msg__type_support.cpp.o\x1b[0m\n'}
[4.891115] (controller) StdoutLine: {'line': b'[ 37%] \x1b[32mBuilding CXX object CMakeFiles/controller__rosidl_typesupport_c.dir/rosidl_typesupport_c/controller/msg/motor_speed__type_support.cpp.o\x1b[0m\n'}
[4.908025] (-) TimerEvent: {}
[4.943088] (controller) StdoutLine: {'line': b'[ 40%] \x1b[32m\x1b[1mLinking CXX shared library libcontroller__rosidl_typesupport_c.so\x1b[0m\n'}
[4.972610] (controller) StdoutLine: {'line': b'[ 40%] Built target controller__rosidl_typesupport_c\n'}
[4.986569] (controller) StdoutLine: {'line': b'[ 44%] \x1b[32mBuilding C object CMakeFiles/controller__rosidl_typesupport_introspection_c.dir/rosidl_typesupport_introspection_c/controller/srv/detail/angular_wrench__type_support.c.o\x1b[0m\n'}
[4.986786] (controller) StdoutLine: {'line': b'[ 44%] \x1b[32mBuilding C object CMakeFiles/controller__rosidl_typesupport_introspection_c.dir/rosidl_typesupport_introspection_c/controller/srv/detail/linear_wrench__type_support.c.o\x1b[0m\n'}
[4.986868] (controller) StdoutLine: {'line': b'[ 44%] \x1b[32mBuilding C object CMakeFiles/controller__rosidl_typesupport_introspection_c.dir/rosidl_typesupport_introspection_c/controller/msg/detail/error_msg__type_support.c.o\x1b[0m\n'}
[4.987356] (controller) StdoutLine: {'line': b'[ 45%] \x1b[32mBuilding C object CMakeFiles/controller__rosidl_typesupport_introspection_c.dir/rosidl_typesupport_introspection_c/controller/msg/detail/motor_speed__type_support.c.o\x1b[0m\n'}
[4.987565] (controller) StdoutLine: {'line': b'[ 47%] \x1b[32mBuilding C object CMakeFiles/controller__rosidl_typesupport_introspection_c.dir/rosidl_typesupport_introspection_c/controller/msg/detail/pose__type_support.c.o\x1b[0m\n'}
[4.987660] (controller) StdoutLine: {'line': b'[ 47%] \x1b[32mBuilding C object CMakeFiles/controller__rosidl_typesupport_introspection_c.dir/rosidl_typesupport_introspection_c/controller/msg/detail/uvector__type_support.c.o\x1b[0m\n'}
[5.008129] (-) TimerEvent: {}
[5.039140] (controller) StdoutLine: {'line': b'[ 48%] \x1b[32m\x1b[1mLinking C shared library libcontroller__rosidl_typesupport_introspection_c.so\x1b[0m\n'}
[5.059883] (controller) StdoutLine: {'line': b'[ 55%] \x1b[32mBuilding CXX object CMakeFiles/controller__rosidl_typesupport_fastrtps_cpp.dir/rosidl_typesupport_fastrtps_cpp/controller/msg/detail/dds_fastrtps/error_msg__type_support.cpp.o\x1b[0m\n'}
[5.060143] (controller) StdoutLine: {'line': b'[ 55%] \x1b[32mBuilding CXX object CMakeFiles/controller__rosidl_typesupport_fastrtps_cpp.dir/rosidl_typesupport_fastrtps_cpp/controller/srv/detail/dds_fastrtps/linear_wrench__type_support.cpp.o\x1b[0m\n'}
[5.060260] (controller) StdoutLine: {'line': b'[ 55%] \x1b[32mBuilding CXX object CMakeFiles/controller__rosidl_typesupport_fastrtps_cpp.dir/rosidl_typesupport_fastrtps_cpp/controller/msg/detail/dds_fastrtps/uvector__type_support.cpp.o\x1b[0m\n'}
[5.060350] (controller) StdoutLine: {'line': b'[ 55%] \x1b[32mBuilding CXX object CMakeFiles/controller__rosidl_typesupport_fastrtps_cpp.dir/rosidl_typesupport_fastrtps_cpp/controller/msg/detail/dds_fastrtps/pose__type_support.cpp.o\x1b[0m\n'}
[5.060431] (controller) StdoutLine: {'line': b'[ 55%] \x1b[32mBuilding CXX object CMakeFiles/controller__rosidl_typesupport_fastrtps_cpp.dir/rosidl_typesupport_fastrtps_cpp/controller/srv/detail/dds_fastrtps/angular_wrench__type_support.cpp.o\x1b[0m\n'}
[5.060513] (controller) StdoutLine: {'line': b'[ 55%] \x1b[32mBuilding CXX object CMakeFiles/controller__rosidl_typesupport_fastrtps_cpp.dir/rosidl_typesupport_fastrtps_cpp/controller/msg/detail/dds_fastrtps/motor_speed__type_support.cpp.o\x1b[0m\n'}
[5.062377] (controller) StdoutLine: {'line': b'[ 55%] Built target controller__rosidl_typesupport_introspection_c\n'}
[5.094155] (controller) StdoutLine: {'line': b'[ 60%] \x1b[32mBuilding CXX object CMakeFiles/controller__rosidl_typesupport_cpp.dir/rosidl_typesupport_cpp/controller/msg/error_msg__type_support.cpp.o\x1b[0m\n'}
[5.094389] (controller) StdoutLine: {'line': b'[ 60%] \x1b[32mBuilding CXX object CMakeFiles/controller__rosidl_typesupport_cpp.dir/rosidl_typesupport_cpp/controller/msg/pose__type_support.cpp.o\x1b[0m\n'}
[5.094499] (controller) StdoutLine: {'line': b'[ 60%] \x1b[32mBuilding CXX object CMakeFiles/controller__rosidl_typesupport_cpp.dir/rosidl_typesupport_cpp/controller/msg/uvector__type_support.cpp.o\x1b[0m\n'}
[5.094892] (controller) StdoutLine: {'line': b'[ 61%] \x1b[32mBuilding CXX object CMakeFiles/controller__rosidl_typesupport_cpp.dir/rosidl_typesupport_cpp/controller/srv/angular_wrench__type_support.cpp.o\x1b[0m\n'}
[5.095511] (controller) StdoutLine: {'line': b'[ 61%] \x1b[32mBuilding CXX object CMakeFiles/controller__rosidl_typesupport_cpp.dir/rosidl_typesupport_cpp/controller/msg/motor_speed__type_support.cpp.o\x1b[0m\n'}
[5.108229] (-) TimerEvent: {}
[5.110019] (controller) StdoutLine: {'line': b'[ 62%] \x1b[32mBuilding CXX object CMakeFiles/controller__rosidl_typesupport_cpp.dir/rosidl_typesupport_cpp/controller/srv/linear_wrench__type_support.cpp.o\x1b[0m\n'}
[5.208358] (-) TimerEvent: {}
[5.268157] (controller) StdoutLine: {'line': b'[ 65%] \x1b[32mBuilding CXX object CMakeFiles/controller__rosidl_typesupport_fastrtps_c.dir/rosidl_typesupport_fastrtps_c/controller/msg/detail/pose__type_support_c.cpp.o\x1b[0m\n'}
[5.268909] (controller) StdoutLine: {'line': b'[ 65%] \x1b[32mBuilding CXX object CMakeFiles/controller__rosidl_typesupport_fastrtps_c.dir/rosidl_typesupport_fastrtps_c/controller/msg/detail/motor_speed__type_support_c.cpp.o\x1b[0m\n'}
[5.276669] (controller) StdoutLine: {'line': b'[ 66%] \x1b[32mBuilding CXX object CMakeFiles/controller__rosidl_typesupport_fastrtps_c.dir/rosidl_typesupport_fastrtps_c/controller/msg/detail/uvector__type_support_c.cpp.o\x1b[0m\n'}
[5.278362] (controller) StdoutLine: {'line': b'[ 67%] \x1b[32mBuilding CXX object CMakeFiles/controller__rosidl_typesupport_introspection_cpp.dir/rosidl_typesupport_introspection_cpp/controller/msg/detail/motor_speed__type_support.cpp.o\x1b[0m\n'}
[5.308543] (-) TimerEvent: {}
[5.409428] (-) TimerEvent: {}
[5.491475] (controller) StdoutLine: {'line': b'[ 68%] \x1b[32mBuilding CXX object CMakeFiles/controller__rosidl_typesupport_fastrtps_c.dir/rosidl_typesupport_fastrtps_c/controller/msg/detail/error_msg__type_support_c.cpp.o\x1b[0m\n'}
[5.509624] (-) TimerEvent: {}
[5.522229] (controller) StdoutLine: {'line': b'[ 69%] \x1b[32mBuilding CXX object CMakeFiles/controller__rosidl_typesupport_fastrtps_c.dir/rosidl_typesupport_fastrtps_c/controller/srv/detail/angular_wrench__type_support_c.cpp.o\x1b[0m\n'}
[5.548339] (controller) StdoutLine: {'line': b'[ 70%] \x1b[32mBuilding CXX object CMakeFiles/controller__rosidl_typesupport_introspection_cpp.dir/rosidl_typesupport_introspection_cpp/controller/msg/detail/pose__type_support.cpp.o\x1b[0m\n'}
[5.553729] (controller) StdoutLine: {'line': b'[ 72%] \x1b[32mBuilding CXX object CMakeFiles/controller__rosidl_typesupport_fastrtps_c.dir/rosidl_typesupport_fastrtps_c/controller/srv/detail/linear_wrench__type_support_c.cpp.o\x1b[0m\n'}
[5.609708] (-) TimerEvent: {}
[5.644792] (controller) StdoutLine: {'line': b'[ 73%] \x1b[32m\x1b[1mLinking CXX shared library libcontroller__rosidl_typesupport_cpp.so\x1b[0m\n'}
[5.649471] (controller) StdoutLine: {'line': b'[ 74%] \x1b[32mBuilding CXX object CMakeFiles/controller__rosidl_typesupport_introspection_cpp.dir/rosidl_typesupport_introspection_cpp/controller/msg/detail/uvector__type_support.cpp.o\x1b[0m\n'}
[5.709854] (-) TimerEvent: {}
[5.734204] (controller) StdoutLine: {'line': b'[ 75%] \x1b[32mBuilding CXX object CMakeFiles/controller__rosidl_typesupport_introspection_cpp.dir/rosidl_typesupport_introspection_cpp/controller/msg/detail/error_msg__type_support.cpp.o\x1b[0m\n'}
[5.787583] (controller) StdoutLine: {'line': b'[ 76%] \x1b[32mBuilding CXX object CMakeFiles/controller__rosidl_typesupport_introspection_cpp.dir/rosidl_typesupport_introspection_cpp/controller/srv/detail/angular_wrench__type_support.cpp.o\x1b[0m\n'}
[5.798721] (controller) StdoutLine: {'line': b'[ 77%] \x1b[32mBuilding CXX object CMakeFiles/controller__rosidl_typesupport_introspection_cpp.dir/rosidl_typesupport_introspection_cpp/controller/srv/detail/linear_wrench__type_support.cpp.o\x1b[0m\n'}
[5.809963] (-) TimerEvent: {}
[5.868185] (controller) StdoutLine: {'line': b'[ 77%] Built target controller__rosidl_typesupport_cpp\n'}
[5.887564] (controller) StdoutLine: {'line': b'[ 79%] \x1b[32m\x1b[1mLinking CXX shared library libcontroller__rosidl_typesupport_fastrtps_cpp.so\x1b[0m\n'}
[5.888885] (controller) StdoutLine: {'line': b'[ 80%] \x1b[32mBuilding CXX object CMakeFiles/controller_node.dir/src/controller.cpp.o\x1b[0m\n'}
[5.910083] (-) TimerEvent: {}
[5.981056] (controller) StdoutLine: {'line': b'[ 80%] Built target controller__rosidl_typesupport_fastrtps_cpp\n'}
[6.010220] (-) TimerEvent: {}
[6.110838] (-) TimerEvent: {}
[6.207670] (controller) StdoutLine: {'line': b'[ 81%] \x1b[32m\x1b[1mLinking CXX shared library libcontroller__rosidl_typesupport_introspection_cpp.so\x1b[0m\n'}
[6.210932] (-) TimerEvent: {}
[6.234042] (controller) StdoutLine: {'line': b'[ 82%] \x1b[32m\x1b[1mLinking CXX shared library libcontroller__rosidl_typesupport_fastrtps_c.so\x1b[0m\n'}
[6.260585] (controller) StdoutLine: {'line': b'[ 82%] Built target controller__rosidl_typesupport_introspection_cpp\n'}
[6.284377] (controller) StdoutLine: {'line': b'[ 82%] Built target controller__rosidl_typesupport_fastrtps_c\n'}
[6.296746] (controller) StdoutLine: {'line': b'[ 82%] Built target controller\n'}
[6.309389] (controller) StdoutLine: {'line': b'[ 83%] \x1b[34m\x1b[1mGenerating Python code for ROS interfaces\x1b[0m\n'}
[6.311013] (-) TimerEvent: {}
[6.411301] (-) TimerEvent: {}
[6.511620] (-) TimerEvent: {}
[6.611937] (-) TimerEvent: {}
[6.712283] (-) TimerEvent: {}
[6.812623] (-) TimerEvent: {}
[6.874063] (controller) StdoutLine: {'line': b'[ 83%] Built target controller__py\n'}
[6.886693] (controller) StdoutLine: {'line': b'[ 88%] \x1b[32mBuilding C object CMakeFiles/controller__rosidl_generator_py.dir/rosidl_generator_py/controller/srv/_angular_wrench_s.c.o\x1b[0m\n'}
[6.886921] (controller) StdoutLine: {'line': b'[ 88%] \x1b[32mBuilding C object CMakeFiles/controller__rosidl_generator_py.dir/rosidl_generator_py/controller/msg/_pose_s.c.o\x1b[0m\n'}
[6.886976] (controller) StdoutLine: {'line': b'[ 88%] \x1b[32mBuilding C object CMakeFiles/controller__rosidl_generator_py.dir/rosidl_generator_py/controller/msg/_motor_speed_s.c.o\x1b[0m\n'}
[6.887023] (controller) StdoutLine: {'line': b'[ 88%] \x1b[32mBuilding C object CMakeFiles/controller__rosidl_generator_py.dir/rosidl_generator_py/controller/msg/_uvector_s.c.o\x1b[0m\n'}
[6.887070] (controller) StdoutLine: {'line': b'[ 89%] \x1b[32mBuilding C object CMakeFiles/controller__rosidl_generator_py.dir/rosidl_generator_py/controller/srv/_linear_wrench_s.c.o\x1b[0m\n'}
[6.888166] (controller) StdoutLine: {'line': b'[ 90%] \x1b[32mBuilding C object CMakeFiles/controller__rosidl_generator_py.dir/rosidl_generator_py/controller/msg/_error_msg_s.c.o\x1b[0m\n'}
[6.912748] (-) TimerEvent: {}
[7.013127] (-) TimerEvent: {}
[7.068069] (controller) StdoutLine: {'line': b'[ 91%] \x1b[32m\x1b[1mLinking C shared library libcontroller__rosidl_generator_py.so\x1b[0m\n'}
[7.097522] (controller) StdoutLine: {'line': b'[ 91%] Built target controller__rosidl_generator_py\n'}
[7.110894] (controller) StdoutLine: {'line': b'[ 95%] \x1b[32mBuilding C object CMakeFiles/controller_s__rosidl_typesupport_introspection_c.dir/rosidl_generator_py/controller/_controller_s.ep.rosidl_typesupport_introspection_c.c.o\x1b[0m\n'}
[7.111097] (controller) StdoutLine: {'line': b'[ 95%] \x1b[32mBuilding C object CMakeFiles/controller_s__rosidl_typesupport_c.dir/rosidl_generator_py/controller/_controller_s.ep.rosidl_typesupport_c.c.o\x1b[0m\n'}
[7.111155] (controller) StdoutLine: {'line': b'[ 95%] \x1b[32mBuilding C object CMakeFiles/controller_s__rosidl_typesupport_fastrtps_c.dir/rosidl_generator_py/controller/_controller_s.ep.rosidl_typesupport_fastrtps_c.c.o\x1b[0m\n'}
[7.113208] (-) TimerEvent: {}
[7.207409] (controller) StdoutLine: {'line': b'[ 98%] \x1b[32m\x1b[1mLinking C shared module rosidl_generator_py/controller/controller_s__rosidl_typesupport_introspection_c.so\x1b[0m\n'}
[7.207586] (controller) StdoutLine: {'line': b'[ 98%] \x1b[32m\x1b[1mLinking C shared module rosidl_generator_py/controller/controller_s__rosidl_typesupport_c.so\x1b[0m\n'}
[7.207637] (controller) StdoutLine: {'line': b'[ 98%] \x1b[32m\x1b[1mLinking C shared module rosidl_generator_py/controller/controller_s__rosidl_typesupport_fastrtps_c.so\x1b[0m\n'}
[7.213314] (-) TimerEvent: {}
[7.227493] (controller) StdoutLine: {'line': b'[ 98%] Built target controller_s__rosidl_typesupport_c\n'}
[7.227668] (controller) StdoutLine: {'line': b'[ 98%] Built target controller_s__rosidl_typesupport_fastrtps_c\n'}
[7.227723] (controller) StdoutLine: {'line': b'[ 98%] Built target controller_s__rosidl_typesupport_introspection_c\n'}
[7.313485] (-) TimerEvent: {}
[7.413742] (-) TimerEvent: {}
[7.514033] (-) TimerEvent: {}
[7.614347] (-) TimerEvent: {}
[7.714642] (-) TimerEvent: {}
[7.814970] (-) TimerEvent: {}
[7.915317] (-) TimerEvent: {}
[8.015644] (-) TimerEvent: {}
[8.116006] (-) TimerEvent: {}
[8.216337] (-) TimerEvent: {}
[8.316652] (-) TimerEvent: {}
[8.416969] (-) TimerEvent: {}
[8.517238] (-) TimerEvent: {}
[8.617580] (-) TimerEvent: {}
[8.717918] (-) TimerEvent: {}
[8.818246] (-) TimerEvent: {}
[8.918586] (-) TimerEvent: {}
[9.018918] (-) TimerEvent: {}
[9.119218] (-) TimerEvent: {}
[9.219524] (-) TimerEvent: {}
[9.319827] (-) TimerEvent: {}
[9.420127] (-) TimerEvent: {}
[9.520499] (-) TimerEvent: {}
[9.620814] (-) TimerEvent: {}
[9.721123] (-) TimerEvent: {}
[9.821431] (-) TimerEvent: {}
[9.921751] (-) TimerEvent: {}
[10.022019] (-) TimerEvent: {}
[10.122318] (-) TimerEvent: {}
[10.158088] (uav_simulator) StdoutLine: {'line': b'[ 75%] \x1b[32m\x1b[1mLinking CXX shared library libOdometrySensor.so\x1b[0m\n'}
[10.222438] (-) TimerEvent: {}
[10.322818] (-) TimerEvent: {}
[10.405951] (uav_simulator) StdoutLine: {'line': b'[ 75%] Built target OdometrySensor\n'}
[10.422969] (-) TimerEvent: {}
[10.523278] (-) TimerEvent: {}
[10.623628] (-) TimerEvent: {}
[10.723959] (-) TimerEvent: {}
[10.824292] (-) TimerEvent: {}
[10.924646] (-) TimerEvent: {}
[11.024901] (-) TimerEvent: {}
[11.125239] (-) TimerEvent: {}
[11.225571] (-) TimerEvent: {}
[11.325944] (-) TimerEvent: {}
[11.426217] (-) TimerEvent: {}
[11.526496] (-) TimerEvent: {}
[11.626832] (-) TimerEvent: {}
[11.727166] (-) TimerEvent: {}
[11.827479] (-) TimerEvent: {}
[11.927818] (-) TimerEvent: {}
[12.028120] (-) TimerEvent: {}
[12.128437] (-) TimerEvent: {}
[12.228743] (-) TimerEvent: {}
[12.329048] (-) TimerEvent: {}
[12.429359] (-) TimerEvent: {}
[12.529669] (-) TimerEvent: {}
[12.629991] (-) TimerEvent: {}
[12.730238] (-) TimerEvent: {}
[12.830560] (-) TimerEvent: {}
[12.930876] (-) TimerEvent: {}
[13.031199] (-) TimerEvent: {}
[13.071903] (uav_simulator) StdoutLine: {'line': b'[100%] \x1b[32m\x1b[1mLinking CXX shared library libBetaMotorPlugin.so\x1b[0m\n'}
[13.131381] (-) TimerEvent: {}
[13.231719] (-) TimerEvent: {}
[13.332065] (-) TimerEvent: {}
[13.430275] (uav_simulator) StdoutLine: {'line': b'[100%] Built target BetaMotorPlugin\n'}
[13.432188] (-) TimerEvent: {}
[13.437028] (uav_simulator) CommandEnded: {'returncode': 0}
[13.437448] (uav_simulator) JobProgress: {'identifier': 'uav_simulator', 'progress': 'install'}
[13.437676] (uav_simulator) Command: {'cmd': ['/usr/bin/cmake', '--install', '/ros_ws/src/build/uav_simulator'], 'cwd': '/ros_ws/src/build/uav_simulator', 'env': OrderedDict({'HOSTNAME': 'ADUAED19005LPLX', 'SHLVL': '1', 'LD_LIBRARY_PATH': '/ros_ws/src/install/maneuver/lib:/ros_ws/src/install/libkdtp/lib:/ros_ws/install/uav_simulator/lib:/ros_ws/install/my_ros2_package/lib:/ros_ws/install/controller/lib:/ros_ws/install/maneuver/lib:/ros_ws/install/libkdtp/lib:/opt/ros/jazzy/opt/rviz_ogre_vendor/lib:/opt/ros/jazzy/lib/x86_64-linux-gnu:/opt/ros/jazzy/opt/gz_math_vendor/lib:/opt/ros/jazzy/opt/gz_utils_vendor/lib:/opt/ros/jazzy/opt/gz_cmake_vendor/lib:/opt/ros/jazzy/lib', 'HOME': '/root', 'OLDPWD': '/ros_ws/src/firmware/launch', 'ROS_PYTHON_VERSION': '3', 'COLCON_PREFIX_PATH': '/ros_ws/install', 'ROS_DISTRO': 'jazzy', '_': '/usr/bin/colcon', 'ROS_VERSION': '2', 'TERM': 'xterm', 'PATH': '/opt/ros/jazzy/bin:/usr/local/sbin:/usr/local/bin:/usr/sbin:/usr/bin:/sbin:/bin', 'LANG': 'C.UTF-8', 'LS_COLORS': 'rs=0:di=01;34:ln=01;36:mh=00:pi=40;33:so=01;35:do=01;35:bd=40;33;01:cd=40;33;01:or=40;31;01:mi=00:su=37;41:sg=30;43:ca=00:tw=30;42:ow=34;42:st=37;44:ex=01;32:*.tar=01;31:*.tgz=01;31:*.arc=01;31:*.arj=01;31:*.taz=01;31:*.lha=01;31:*.lz4=01;31:*.lzh=01;31:*.lzma=01;31:*.tlz=01;31:*.txz=01;31:*.tzo=01;31:*.t7z=01;31:*.zip=01;31:*.z=01;31:*.dz=01;31:*.gz=01;31:*.lrz=01;31:*.lz=01;31:*.lzo=01;31:*.xz=01;31:*.zst=01;31:*.tzst=01;31:*.bz2=01;31:*.bz=01;31:*.tbz=01;31:*.tbz2=01;31:*.tz=01;31:*.deb=01;31:*.rpm=01;31:*.jar=01;31:*.war=01;31:*.ear=01;31:*.sar=01;31:*.rar=01;31:*.alz=01;31:*.ace=01;31:*.zoo=01;31:*.cpio=01;31:*.7z=01;31:*.rz=01;31:*.cab=01;31:*.wim=01;31:*.swm=01;31:*.dwm=01;31:*.esd=01;31:*.avif=01;35:*.jpg=01;35:*.jpeg=01;35:*.mjpg=01;35:*.mjpeg=01;35:*.gif=01;35:*.bmp=01;35:*.pbm=01;35:*.pgm=01;35:*.ppm=01;35:*.tga=01;35:*.xbm=01;35:*.xpm=01;35:*.tif=01;35:*.tiff=01;35:*.png=01;35:*.svg=01;35:*.svgz=01;35:*.mng=01;35:*.pcx=01;35:*.mov=01;35:*.mpg=01;35:*.mpeg=01;35:*.m2v=01;35:*.mkv=01;35:*.webm=01;35:*.webp=01;35:*.ogm=01;35:*.mp4=01;35:*.m4v=01;35:*.mp4v=01;35:*.vob=01;35:*.qt=01;35:*.nuv=01;35:*.wmv=01;35:*.asf=01;35:*.rm=01;35:*.rmvb=01;35:*.flc=01;35:*.avi=01;35:*.fli=01;35:*.flv=01;35:*.gl=01;35:*.dl=01;35:*.xcf=01;35:*.xwd=01;35:*.yuv=01;35:*.cgm=01;35:*.emf=01;35:*.ogv=01;35:*.ogx=01;35:*.aac=00;36:*.au=00;36:*.flac=00;36:*.m4a=00;36:*.mid=00;36:*.midi=00;36:*.mka=00;36:*.mp3=00;36:*.mpc=00;36:*.ogg=00;36:*.ra=00;36:*.wav=00;36:*.oga=00;36:*.opus=00;36:*.spx=00;36:*.xspf=00;36:*~=00;90:*#=00;90:*.bak=00;90:*.crdownload=00;90:*.dpkg-dist=00;90:*.dpkg-new=00;90:*.dpkg-old=00;90:*.dpkg-tmp=00;90:*.old=00;90:*.orig=00;90:*.part=00;90:*.rej=00;90:*.rpmnew=00;90:*.rpmorig=00;90:*.rpmsave=00;90:*.swp=00;90:*.tmp=00;90:*.ucf-dist=00;90:*.ucf-new=00;90:*.ucf-old=00;90:', 'AMENT_PREFIX_PATH': '/ros_ws/src/install/maneuver:/ros_ws/src/install/libkdtp:/ros_ws/install/uav_simulator:/ros_ws/install/my_ros2_package:/ros_ws/install/controller:/ros_ws/install/maneuver:/ros_ws/install/libkdtp:/opt/ros/jazzy', 'DEBIAN_FRONTEND': 'noninteractive', 'ROS_AUTOMATIC_DISCOVERY_RANGE': 'SUBNET', 'PWD': '/ros_ws/src/build/uav_simulator', 'LC_ALL': 'C.UTF-8', 'PYTHONPATH': '/ros_ws/src/install/maneuver/lib/python3.12/site-packages:/ros_ws/install/my_ros2_package/lib/python3.12/site-packages:/ros_ws/install/controller/lib/python3.12/site-packages:/ros_ws/install/maneuver/lib/python3.12/site-packages:/opt/ros/jazzy/lib/python3.12/site-packages', 'COLCON': '1', 'CMAKE_PREFIX_PATH': '/ros_ws/src/install/maneuver:/ros_ws/src/install/libkdtp:/ros_ws/install/uav_simulator:/ros_ws/install/my_ros2_package:/ros_ws/install/controller:/ros_ws/install/maneuver:/ros_ws/install/libkdtp:/opt/ros/jazzy/opt/gz_math_vendor:/opt/ros/jazzy/opt/gz_utils_vendor:/opt/ros/jazzy/opt/gz_cmake_vendor:/opt/ros/jazzy'}), 'shell': False}
[13.442448] (uav_simulator) StdoutLine: {'line': b'-- Install configuration: ""\n'}
[13.442586] (uav_simulator) StdoutLine: {'line': b'-- Installing: /ros_ws/src/install/uav_simulator/lib/libBetaMotorPlugin.so\n'}
[13.446198] (uav_simulator) StdoutLine: {'line': b'-- Set non-toolchain portion of runtime path of "/ros_ws/src/install/uav_simulator/lib/libBetaMotorPlugin.so" to ""\n'}
[13.446321] (uav_simulator) StdoutLine: {'line': b'-- Installing: /ros_ws/src/install/uav_simulator/lib/libOdometrySensor.so\n'}
[13.447951] (uav_simulator) StdoutLine: {'line': b'-- Set non-toolchain portion of runtime path of "/ros_ws/src/install/uav_simulator/lib/libOdometrySensor.so" to ""\n'}
[13.448092] (uav_simulator) StdoutLine: {'line': b'-- Installing: /ros_ws/src/install/uav_simulator/share/uav_simulator/launch\n'}
[13.448187] (uav_simulator) StdoutLine: {'line': b'-- Installing: /ros_ws/src/install/uav_simulator/share/uav_simulator/launch/gazebo_launch.py\n'}
[13.448263] (uav_simulator) StdoutLine: {'line': b'-- Installing: /ros_ws/src/install/uav_simulator/share/uav_simulator/launch/omnicopter_sim.launch.py\n'}
[13.448346] (uav_simulator) StdoutLine: {'line': b'-- Installing: /ros_ws/src/install/uav_simulator/share/uav_simulator/worlds\n'}
[13.448419] (uav_simulator) StdoutLine: {'line': b'-- Installing: /ros_ws/src/install/uav_simulator/share/uav_simulator/worlds/empty.sdf\n'}
[13.448493] (uav_simulator) StdoutLine: {'line': b'-- Installing: /ros_ws/src/install/uav_simulator/share/uav_simulator/worlds/omnicopter.world\n'}
[13.448566] (uav_simulator) StdoutLine: {'line': b'-- Installing: /ros_ws/src/install/uav_simulator/share/uav_simulator/worlds/models\n'}
[13.448637] (uav_simulator) StdoutLine: {'line': b'-- Installing: /ros_ws/src/install/uav_simulator/share/uav_simulator/worlds/models/omnicopter\n'}
[13.448710] (uav_simulator) StdoutLine: {'line': b'-- Installing: /ros_ws/src/install/uav_simulator/share/uav_simulator/worlds/models/omnicopter/meshes\n'}
[13.448782] (uav_simulator) StdoutLine: {'line': b'-- Installing: /ros_ws/src/install/uav_simulator/share/uav_simulator/worlds/models/omnicopter/meshes/omni2.stl\n'}
[13.457926] (uav_simulator) StdoutLine: {'line': b'-- Installing: /ros_ws/src/install/uav_simulator/share/uav_simulator/worlds/models/omnicopter/meshes/omni.stl\n'}
[13.468004] (uav_simulator) StdoutLine: {'line': b'-- Installing: /ros_ws/src/install/uav_simulator/share/uav_simulator/worlds/models/omnicopter/meshes/CW.stl\n'}
[13.468187] (uav_simulator) StdoutLine: {'line': b'-- Installing: /ros_ws/src/install/uav_simulator/share/uav_simulator/worlds/models/omnicopter/meshes/CCW.stl\n'}
[13.468286] (uav_simulator) StdoutLine: {'line': b'-- Installing: /ros_ws/src/install/uav_simulator/share/uav_simulator/worlds/models/omnicopter/model.sdf\n'}
[13.468373] (uav_simulator) StdoutLine: {'line': b'-- Installing: /ros_ws/src/install/uav_simulator/share/uav_simulator/worlds/models/omnicopter/model.config\n'}
[13.468458] (uav_simulator) StdoutLine: {'line': b'-- Installing: /ros_ws/src/install/uav_simulator/share/uav_simulator/worlds/models/omnicopter/sphericalToRPY.py\n'}
[13.468533] (uav_simulator) StdoutLine: {'line': b'-- Installing: /ros_ws/src/install/uav_simulator/share/uav_simulator/worlds/models/omnicopter/localToFixed.py\n'}
[13.468627] (uav_simulator) StdoutLine: {'line': b'-- Installing: /ros_ws/src/install/uav_simulator/share/ament_index/resource_index/package_run_dependencies/uav_simulator\n'}
[13.468713] (uav_simulator) StdoutLine: {'line': b'-- Installing: /ros_ws/src/install/uav_simulator/share/ament_index/resource_index/parent_prefix_path/uav_simulator\n'}
[13.468805] (uav_simulator) StdoutLine: {'line': b'-- Installing: /ros_ws/src/install/uav_simulator/share/uav_simulator/environment/ament_prefix_path.sh\n'}
[13.468893] (uav_simulator) StdoutLine: {'line': b'-- Installing: /ros_ws/src/install/uav_simulator/share/uav_simulator/environment/ament_prefix_path.dsv\n'}
[13.468980] (uav_simulator) StdoutLine: {'line': b'-- Installing: /ros_ws/src/install/uav_simulator/share/uav_simulator/environment/path.sh\n'}
[13.469068] (uav_simulator) StdoutLine: {'line': b'-- Installing: /ros_ws/src/install/uav_simulator/share/uav_simulator/environment/path.dsv\n'}
[13.469150] (uav_simulator) StdoutLine: {'line': b'-- Installing: /ros_ws/src/install/uav_simulator/share/uav_simulator/local_setup.bash\n'}
[13.469230] (uav_simulator) StdoutLine: {'line': b'-- Installing: /ros_ws/src/install/uav_simulator/share/uav_simulator/local_setup.sh\n'}
[13.469318] (uav_simulator) StdoutLine: {'line': b'-- Installing: /ros_ws/src/install/uav_simulator/share/uav_simulator/local_setup.zsh\n'}
[13.469390] (uav_simulator) StdoutLine: {'line': b'-- Installing: /ros_ws/src/install/uav_simulator/share/uav_simulator/local_setup.dsv\n'}
[13.469464] (uav_simulator) StdoutLine: {'line': b'-- Installing: /ros_ws/src/install/uav_simulator/share/uav_simulator/package.dsv\n'}
[13.469536] (uav_simulator) StdoutLine: {'line': b'-- Installing: /ros_ws/src/install/uav_simulator/share/ament_index/resource_index/packages/uav_simulator\n'}
[13.469609] (uav_simulator) StdoutLine: {'line': b'-- Installing: /ros_ws/src/install/uav_simulator/share/uav_simulator/cmake/uav_simulatorConfig.cmake\n'}
[13.469686] (uav_simulator) StdoutLine: {'line': b'-- Installing: /ros_ws/src/install/uav_simulator/share/uav_simulator/cmake/uav_simulatorConfig-version.cmake\n'}
[13.469759] (uav_simulator) StdoutLine: {'line': b'-- Installing: /ros_ws/src/install/uav_simulator/share/uav_simulator/package.xml\n'}
[13.470640] (uav_simulator) CommandEnded: {'returncode': 0}
[13.478564] (uav_simulator) JobEnded: {'identifier': 'uav_simulator', 'rc': 0}
[13.532391] (-) TimerEvent: {}
[13.632719] (-) TimerEvent: {}
[13.733035] (-) TimerEvent: {}
[13.833312] (-) TimerEvent: {}
[13.933638] (-) TimerEvent: {}
[14.033996] (-) TimerEvent: {}
[14.134331] (-) TimerEvent: {}
[14.234607] (-) TimerEvent: {}
[14.334953] (-) TimerEvent: {}
[14.435280] (-) TimerEvent: {}
[14.535609] (-) TimerEvent: {}
[14.635928] (-) TimerEvent: {}
[14.736244] (-) TimerEvent: {}
[14.836572] (-) TimerEvent: {}
[14.936903] (-) TimerEvent: {}
[15.037237] (-) TimerEvent: {}
[15.137580] (-) TimerEvent: {}
[15.237923] (-) TimerEvent: {}
[15.338182] (-) TimerEvent: {}
[15.438516] (-) TimerEvent: {}
[15.538787] (-) TimerEvent: {}
[15.639112] (-) TimerEvent: {}
[15.739418] (-) TimerEvent: {}
[15.839724] (-) TimerEvent: {}
[15.940045] (-) TimerEvent: {}
[16.040366] (-) TimerEvent: {}
[16.140709] (-) TimerEvent: {}
[16.241033] (-) TimerEvent: {}
[16.341372] (-) TimerEvent: {}
[16.441708] (-) TimerEvent: {}
[16.541986] (-) TimerEvent: {}
[16.642337] (-) TimerEvent: {}
[16.742670] (-) TimerEvent: {}
[16.843006] (-) TimerEvent: {}
[16.943333] (-) TimerEvent: {}
[17.043599] (-) TimerEvent: {}
[17.143948] (-) TimerEvent: {}
[17.244258] (-) TimerEvent: {}
[17.344563] (-) TimerEvent: {}
[17.444862] (-) TimerEvent: {}
[17.545172] (-) TimerEvent: {}
[17.645496] (-) TimerEvent: {}
[17.745863] (-) TimerEvent: {}
[17.846165] (-) TimerEvent: {}
[17.946474] (-) TimerEvent: {}
[18.046777] (-) TimerEvent: {}
[18.147075] (-) TimerEvent: {}
[18.247378] (-) TimerEvent: {}
[18.347685] (-) TimerEvent: {}
[18.447997] (-) TimerEvent: {}
[18.548316] (-) TimerEvent: {}
[18.648644] (-) TimerEvent: {}
[18.748987] (-) TimerEvent: {}
[18.849327] (-) TimerEvent: {}
[18.949669] (-) TimerEvent: {}
[19.049970] (-) TimerEvent: {}
[19.150196] (-) TimerEvent: {}
[19.250490] (-) TimerEvent: {}
[19.350734] (-) TimerEvent: {}
[19.451015] (-) TimerEvent: {}
[19.551289] (-) TimerEvent: {}
[19.651556] (-) TimerEvent: {}
[19.751769] (-) TimerEvent: {}
[19.852036] (-) TimerEvent: {}
[19.952336] (-) TimerEvent: {}
[20.052613] (-) TimerEvent: {}
[20.152896] (-) TimerEvent: {}
[20.253170] (-) TimerEvent: {}
[20.353454] (-) TimerEvent: {}
[20.453735] (-) TimerEvent: {}
[20.554025] (-) TimerEvent: {}
[20.654297] (-) TimerEvent: {}
[20.754514] (-) TimerEvent: {}
[20.854795] (-) TimerEvent: {}
[20.955069] (-) TimerEvent: {}
[21.055337] (-) TimerEvent: {}
[21.155597] (-) TimerEvent: {}
[21.255874] (-) TimerEvent: {}
[21.356150] (-) TimerEvent: {}
[21.456396] (-) TimerEvent: {}
[21.556677] (-) TimerEvent: {}
[21.656951] (-) TimerEvent: {}
[21.757220] (-) TimerEvent: {}
[21.857496] (-) TimerEvent: {}
[21.957800] (-) TimerEvent: {}
[22.058046] (-) TimerEvent: {}
[22.158322] (-) TimerEvent: {}
[22.258588] (-) TimerEvent: {}
[22.358799] (-) TimerEvent: {}
[22.459063] (-) TimerEvent: {}
[22.559327] (-) TimerEvent: {}
[22.659606] (-) TimerEvent: {}
[22.759877] (-) TimerEvent: {}
[22.860150] (-) TimerEvent: {}
[22.960421] (-) TimerEvent: {}
[23.060652] (-) TimerEvent: {}
[23.160978] (-) TimerEvent: {}
[23.261269] (-) TimerEvent: {}
[23.361503] (-) TimerEvent: {}
[23.461777] (-) TimerEvent: {}
[23.562063] (-) TimerEvent: {}
[23.662278] (-) TimerEvent: {}
[23.762533] (-) TimerEvent: {}
[23.862798] (-) TimerEvent: {}
[23.963052] (-) TimerEvent: {}
[24.063325] (-) TimerEvent: {}
[24.163596] (-) TimerEvent: {}
[24.263874] (-) TimerEvent: {}
[24.364083] (-) TimerEvent: {}
[24.464349] (-) TimerEvent: {}
[24.564613] (-) TimerEvent: {}
[24.664873] (-) TimerEvent: {}
[24.765137] (-) TimerEvent: {}
[24.865404] (-) TimerEvent: {}
[24.965661] (-) TimerEvent: {}
[25.065925] (-) TimerEvent: {}
[25.166190] (-) TimerEvent: {}
[25.266443] (-) TimerEvent: {}
[25.366701] (-) TimerEvent: {}
[25.466926] (-) TimerEvent: {}
[25.567258] (-) TimerEvent: {}
[25.667550] (-) TimerEvent: {}
[25.767830] (-) TimerEvent: {}
[25.868128] (-) TimerEvent: {}
[25.968451] (-) TimerEvent: {}
[26.068783] (-) TimerEvent: {}
[26.169065] (-) TimerEvent: {}
[26.269340] (-) TimerEvent: {}
[26.369647] (-) TimerEvent: {}
[26.469951] (-) TimerEvent: {}
[26.570238] (-) TimerEvent: {}
[26.670531] (-) TimerEvent: {}
[26.770849] (-) TimerEvent: {}
[26.871167] (-) TimerEvent: {}
[26.971500] (-) TimerEvent: {}
[27.071845] (-) TimerEvent: {}
[27.150849] (controller) StdoutLine: {'line': b'[100%] \x1b[32m\x1b[1mLinking CXX executable controller_node\x1b[0m\n'}
[27.171994] (-) TimerEvent: {}
[27.272279] (-) TimerEvent: {}
[27.372580] (-) TimerEvent: {}
[27.472892] (-) TimerEvent: {}
[27.573197] (-) TimerEvent: {}
[27.673509] (-) TimerEvent: {}
[27.723234] (controller) StdoutLine: {'line': b'[100%] Built target controller_node\n'}
[27.730279] (controller) CommandEnded: {'returncode': 0}
[27.730608] (controller) JobProgress: {'identifier': 'controller', 'progress': 'install'}
[27.730919] (controller) Command: {'cmd': ['/usr/bin/cmake', '--install', '/ros_ws/src/build/controller'], 'cwd': '/ros_ws/src/build/controller', 'env': OrderedDict({'HOSTNAME': 'ADUAED19005LPLX', 'SHLVL': '1', 'LD_LIBRARY_PATH': '/ros_ws/src/install/maneuver/lib:/ros_ws/src/install/libkdtp/lib:/ros_ws/install/uav_simulator/lib:/ros_ws/install/my_ros2_package/lib:/ros_ws/install/controller/lib:/ros_ws/install/maneuver/lib:/ros_ws/install/libkdtp/lib:/opt/ros/jazzy/opt/rviz_ogre_vendor/lib:/opt/ros/jazzy/lib/x86_64-linux-gnu:/opt/ros/jazzy/opt/gz_math_vendor/lib:/opt/ros/jazzy/opt/gz_utils_vendor/lib:/opt/ros/jazzy/opt/gz_cmake_vendor/lib:/opt/ros/jazzy/lib', 'HOME': '/root', 'OLDPWD': '/ros_ws/src/firmware/launch', 'ROS_PYTHON_VERSION': '3', 'COLCON_PREFIX_PATH': '/ros_ws/install', 'ROS_DISTRO': 'jazzy', '_': '/usr/bin/colcon', 'ROS_VERSION': '2', 'TERM': 'xterm', 'PATH': '/opt/ros/jazzy/bin:/usr/local/sbin:/usr/local/bin:/usr/sbin:/usr/bin:/sbin:/bin', 'LANG': 'C.UTF-8', 'LS_COLORS': 'rs=0:di=01;34:ln=01;36:mh=00:pi=40;33:so=01;35:do=01;35:bd=40;33;01:cd=40;33;01:or=40;31;01:mi=00:su=37;41:sg=30;43:ca=00:tw=30;42:ow=34;42:st=37;44:ex=01;32:*.tar=01;31:*.tgz=01;31:*.arc=01;31:*.arj=01;31:*.taz=01;31:*.lha=01;31:*.lz4=01;31:*.lzh=01;31:*.lzma=01;31:*.tlz=01;31:*.txz=01;31:*.tzo=01;31:*.t7z=01;31:*.zip=01;31:*.z=01;31:*.dz=01;31:*.gz=01;31:*.lrz=01;31:*.lz=01;31:*.lzo=01;31:*.xz=01;31:*.zst=01;31:*.tzst=01;31:*.bz2=01;31:*.bz=01;31:*.tbz=01;31:*.tbz2=01;31:*.tz=01;31:*.deb=01;31:*.rpm=01;31:*.jar=01;31:*.war=01;31:*.ear=01;31:*.sar=01;31:*.rar=01;31:*.alz=01;31:*.ace=01;31:*.zoo=01;31:*.cpio=01;31:*.7z=01;31:*.rz=01;31:*.cab=01;31:*.wim=01;31:*.swm=01;31:*.dwm=01;31:*.esd=01;31:*.avif=01;35:*.jpg=01;35:*.jpeg=01;35:*.mjpg=01;35:*.mjpeg=01;35:*.gif=01;35:*.bmp=01;35:*.pbm=01;35:*.pgm=01;35:*.ppm=01;35:*.tga=01;35:*.xbm=01;35:*.xpm=01;35:*.tif=01;35:*.tiff=01;35:*.png=01;35:*.svg=01;35:*.svgz=01;35:*.mng=01;35:*.pcx=01;35:*.mov=01;35:*.mpg=01;35:*.mpeg=01;35:*.m2v=01;35:*.mkv=01;35:*.webm=01;35:*.webp=01;35:*.ogm=01;35:*.mp4=01;35:*.m4v=01;35:*.mp4v=01;35:*.vob=01;35:*.qt=01;35:*.nuv=01;35:*.wmv=01;35:*.asf=01;35:*.rm=01;35:*.rmvb=01;35:*.flc=01;35:*.avi=01;35:*.fli=01;35:*.flv=01;35:*.gl=01;35:*.dl=01;35:*.xcf=01;35:*.xwd=01;35:*.yuv=01;35:*.cgm=01;35:*.emf=01;35:*.ogv=01;35:*.ogx=01;35:*.aac=00;36:*.au=00;36:*.flac=00;36:*.m4a=00;36:*.mid=00;36:*.midi=00;36:*.mka=00;36:*.mp3=00;36:*.mpc=00;36:*.ogg=00;36:*.ra=00;36:*.wav=00;36:*.oga=00;36:*.opus=00;36:*.spx=00;36:*.xspf=00;36:*~=00;90:*#=00;90:*.bak=00;90:*.crdownload=00;90:*.dpkg-dist=00;90:*.dpkg-new=00;90:*.dpkg-old=00;90:*.dpkg-tmp=00;90:*.old=00;90:*.orig=00;90:*.part=00;90:*.rej=00;90:*.rpmnew=00;90:*.rpmorig=00;90:*.rpmsave=00;90:*.swp=00;90:*.tmp=00;90:*.ucf-dist=00;90:*.ucf-new=00;90:*.ucf-old=00;90:', 'AMENT_PREFIX_PATH': '/ros_ws/src/install/maneuver:/ros_ws/src/install/libkdtp:/ros_ws/install/uav_simulator:/ros_ws/install/my_ros2_package:/ros_ws/install/controller:/ros_ws/install/maneuver:/ros_ws/install/libkdtp:/opt/ros/jazzy', 'DEBIAN_FRONTEND': 'noninteractive', 'ROS_AUTOMATIC_DISCOVERY_RANGE': 'SUBNET', 'PWD': '/ros_ws/src/build/controller', 'LC_ALL': 'C.UTF-8', 'PYTHONPATH': '/ros_ws/src/install/maneuver/lib/python3.12/site-packages:/ros_ws/install/my_ros2_package/lib/python3.12/site-packages:/ros_ws/install/controller/lib/python3.12/site-packages:/ros_ws/install/maneuver/lib/python3.12/site-packages:/opt/ros/jazzy/lib/python3.12/site-packages', 'COLCON': '1', 'CMAKE_PREFIX_PATH': '/ros_ws/src/install/maneuver:/ros_ws/src/install/libkdtp:/ros_ws/install/uav_simulator:/ros_ws/install/my_ros2_package:/ros_ws/install/controller:/ros_ws/install/maneuver:/ros_ws/install/libkdtp:/opt/ros/jazzy/opt/gz_math_vendor:/opt/ros/jazzy/opt/gz_utils_vendor:/opt/ros/jazzy/opt/gz_cmake_vendor:/opt/ros/jazzy'}), 'shell': False}
[27.735377] (controller) StdoutLine: {'line': b'-- Install configuration: ""\n'}
[27.735446] (controller) StdoutLine: {'line': b'-- Installing: /ros_ws/src/install/controller/share/ament_index/resource_index/rosidl_interfaces/controller\n'}
[27.735531] (controller) StdoutLine: {'line': b'-- Installing: /ros_ws/src/install/controller/share/controller/msg/MotorSpeed.json\n'}
[27.735591] (controller) StdoutLine: {'line': b'-- Installing: /ros_ws/src/install/controller/share/controller/msg/Pose.json\n'}
[27.735653] (controller) StdoutLine: {'line': b'-- Installing: /ros_ws/src/install/controller/share/controller/msg/Uvector.json\n'}
[27.735696] (controller) StdoutLine: {'line': b'-- Installing: /ros_ws/src/install/controller/share/controller/msg/ErrorMsg.json\n'}
[27.735750] (controller) StdoutLine: {'line': b'-- Installing: /ros_ws/src/install/controller/share/controller/srv/AngularWrench.json\n'}
[27.735810] (controller) StdoutLine: {'line': b'-- Installing: /ros_ws/src/install/controller/share/controller/srv/LinearWrench.json\n'}
[27.735855] (controller) StdoutLine: {'line': b'-- Installing: /ros_ws/src/install/controller/include/controller/controller\n'}
[27.735913] (controller) StdoutLine: {'line': b'-- Installing: /ros_ws/src/install/controller/include/controller/controller/msg\n'}
[27.735957] (controller) StdoutLine: {'line': b'-- Installing: /ros_ws/src/install/controller/include/controller/controller/msg/error_msg.h\n'}
[27.736011] (controller) StdoutLine: {'line': b'-- Installing: /ros_ws/src/install/controller/include/controller/controller/msg/detail\n'}
[27.736077] (controller) StdoutLine: {'line': b'-- Installing: /ros_ws/src/install/controller/include/controller/controller/msg/detail/error_msg__functions.h\n'}
[27.736131] (controller) StdoutLine: {'line': b'-- Installing: /ros_ws/src/install/controller/include/controller/controller/msg/detail/uvector__type_support.c\n'}
[27.736187] (controller) StdoutLine: {'line': b'-- Installing: /ros_ws/src/install/controller/include/controller/controller/msg/detail/motor_speed__functions.c\n'}
[27.736232] (controller) StdoutLine: {'line': b'-- Installing: /ros_ws/src/install/controller/include/controller/controller/msg/detail/pose__type_support.h\n'}
[27.736288] (controller) StdoutLine: {'line': b'-- Installing: /ros_ws/src/install/controller/include/controller/controller/msg/detail/pose__functions.c\n'}
[27.736361] (controller) StdoutLine: {'line': b'-- Installing: /ros_ws/src/install/controller/include/controller/controller/msg/detail/pose__struct.h\n'}
[27.736406] (controller) StdoutLine: {'line': b'-- Installing: /ros_ws/src/install/controller/include/controller/controller/msg/detail/motor_speed__functions.h\n'}
[27.736452] (controller) StdoutLine: {'line': b'-- Installing: /ros_ws/src/install/controller/include/controller/controller/msg/detail/motor_speed__description.c\n'}
[27.736496] (controller) StdoutLine: {'line': b'-- Installing: /ros_ws/src/install/controller/include/controller/controller/msg/detail/error_msg__type_support.c\n'}
[27.736562] (controller) StdoutLine: {'line': b'-- Installing: /ros_ws/src/install/controller/include/controller/controller/msg/detail/uvector__struct.h\n'}
[27.736619] (controller) StdoutLine: {'line': b'-- Installing: /ros_ws/src/install/controller/include/controller/controller/msg/detail/error_msg__struct.h\n'}
[27.736664] (controller) StdoutLine: {'line': b'-- Installing: /ros_ws/src/install/controller/include/controller/controller/msg/detail/uvector__functions.c\n'}
[27.736709] (controller) StdoutLine: {'line': b'-- Installing: /ros_ws/src/install/controller/include/controller/controller/msg/detail/error_msg__functions.c\n'}
[27.736754] (controller) StdoutLine: {'line': b'-- Installing: /ros_ws/src/install/controller/include/controller/controller/msg/detail/motor_speed__type_support.c\n'}
[27.736799] (controller) StdoutLine: {'line': b'-- Installing: /ros_ws/src/install/controller/include/controller/controller/msg/detail/uvector__description.c\n'}
[27.736844] (controller) StdoutLine: {'line': b'-- Installing: /ros_ws/src/install/controller/include/controller/controller/msg/detail/pose__type_support.c\n'}
[27.736899] (controller) StdoutLine: {'line': b'-- Installing: /ros_ws/src/install/controller/include/controller/controller/msg/detail/pose__functions.h\n'}
[27.736968] (controller) StdoutLine: {'line': b'-- Installing: /ros_ws/src/install/controller/include/controller/controller/msg/detail/error_msg__type_support.h\n'}
[27.737014] (controller) StdoutLine: {'line': b'-- Installing: /ros_ws/src/install/controller/include/controller/controller/msg/detail/uvector__functions.h\n'}
[27.737074] (controller) StdoutLine: {'line': b'-- Installing: /ros_ws/src/install/controller/include/controller/controller/msg/detail/motor_speed__struct.h\n'}
[27.737121] (controller) StdoutLine: {'line': b'-- Installing: /ros_ws/src/install/controller/include/controller/controller/msg/detail/uvector__type_support.h\n'}
[27.737177] (controller) StdoutLine: {'line': b'-- Installing: /ros_ws/src/install/controller/include/controller/controller/msg/detail/motor_speed__type_support.h\n'}
[27.737222] (controller) StdoutLine: {'line': b'-- Installing: /ros_ws/src/install/controller/include/controller/controller/msg/detail/pose__description.c\n'}
[27.737267] (controller) StdoutLine: {'line': b'-- Installing: /ros_ws/src/install/controller/include/controller/controller/msg/detail/error_msg__description.c\n'}
[27.737312] (controller) StdoutLine: {'line': b'-- Installing: /ros_ws/src/install/controller/include/controller/controller/msg/uvector.h\n'}
[27.737372] (controller) StdoutLine: {'line': b'-- Installing: /ros_ws/src/install/controller/include/controller/controller/msg/pose.h\n'}
[27.737423] (controller) StdoutLine: {'line': b'-- Installing: /ros_ws/src/install/controller/include/controller/controller/msg/motor_speed.h\n'}
[27.737469] (controller) StdoutLine: {'line': b'-- Installing: /ros_ws/src/install/controller/include/controller/controller/msg/rosidl_generator_c__visibility_control.h\n'}
[27.737514] (controller) StdoutLine: {'line': b'-- Installing: /ros_ws/src/install/controller/include/controller/controller/srv\n'}
[27.737559] (controller) StdoutLine: {'line': b'-- Installing: /ros_ws/src/install/controller/include/controller/controller/srv/detail\n'}
[27.737603] (controller) StdoutLine: {'line': b'-- Installing: /ros_ws/src/install/controller/include/controller/controller/srv/detail/angular_wrench__functions.h\n'}
[27.737647] (controller) StdoutLine: {'line': b'-- Installing: /ros_ws/src/install/controller/include/controller/controller/srv/detail/angular_wrench__type_support.c\n'}
[27.737712] (controller) StdoutLine: {'line': b'-- Installing: /ros_ws/src/install/controller/include/controller/controller/srv/detail/angular_wrench__description.c\n'}
[27.737754] (controller) StdoutLine: {'line': b'-- Installing: /ros_ws/src/install/controller/include/controller/controller/srv/detail/linear_wrench__type_support.c\n'}
[27.737799] (controller) StdoutLine: {'line': b'-- Installing: /ros_ws/src/install/controller/include/controller/controller/srv/detail/linear_wrench__struct.h\n'}
[27.737864] (controller) StdoutLine: {'line': b'-- Installing: /ros_ws/src/install/controller/include/controller/controller/srv/detail/linear_wrench__type_support.h\n'}
[27.737919] (controller) StdoutLine: {'line': b'-- Installing: /ros_ws/src/install/controller/include/controller/controller/srv/detail/angular_wrench__type_support.h\n'}
[27.737972] (controller) StdoutLine: {'line': b'-- Installing: /ros_ws/src/install/controller/include/controller/controller/srv/detail/linear_wrench__functions.c\n'}
[27.738019] (controller) StdoutLine: {'line': b'-- Installing: /ros_ws/src/install/controller/include/controller/controller/srv/detail/linear_wrench__description.c\n'}
[27.738063] (controller) StdoutLine: {'line': b'-- Installing: /ros_ws/src/install/controller/include/controller/controller/srv/detail/angular_wrench__struct.h\n'}
[27.738106] (controller) StdoutLine: {'line': b'-- Installing: /ros_ws/src/install/controller/include/controller/controller/srv/detail/angular_wrench__functions.c\n'}
[27.738164] (controller) StdoutLine: {'line': b'-- Installing: /ros_ws/src/install/controller/include/controller/controller/srv/detail/linear_wrench__functions.h\n'}
[27.738209] (controller) StdoutLine: {'line': b'-- Installing: /ros_ws/src/install/controller/include/controller/controller/srv/linear_wrench.h\n'}
[27.738267] (controller) StdoutLine: {'line': b'-- Installing: /ros_ws/src/install/controller/include/controller/controller/srv/angular_wrench.h\n'}
[27.738311] (controller) StdoutLine: {'line': b'-- Installing: /ros_ws/src/install/controller/share/controller/environment/library_path.sh\n'}
[27.738355] (controller) StdoutLine: {'line': b'-- Installing: /ros_ws/src/install/controller/share/controller/environment/library_path.dsv\n'}
[27.738399] (controller) StdoutLine: {'line': b'-- Installing: /ros_ws/src/install/controller/lib/libcontroller__rosidl_generator_c.so\n'}
[27.738442] (controller) StdoutLine: {'line': b'-- Set non-toolchain portion of runtime path of "/ros_ws/src/install/controller/lib/libcontroller__rosidl_generator_c.so" to ""\n'}
[27.738486] (controller) StdoutLine: {'line': b'-- Up-to-date: /ros_ws/src/install/controller/include/controller/controller\n'}
[27.738529] (controller) StdoutLine: {'line': b'-- Up-to-date: /ros_ws/src/install/controller/include/controller/controller/msg\n'}
[27.738570] (controller) StdoutLine: {'line': b'-- Installing: /ros_ws/src/install/controller/include/controller/controller/msg/rosidl_typesupport_fastrtps_c__visibility_control.h\n'}
[27.738631] (controller) StdoutLine: {'line': b'-- Up-to-date: /ros_ws/src/install/controller/include/controller/controller/msg/detail\n'}
[27.738714] (controller) StdoutLine: {'line': b'-- Installing: /ros_ws/src/install/controller/include/controller/controller/msg/detail/uvector__rosidl_typesupport_fastrtps_c.h\n'}
[27.738760] (controller) StdoutLine: {'line': b'-- Installing: /ros_ws/src/install/controller/include/controller/controller/msg/detail/motor_speed__rosidl_typesupport_fastrtps_c.h\n'}
[27.738811] (controller) StdoutLine: {'line': b'-- Installing: /ros_ws/src/install/controller/include/controller/controller/msg/detail/error_msg__rosidl_typesupport_fastrtps_c.h\n'}
[27.738858] (controller) StdoutLine: {'line': b'-- Installing: /ros_ws/src/install/controller/include/controller/controller/msg/detail/pose__rosidl_typesupport_fastrtps_c.h\n'}
[27.738919] (controller) StdoutLine: {'line': b'-- Up-to-date: /ros_ws/src/install/controller/include/controller/controller/srv\n'}
[27.738961] (controller) StdoutLine: {'line': b'-- Up-to-date: /ros_ws/src/install/controller/include/controller/controller/srv/detail\n'}
[27.739005] (controller) StdoutLine: {'line': b'-- Installing: /ros_ws/src/install/controller/include/controller/controller/srv/detail/angular_wrench__rosidl_typesupport_fastrtps_c.h\n'}
[27.739048] (controller) StdoutLine: {'line': b'-- Installing: /ros_ws/src/install/controller/include/controller/controller/srv/detail/linear_wrench__rosidl_typesupport_fastrtps_c.h\n'}
[27.739113] (controller) StdoutLine: {'line': b'-- Installing: /ros_ws/src/install/controller/lib/libcontroller__rosidl_typesupport_fastrtps_c.so\n'}
[27.739158] (controller) StdoutLine: {'line': b'-- Set non-toolchain portion of runtime path of "/ros_ws/src/install/controller/lib/libcontroller__rosidl_typesupport_fastrtps_c.so" to ""\n'}
[27.739227] (controller) StdoutLine: {'line': b'-- Up-to-date: /ros_ws/src/install/controller/include/controller/controller\n'}
[27.739272] (controller) StdoutLine: {'line': b'-- Up-to-date: /ros_ws/src/install/controller/include/controller/controller/msg\n'}
[27.739318] (controller) StdoutLine: {'line': b'-- Installing: /ros_ws/src/install/controller/include/controller/controller/msg/uvector.hpp\n'}
[27.739362] (controller) StdoutLine: {'line': b'-- Up-to-date: /ros_ws/src/install/controller/include/controller/controller/msg/detail\n'}
[27.739406] (controller) StdoutLine: {'line': b'-- Installing: /ros_ws/src/install/controller/include/controller/controller/msg/detail/error_msg__builder.hpp\n'}
[27.739450] (controller) StdoutLine: {'line': b'-- Installing: /ros_ws/src/install/controller/include/controller/controller/msg/detail/error_msg__traits.hpp\n'}
[27.739516] (controller) StdoutLine: {'line': b'-- Installing: /ros_ws/src/install/controller/include/controller/controller/msg/detail/motor_speed__traits.hpp\n'}
[27.739559] (controller) StdoutLine: {'line': b'-- Installing: /ros_ws/src/install/controller/include/controller/controller/msg/detail/motor_speed__builder.hpp\n'}
[27.739622] (controller) StdoutLine: {'line': b'-- Installing: /ros_ws/src/install/controller/include/controller/controller/msg/detail/uvector__builder.hpp\n'}
[27.739667] (controller) StdoutLine: {'line': b'-- Installing: /ros_ws/src/install/controller/include/controller/controller/msg/detail/pose__type_support.hpp\n'}
[27.739724] (controller) StdoutLine: {'line': b'-- Installing: /ros_ws/src/install/controller/include/controller/controller/msg/detail/error_msg__struct.hpp\n'}
[27.739769] (controller) StdoutLine: {'line': b'-- Installing: /ros_ws/src/install/controller/include/controller/controller/msg/detail/pose__traits.hpp\n'}
[27.739813] (controller) StdoutLine: {'line': b'-- Installing: /ros_ws/src/install/controller/include/controller/controller/msg/detail/uvector__struct.hpp\n'}
[27.739856] (controller) StdoutLine: {'line': b'-- Installing: /ros_ws/src/install/controller/include/controller/controller/msg/detail/uvector__traits.hpp\n'}
[27.739899] (controller) StdoutLine: {'line': b'-- Installing: /ros_ws/src/install/controller/include/controller/controller/msg/detail/motor_speed__struct.hpp\n'}
[27.739962] (controller) StdoutLine: {'line': b'-- Installing: /ros_ws/src/install/controller/include/controller/controller/msg/detail/motor_speed__type_support.hpp\n'}
[27.740018] (controller) StdoutLine: {'line': b'-- Installing: /ros_ws/src/install/controller/include/controller/controller/msg/detail/pose__builder.hpp\n'}
[27.740063] (controller) StdoutLine: {'line': b'-- Installing: /ros_ws/src/install/controller/include/controller/controller/msg/detail/pose__struct.hpp\n'}
[27.740107] (controller) StdoutLine: {'line': b'-- Installing: /ros_ws/src/install/controller/include/controller/controller/msg/detail/uvector__type_support.hpp\n'}
[27.740150] (controller) StdoutLine: {'line': b'-- Installing: /ros_ws/src/install/controller/include/controller/controller/msg/detail/error_msg__type_support.hpp\n'}
[27.740194] (controller) StdoutLine: {'line': b'-- Installing: /ros_ws/src/install/controller/include/controller/controller/msg/error_msg.hpp\n'}
[27.740238] (controller) StdoutLine: {'line': b'-- Installing: /ros_ws/src/install/controller/include/controller/controller/msg/motor_speed.hpp\n'}
[27.740306] (controller) StdoutLine: {'line': b'-- Installing: /ros_ws/src/install/controller/include/controller/controller/msg/rosidl_generator_cpp__visibility_control.hpp\n'}
[27.740350] (controller) StdoutLine: {'line': b'-- Installing: /ros_ws/src/install/controller/include/controller/controller/msg/pose.hpp\n'}
[27.740415] (controller) StdoutLine: {'line': b'-- Up-to-date: /ros_ws/src/install/controller/include/controller/controller/srv\n'}
[27.740458] (controller) StdoutLine: {'line': b'-- Installing: /ros_ws/src/install/controller/include/controller/controller/srv/angular_wrench.hpp\n'}
[27.740513] (controller) StdoutLine: {'line': b'-- Up-to-date: /ros_ws/src/install/controller/include/controller/controller/srv/detail\n'}
[27.740556] (controller) StdoutLine: {'line': b'-- Installing: /ros_ws/src/install/controller/include/controller/controller/srv/detail/angular_wrench__struct.hpp\n'}
[27.740608] (controller) StdoutLine: {'line': b'-- Installing: /ros_ws/src/install/controller/include/controller/controller/srv/detail/linear_wrench__struct.hpp\n'}
[27.740651] (controller) StdoutLine: {'line': b'-- Installing: /ros_ws/src/install/controller/include/controller/controller/srv/detail/angular_wrench__type_support.hpp\n'}
[27.740694] (controller) StdoutLine: {'line': b'-- Installing: /ros_ws/src/install/controller/include/controller/controller/srv/detail/angular_wrench__traits.hpp\n'}
[27.740735] (controller) StdoutLine: {'line': b'-- Installing: /ros_ws/src/install/controller/include/controller/controller/srv/detail/linear_wrench__type_support.hpp\n'}
[27.740776] (controller) StdoutLine: {'line': b'-- Installing: /ros_ws/src/install/controller/include/controller/controller/srv/detail/linear_wrench__builder.hpp\n'}
[27.740819] (controller) StdoutLine: {'line': b'-- Installing: /ros_ws/src/install/controller/include/controller/controller/srv/detail/linear_wrench__traits.hpp\n'}
[27.740863] (controller) StdoutLine: {'line': b'-- Installing: /ros_ws/src/install/controller/include/controller/controller/srv/detail/angular_wrench__builder.hpp\n'}
[27.740909] (controller) StdoutLine: {'line': b'-- Installing: /ros_ws/src/install/controller/include/controller/controller/srv/linear_wrench.hpp\n'}
[27.740954] (controller) StdoutLine: {'line': b'-- Up-to-date: /ros_ws/src/install/controller/include/controller/controller\n'}
[27.740997] (controller) StdoutLine: {'line': b'-- Up-to-date: /ros_ws/src/install/controller/include/controller/controller/msg\n'}
[27.741040] (controller) StdoutLine: {'line': b'-- Installing: /ros_ws/src/install/controller/include/controller/controller/msg/rosidl_typesupport_fastrtps_cpp__visibility_control.h\n'}
[27.741084] (controller) StdoutLine: {'line': b'-- Up-to-date: /ros_ws/src/install/controller/include/controller/controller/msg/detail\n'}
[27.741128] (controller) StdoutLine: {'line': b'-- Installing: /ros_ws/src/install/controller/include/controller/controller/msg/detail/pose__rosidl_typesupport_fastrtps_cpp.hpp\n'}
[27.741172] (controller) StdoutLine: {'line': b'-- Installing: /ros_ws/src/install/controller/include/controller/controller/msg/detail/dds_fastrtps\n'}
[27.741216] (controller) StdoutLine: {'line': b'-- Installing: /ros_ws/src/install/controller/include/controller/controller/msg/detail/motor_speed__rosidl_typesupport_fastrtps_cpp.hpp\n'}
[27.741259] (controller) StdoutLine: {'line': b'-- Installing: /ros_ws/src/install/controller/include/controller/controller/msg/detail/uvector__rosidl_typesupport_fastrtps_cpp.hpp\n'}
[27.741302] (controller) StdoutLine: {'line': b'-- Installing: /ros_ws/src/install/controller/include/controller/controller/msg/detail/error_msg__rosidl_typesupport_fastrtps_cpp.hpp\n'}
[27.741344] (controller) StdoutLine: {'line': b'-- Up-to-date: /ros_ws/src/install/controller/include/controller/controller/srv\n'}
[27.741426] (controller) StdoutLine: {'line': b'-- Up-to-date: /ros_ws/src/install/controller/include/controller/controller/srv/detail\n'}
[27.741471] (controller) StdoutLine: {'line': b'-- Installing: /ros_ws/src/install/controller/include/controller/controller/srv/detail/angular_wrench__rosidl_typesupport_fastrtps_cpp.hpp\n'}
[27.741516] (controller) StdoutLine: {'line': b'-- Installing: /ros_ws/src/install/controller/include/controller/controller/srv/detail/dds_fastrtps\n'}
[27.741560] (controller) StdoutLine: {'line': b'-- Installing: /ros_ws/src/install/controller/include/controller/controller/srv/detail/linear_wrench__rosidl_typesupport_fastrtps_cpp.hpp\n'}
[27.741604] (controller) StdoutLine: {'line': b'-- Installing: /ros_ws/src/install/controller/lib/libcontroller__rosidl_typesupport_fastrtps_cpp.so\n'}
[27.741672] (controller) StdoutLine: {'line': b'-- Set non-toolchain portion of runtime path of "/ros_ws/src/install/controller/lib/libcontroller__rosidl_typesupport_fastrtps_cpp.so" to ""\n'}
[27.741717] (controller) StdoutLine: {'line': b'-- Up-to-date: /ros_ws/src/install/controller/include/controller/controller\n'}
[27.741762] (controller) StdoutLine: {'line': b'-- Up-to-date: /ros_ws/src/install/controller/include/controller/controller/msg\n'}
[27.741806] (controller) StdoutLine: {'line': b'-- Installing: /ros_ws/src/install/controller/include/controller/controller/msg/rosidl_typesupport_introspection_c__visibility_control.h\n'}
[27.741870] (controller) StdoutLine: {'line': b'-- Up-to-date: /ros_ws/src/install/controller/include/controller/controller/msg/detail\n'}
[27.741932] (controller) StdoutLine: {'line': b'-- Up-to-date: /ros_ws/src/install/controller/include/controller/controller/msg/detail/uvector__type_support.c\n'}
[27.741979] (controller) StdoutLine: {'line': b'-- Installing: /ros_ws/src/install/controller/include/controller/controller/msg/detail/pose__rosidl_typesupport_introspection_c.h\n'}
[27.742030] (controller) StdoutLine: {'line': b'-- Installing: /ros_ws/src/install/controller/include/controller/controller/msg/detail/uvector__rosidl_typesupport_introspection_c.h\n'}
[27.742074] (controller) StdoutLine: {'line': b'-- Up-to-date: /ros_ws/src/install/controller/include/controller/controller/msg/detail/error_msg__type_support.c\n'}
[27.742118] (controller) StdoutLine: {'line': b'-- Installing: /ros_ws/src/install/controller/include/controller/controller/msg/detail/motor_speed__rosidl_typesupport_introspection_c.h\n'}
[27.742162] (controller) StdoutLine: {'line': b'-- Up-to-date: /ros_ws/src/install/controller/include/controller/controller/msg/detail/motor_speed__type_support.c\n'}
[27.742223] (controller) StdoutLine: {'line': b'-- Up-to-date: /ros_ws/src/install/controller/include/controller/controller/msg/detail/pose__type_support.c\n'}
[27.742269] (controller) StdoutLine: {'line': b'-- Installing: /ros_ws/src/install/controller/include/controller/controller/msg/detail/error_msg__rosidl_typesupport_introspection_c.h\n'}
[27.742313] (controller) StdoutLine: {'line': b'-- Up-to-date: /ros_ws/src/install/controller/include/controller/controller/srv\n'}
[27.742357] (controller) StdoutLine: {'line': b'-- Up-to-date: /ros_ws/src/install/controller/include/controller/controller/srv/detail\n'}
[27.742401] (controller) StdoutLine: {'line': b'-- Up-to-date: /ros_ws/src/install/controller/include/controller/controller/srv/detail/angular_wrench__type_support.c\n'}
[27.742452] (controller) StdoutLine: {'line': b'-- Up-to-date: /ros_ws/src/install/controller/include/controller/controller/srv/detail/linear_wrench__type_support.c\n'}
[27.742496] (controller) StdoutLine: {'line': b'-- Installing: /ros_ws/src/install/controller/include/controller/controller/srv/detail/linear_wrench__rosidl_typesupport_introspection_c.h\n'}
[27.742540] (controller) StdoutLine: {'line': b'-- Installing: /ros_ws/src/install/controller/include/controller/controller/srv/detail/angular_wrench__rosidl_typesupport_introspection_c.h\n'}
[27.742595] (controller) StdoutLine: {'line': b'-- Installing: /ros_ws/src/install/controller/lib/libcontroller__rosidl_typesupport_introspection_c.so\n'}
[27.742636] (controller) StdoutLine: {'line': b'-- Set non-toolchain portion of runtime path of "/ros_ws/src/install/controller/lib/libcontroller__rosidl_typesupport_introspection_c.so" to ""\n'}
[27.742678] (controller) StdoutLine: {'line': b'-- Installing: /ros_ws/src/install/controller/lib/libcontroller__rosidl_typesupport_c.so\n'}
[27.742720] (controller) StdoutLine: {'line': b'-- Set non-toolchain portion of runtime path of "/ros_ws/src/install/controller/lib/libcontroller__rosidl_typesupport_c.so" to ""\n'}
[27.742763] (controller) StdoutLine: {'line': b'-- Up-to-date: /ros_ws/src/install/controller/include/controller/controller\n'}
[27.742807] (controller) StdoutLine: {'line': b'-- Up-to-date: /ros_ws/src/install/controller/include/controller/controller/msg\n'}
[27.742864] (controller) StdoutLine: {'line': b'-- Up-to-date: /ros_ws/src/install/controller/include/controller/controller/msg/detail\n'}
[27.742909] (controller) StdoutLine: {'line': b'-- Installing: /ros_ws/src/install/controller/include/controller/controller/msg/detail/motor_speed__type_support.cpp\n'}
[27.742953] (controller) StdoutLine: {'line': b'-- Installing: /ros_ws/src/install/controller/include/controller/controller/msg/detail/pose__rosidl_typesupport_introspection_cpp.hpp\n'}
[27.742997] (controller) StdoutLine: {'line': b'-- Installing: /ros_ws/src/install/controller/include/controller/controller/msg/detail/uvector__rosidl_typesupport_introspection_cpp.hpp\n'}
[27.743041] (controller) StdoutLine: {'line': b'-- Installing: /ros_ws/src/install/controller/include/controller/controller/msg/detail/error_msg__type_support.cpp\n'}
[27.743105] (controller) StdoutLine: {'line': b'-- Installing: /ros_ws/src/install/controller/include/controller/controller/msg/detail/motor_speed__rosidl_typesupport_introspection_cpp.hpp\n'}
[27.743153] (controller) StdoutLine: {'line': b'-- Installing: /ros_ws/src/install/controller/include/controller/controller/msg/detail/uvector__type_support.cpp\n'}
[27.743204] (controller) StdoutLine: {'line': b'-- Installing: /ros_ws/src/install/controller/include/controller/controller/msg/detail/pose__type_support.cpp\n'}
[27.743248] (controller) StdoutLine: {'line': b'-- Installing: /ros_ws/src/install/controller/include/controller/controller/msg/detail/error_msg__rosidl_typesupport_introspection_cpp.hpp\n'}
[27.743292] (controller) StdoutLine: {'line': b'-- Up-to-date: /ros_ws/src/install/controller/include/controller/controller/srv\n'}
[27.743354] (controller) StdoutLine: {'line': b'-- Up-to-date: /ros_ws/src/install/controller/include/controller/controller/srv/detail\n'}
[27.743398] (controller) StdoutLine: {'line': b'-- Installing: /ros_ws/src/install/controller/include/controller/controller/srv/detail/angular_wrench__type_support.cpp\n'}
[27.743442] (controller) StdoutLine: {'line': b'-- Installing: /ros_ws/src/install/controller/include/controller/controller/srv/detail/linear_wrench__rosidl_typesupport_introspection_cpp.hpp\n'}
[27.743486] (controller) StdoutLine: {'line': b'-- Installing: /ros_ws/src/install/controller/include/controller/controller/srv/detail/angular_wrench__rosidl_typesupport_introspection_cpp.hpp\n'}
[27.743531] (controller) StdoutLine: {'line': b'-- Installing: /ros_ws/src/install/controller/include/controller/controller/srv/detail/linear_wrench__type_support.cpp\n'}
[27.743575] (controller) StdoutLine: {'line': b'-- Installing: /ros_ws/src/install/controller/lib/libcontroller__rosidl_typesupport_introspection_cpp.so\n'}
[27.743641] (controller) StdoutLine: {'line': b'-- Set non-toolchain portion of runtime path of "/ros_ws/src/install/controller/lib/libcontroller__rosidl_typesupport_introspection_cpp.so" to ""\n'}
[27.743684] (controller) StdoutLine: {'line': b'-- Installing: /ros_ws/src/install/controller/lib/libcontroller__rosidl_typesupport_cpp.so\n'}
[27.743738] (controller) StdoutLine: {'line': b'-- Set non-toolchain portion of runtime path of "/ros_ws/src/install/controller/lib/libcontroller__rosidl_typesupport_cpp.so" to ""\n'}
[27.743782] (controller) StdoutLine: {'line': b'-- Installing: /ros_ws/src/install/controller/share/controller/environment/pythonpath.sh\n'}
[27.743828] (controller) StdoutLine: {'line': b'-- Installing: /ros_ws/src/install/controller/share/controller/environment/pythonpath.dsv\n'}
[27.743872] (controller) StdoutLine: {'line': b'-- Installing: /ros_ws/src/install/controller/lib/python3.12/site-packages/controller-0.1.0-py3.12.egg-info\n'}
[27.743916] (controller) StdoutLine: {'line': b'-- Installing: /ros_ws/src/install/controller/lib/python3.12/site-packages/controller-0.1.0-py3.12.egg-info/dependency_links.txt\n'}
[27.743976] (controller) StdoutLine: {'line': b'-- Installing: /ros_ws/src/install/controller/lib/python3.12/site-packages/controller-0.1.0-py3.12.egg-info/SOURCES.txt\n'}
[27.744022] (controller) StdoutLine: {'line': b'-- Installing: /ros_ws/src/install/controller/lib/python3.12/site-packages/controller-0.1.0-py3.12.egg-info/top_level.txt\n'}
[27.744066] (controller) StdoutLine: {'line': b'-- Installing: /ros_ws/src/install/controller/lib/python3.12/site-packages/controller-0.1.0-py3.12.egg-info/PKG-INFO\n'}
[27.744120] (controller) StdoutLine: {'line': b'-- Installing: /ros_ws/src/install/controller/lib/python3.12/site-packages/controller\n'}
[27.744162] (controller) StdoutLine: {'line': b'-- Installing: /ros_ws/src/install/controller/lib/python3.12/site-packages/controller/_controller_s.ep.rosidl_typesupport_introspection_c.c\n'}
[27.744204] (controller) StdoutLine: {'line': b'-- Installing: /ros_ws/src/install/controller/lib/python3.12/site-packages/controller/_controller_s.ep.rosidl_typesupport_c.c\n'}
[27.744245] (controller) StdoutLine: {'line': b'-- Installing: /ros_ws/src/install/controller/lib/python3.12/site-packages/controller/msg\n'}
[27.744286] (controller) StdoutLine: {'line': b'-- Installing: /ros_ws/src/install/controller/lib/python3.12/site-packages/controller/msg/_pose.py\n'}
[27.744341] (controller) StdoutLine: {'line': b'-- Installing: /ros_ws/src/install/controller/lib/python3.12/site-packages/controller/msg/_pose_s.c\n'}
[27.744383] (controller) StdoutLine: {'line': b'-- Installing: /ros_ws/src/install/controller/lib/python3.12/site-packages/controller/msg/_motor_speed.py\n'}
[27.744423] (controller) StdoutLine: {'line': b'-- Installing: /ros_ws/src/install/controller/lib/python3.12/site-packages/controller/msg/_uvector.py\n'}
[27.744464] (controller) StdoutLine: {'line': b'-- Installing: /ros_ws/src/install/controller/lib/python3.12/site-packages/controller/msg/_motor_speed_s.c\n'}
[27.744504] (controller) StdoutLine: {'line': b'-- Installing: /ros_ws/src/install/controller/lib/python3.12/site-packages/controller/msg/_error_msg.py\n'}
[27.744545] (controller) StdoutLine: {'line': b'-- Installing: /ros_ws/src/install/controller/lib/python3.12/site-packages/controller/msg/__init__.py\n'}
[27.744588] (controller) StdoutLine: {'line': b'-- Installing: /ros_ws/src/install/controller/lib/python3.12/site-packages/controller/msg/_uvector_s.c\n'}
[27.744629] (controller) StdoutLine: {'line': b'-- Installing: /ros_ws/src/install/controller/lib/python3.12/site-packages/controller/msg/_error_msg_s.c\n'}
[27.744671] (controller) StdoutLine: {'line': b'-- Installing: /ros_ws/src/install/controller/lib/python3.12/site-packages/controller/controller_s__rosidl_typesupport_introspection_c.so\n'}
[27.744712] (controller) StdoutLine: {'line': b'-- Installing: /ros_ws/src/install/controller/lib/python3.12/site-packages/controller/controller_s__rosidl_typesupport_fastrtps_c.so\n'}
[27.744754] (controller) StdoutLine: {'line': b'-- Installing: /ros_ws/src/install/controller/lib/python3.12/site-packages/controller/__init__.py\n'}
[27.744795] (controller) StdoutLine: {'line': b'-- Installing: /ros_ws/src/install/controller/lib/python3.12/site-packages/controller/controller_s__rosidl_typesupport_c.so\n'}
[27.744842] (controller) StdoutLine: {'line': b'-- Installing: /ros_ws/src/install/controller/lib/python3.12/site-packages/controller/srv\n'}
[27.744884] (controller) StdoutLine: {'line': b'-- Installing: /ros_ws/src/install/controller/lib/python3.12/site-packages/controller/srv/_linear_wrench_s.c\n'}
[27.744926] (controller) StdoutLine: {'line': b'-- Installing: /ros_ws/src/install/controller/lib/python3.12/site-packages/controller/srv/_angular_wrench_s.c\n'}
[27.744968] (controller) StdoutLine: {'line': b'-- Installing: /ros_ws/src/install/controller/lib/python3.12/site-packages/controller/srv/__init__.py\n'}
[27.745009] (controller) StdoutLine: {'line': b'-- Installing: /ros_ws/src/install/controller/lib/python3.12/site-packages/controller/srv/_linear_wrench.py\n'}
[27.745051] (controller) StdoutLine: {'line': b'-- Installing: /ros_ws/src/install/controller/lib/python3.12/site-packages/controller/srv/_angular_wrench.py\n'}
[27.745092] (controller) StdoutLine: {'line': b'-- Installing: /ros_ws/src/install/controller/lib/python3.12/site-packages/controller/_controller_s.ep.rosidl_typesupport_fastrtps_c.c\n'}
[27.773633] (-) TimerEvent: {}
[27.777629] (controller) StdoutLine: {'line': b"Listing '/ros_ws/src/install/controller/lib/python3.12/site-packages/controller'...\n"}
[27.777720] (controller) StdoutLine: {'line': b"Compiling '/ros_ws/src/install/controller/lib/python3.12/site-packages/controller/__init__.py'...\n"}
[27.777770] (controller) StdoutLine: {'line': b"Listing '/ros_ws/src/install/controller/lib/python3.12/site-packages/controller/msg'...\n"}
[27.777819] (controller) StdoutLine: {'line': b"Compiling '/ros_ws/src/install/controller/lib/python3.12/site-packages/controller/msg/__init__.py'...\n"}
[27.777897] (controller) StdoutLine: {'line': b"Compiling '/ros_ws/src/install/controller/lib/python3.12/site-packages/controller/msg/_error_msg.py'...\n"}
[27.777943] (controller) StdoutLine: {'line': b"Compiling '/ros_ws/src/install/controller/lib/python3.12/site-packages/controller/msg/_motor_speed.py'...\n"}
[27.777994] (controller) StdoutLine: {'line': b"Compiling '/ros_ws/src/install/controller/lib/python3.12/site-packages/controller/msg/_pose.py'...\n"}
[27.778035] (controller) StdoutLine: {'line': b"Compiling '/ros_ws/src/install/controller/lib/python3.12/site-packages/controller/msg/_uvector.py'...\n"}
[27.778077] (controller) StdoutLine: {'line': b"Listing '/ros_ws/src/install/controller/lib/python3.12/site-packages/controller/srv'...\n"}
[27.778118] (controller) StdoutLine: {'line': b"Compiling '/ros_ws/src/install/controller/lib/python3.12/site-packages/controller/srv/__init__.py'...\n"}
[27.778159] (controller) StdoutLine: {'line': b"Compiling '/ros_ws/src/install/controller/lib/python3.12/site-packages/controller/srv/_angular_wrench.py'...\n"}
[27.778200] (controller) StdoutLine: {'line': b"Compiling '/ros_ws/src/install/controller/lib/python3.12/site-packages/controller/srv/_linear_wrench.py'...\n"}
[27.781958] (controller) StdoutLine: {'line': b'-- Installing: /ros_ws/src/install/controller/lib/python3.12/site-packages/controller/controller_s__rosidl_typesupport_fastrtps_c.so\n'}
[27.782164] (controller) StdoutLine: {'line': b'-- Set non-toolchain portion of runtime path of "/ros_ws/src/install/controller/lib/python3.12/site-packages/controller/controller_s__rosidl_typesupport_fastrtps_c.so" to ""\n'}
[27.782374] (controller) StdoutLine: {'line': b'-- Installing: /ros_ws/src/install/controller/lib/python3.12/site-packages/controller/controller_s__rosidl_typesupport_introspection_c.so\n'}
[27.782527] (controller) StdoutLine: {'line': b'-- Set non-toolchain portion of runtime path of "/ros_ws/src/install/controller/lib/python3.12/site-packages/controller/controller_s__rosidl_typesupport_introspection_c.so" to ""\n'}
[27.782597] (controller) StdoutLine: {'line': b'-- Installing: /ros_ws/src/install/controller/lib/python3.12/site-packages/controller/controller_s__rosidl_typesupport_c.so\n'}
[27.782689] (controller) StdoutLine: {'line': b'-- Set non-toolchain portion of runtime path of "/ros_ws/src/install/controller/lib/python3.12/site-packages/controller/controller_s__rosidl_typesupport_c.so" to ""\n'}
[27.782766] (controller) StdoutLine: {'line': b'-- Installing: /ros_ws/src/install/controller/lib/libcontroller__rosidl_generator_py.so\n'}
[27.783014] (controller) StdoutLine: {'line': b'-- Set non-toolchain portion of runtime path of "/ros_ws/src/install/controller/lib/libcontroller__rosidl_generator_py.so" to ""\n'}
[27.783091] (controller) StdoutLine: {'line': b'-- Installing: /ros_ws/src/install/controller/share/controller/msg/MotorSpeed.idl\n'}
[27.783168] (controller) StdoutLine: {'line': b'-- Installing: /ros_ws/src/install/controller/share/controller/msg/Pose.idl\n'}
[27.783244] (controller) StdoutLine: {'line': b'-- Installing: /ros_ws/src/install/controller/share/controller/msg/Uvector.idl\n'}
[27.783319] (controller) StdoutLine: {'line': b'-- Installing: /ros_ws/src/install/controller/share/controller/msg/ErrorMsg.idl\n'}
[27.783399] (controller) StdoutLine: {'line': b'-- Installing: /ros_ws/src/install/controller/share/controller/srv/AngularWrench.idl\n'}
[27.783470] (controller) StdoutLine: {'line': b'-- Installing: /ros_ws/src/install/controller/share/controller/srv/LinearWrench.idl\n'}
[27.783549] (controller) StdoutLine: {'line': b'-- Installing: /ros_ws/src/install/controller/share/controller/msg/MotorSpeed.msg\n'}
[27.783610] (controller) StdoutLine: {'line': b'-- Installing: /ros_ws/src/install/controller/share/controller/msg/Pose.msg\n'}
[27.783690] (controller) StdoutLine: {'line': b'-- Installing: /ros_ws/src/install/controller/share/controller/msg/Uvector.msg\n'}
[27.783749] (controller) StdoutLine: {'line': b'-- Installing: /ros_ws/src/install/controller/share/controller/msg/ErrorMsg.msg\n'}
[27.783825] (controller) StdoutLine: {'line': b'-- Installing: /ros_ws/src/install/controller/share/controller/srv/AngularWrench.srv\n'}
[27.783904] (controller) StdoutLine: {'line': b'-- Installing: /ros_ws/src/install/controller/share/controller/srv/LinearWrench.srv\n'}
[27.783974] (controller) StdoutLine: {'line': b'-- Installing: /ros_ws/src/install/controller/lib/controller/controller_node\n'}
[27.797838] (controller) StdoutLine: {'line': b'-- Set non-toolchain portion of runtime path of "/ros_ws/src/install/controller/lib/controller/controller_node" to ""\n'}
[27.797934] (controller) StdoutLine: {'line': b'-- Installing: /ros_ws/src/install/controller/share/controller//launch\n'}
[27.797993] (controller) StdoutLine: {'line': b'-- Installing: /ros_ws/src/install/controller/share/controller//launch/control.launch.py\n'}
[27.798040] (controller) StdoutLine: {'line': b'-- Installing: /ros_ws/src/install/controller/share/ament_index/resource_index/package_run_dependencies/controller\n'}
[27.798178] (controller) StdoutLine: {'line': b'-- Installing: /ros_ws/src/install/controller/share/ament_index/resource_index/parent_prefix_path/controller\n'}
[27.798365] (controller) StdoutLine: {'line': b'-- Installing: /ros_ws/src/install/controller/share/controller/environment/ament_prefix_path.sh\n'}
[27.798472] (controller) StdoutLine: {'line': b'-- Installing: /ros_ws/src/install/controller/share/controller/environment/ament_prefix_path.dsv\n'}
[27.798557] (controller) StdoutLine: {'line': b'-- Installing: /ros_ws/src/install/controller/share/controller/environment/path.sh\n'}
[27.798630] (controller) StdoutLine: {'line': b'-- Installing: /ros_ws/src/install/controller/share/controller/environment/path.dsv\n'}
[27.798702] (controller) StdoutLine: {'line': b'-- Installing: /ros_ws/src/install/controller/share/controller/local_setup.bash\n'}
[27.798750] (controller) StdoutLine: {'line': b'-- Installing: /ros_ws/src/install/controller/share/controller/local_setup.sh\n'}
[27.798797] (controller) StdoutLine: {'line': b'-- Installing: /ros_ws/src/install/controller/share/controller/local_setup.zsh\n'}
[27.798845] (controller) StdoutLine: {'line': b'-- Installing: /ros_ws/src/install/controller/share/controller/local_setup.dsv\n'}
[27.798912] (controller) StdoutLine: {'line': b'-- Installing: /ros_ws/src/install/controller/share/controller/package.dsv\n'}
[27.798960] (controller) StdoutLine: {'line': b'-- Installing: /ros_ws/src/install/controller/share/ament_index/resource_index/packages/controller\n'}
[27.799009] (controller) StdoutLine: {'line': b'-- Installing: /ros_ws/src/install/controller/share/controller/cmake/export_controller__rosidl_generator_cExport.cmake\n'}
[27.799057] (controller) StdoutLine: {'line': b'-- Installing: /ros_ws/src/install/controller/share/controller/cmake/export_controller__rosidl_generator_cExport-noconfig.cmake\n'}
[27.799106] (controller) StdoutLine: {'line': b'-- Installing: /ros_ws/src/install/controller/share/controller/cmake/export_controller__rosidl_typesupport_fastrtps_cExport.cmake\n'}
[27.799180] (controller) StdoutLine: {'line': b'-- Installing: /ros_ws/src/install/controller/share/controller/cmake/export_controller__rosidl_typesupport_fastrtps_cExport-noconfig.cmake\n'}
[27.799236] (controller) StdoutLine: {'line': b'-- Installing: /ros_ws/src/install/controller/share/controller/cmake/export_controller__rosidl_generator_cppExport.cmake\n'}
[27.799294] (controller) StdoutLine: {'line': b'-- Installing: /ros_ws/src/install/controller/share/controller/cmake/export_controller__rosidl_typesupport_fastrtps_cppExport.cmake\n'}
[27.799342] (controller) StdoutLine: {'line': b'-- Installing: /ros_ws/src/install/controller/share/controller/cmake/export_controller__rosidl_typesupport_fastrtps_cppExport-noconfig.cmake\n'}
[27.799390] (controller) StdoutLine: {'line': b'-- Installing: /ros_ws/src/install/controller/share/controller/cmake/controller__rosidl_typesupport_introspection_cExport.cmake\n'}
[27.799437] (controller) StdoutLine: {'line': b'-- Installing: /ros_ws/src/install/controller/share/controller/cmake/controller__rosidl_typesupport_introspection_cExport-noconfig.cmake\n'}
[27.799485] (controller) StdoutLine: {'line': b'-- Installing: /ros_ws/src/install/controller/share/controller/cmake/controller__rosidl_typesupport_cExport.cmake\n'}
[27.799534] (controller) StdoutLine: {'line': b'-- Installing: /ros_ws/src/install/controller/share/controller/cmake/controller__rosidl_typesupport_cExport-noconfig.cmake\n'}
[27.799581] (controller) StdoutLine: {'line': b'-- Installing: /ros_ws/src/install/controller/share/controller/cmake/controller__rosidl_typesupport_introspection_cppExport.cmake\n'}
[27.799644] (controller) StdoutLine: {'line': b'-- Installing: /ros_ws/src/install/controller/share/controller/cmake/controller__rosidl_typesupport_introspection_cppExport-noconfig.cmake\n'}
[27.799722] (controller) StdoutLine: {'line': b'-- Installing: /ros_ws/src/install/controller/share/controller/cmake/controller__rosidl_typesupport_cppExport.cmake\n'}
[27.799781] (controller) StdoutLine: {'line': b'-- Installing: /ros_ws/src/install/controller/share/controller/cmake/controller__rosidl_typesupport_cppExport-noconfig.cmake\n'}
[27.799830] (controller) StdoutLine: {'line': b'-- Installing: /ros_ws/src/install/controller/share/controller/cmake/export_controller__rosidl_generator_pyExport.cmake\n'}
[27.799882] (controller) StdoutLine: {'line': b'-- Installing: /ros_ws/src/install/controller/share/controller/cmake/export_controller__rosidl_generator_pyExport-noconfig.cmake\n'}
[27.799971] (controller) StdoutLine: {'line': b'-- Installing: /ros_ws/src/install/controller/share/controller/cmake/rosidl_cmake-extras.cmake\n'}
[27.800048] (controller) StdoutLine: {'line': b'-- Installing: /ros_ws/src/install/controller/share/controller/cmake/ament_cmake_export_dependencies-extras.cmake\n'}
[27.800142] (controller) StdoutLine: {'line': b'-- Installing: /ros_ws/src/install/controller/share/controller/cmake/ament_cmake_export_include_directories-extras.cmake\n'}
[27.800212] (controller) StdoutLine: {'line': b'-- Installing: /ros_ws/src/install/controller/share/controller/cmake/ament_cmake_export_libraries-extras.cmake\n'}
[27.800279] (controller) StdoutLine: {'line': b'-- Installing: /ros_ws/src/install/controller/share/controller/cmake/ament_cmake_export_targets-extras.cmake\n'}
[27.800362] (controller) StdoutLine: {'line': b'-- Installing: /ros_ws/src/install/controller/share/controller/cmake/rosidl_cmake_export_typesupport_targets-extras.cmake\n'}
[27.800410] (controller) StdoutLine: {'line': b'-- Installing: /ros_ws/src/install/controller/share/controller/cmake/rosidl_cmake_export_typesupport_libraries-extras.cmake\n'}
[27.800455] (controller) StdoutLine: {'line': b'-- Installing: /ros_ws/src/install/controller/share/controller/cmake/controllerConfig.cmake\n'}
[27.800503] (controller) StdoutLine: {'line': b'-- Installing: /ros_ws/src/install/controller/share/controller/cmake/controllerConfig-version.cmake\n'}
[27.800549] (controller) StdoutLine: {'line': b'-- Installing: /ros_ws/src/install/controller/share/controller/package.xml\n'}
[27.801618] (controller) CommandEnded: {'returncode': 0}
[27.811507] (controller) JobEnded: {'identifier': 'controller', 'rc': 0}
[27.812253] (-) EventReactorShutdown: {}
